:020000040800F2
:1000000000000420E538010885910008939100085C
:10001000999100089F910008A59100080000000038
:10002000000000000000000000000000D1CE000829
:10003000353901080000000031D1000899D10008CD
:1000400035390108353901083539010835390108D4
:1000500035390108353901083539010835390108C4
:1000600035390108353901083539010835390108B4
:1000700035390108FD93000835390108119400084D
:100080003539010835390108353901083539010894
:10009000353901083539010835390108359400082A
:1000A0003539010835390108353901083539010874
:1000B0003539010835390108AD9100083539010895
:1000C0003539010835390108353901083539010854
:1000D00035390108C1930008D59300083539010866
:1000E00025940008353901083539010835390108EA
:1000F0003539010835390108353901083539010824
:10010000000000003539010835390108353901088A
:1001100000000000000000003539010835390108F1
:10012000E9930008353901083539010835390108E6
:1001300035390108353901083539010835390108E3
:1001400035390108353901083539010835390108D3
:1001500035390108353901083539010835390108C3
:1001600035390108353901080000000000000000A1
:10017000000000000000000000000000000000007F
:100180003539010835390108000000000000000081
:100190003539010835390108000000000000000071
:1001A000000000000000000000000000000000004F
:1001B00000000000000000000000000035390108C8
:0401C00035390108C4
:1001D00010B5054C237833B9044B13B10448AFF381
:1001E00000800123237010BD3002002000000000B9
:1001F0006046010808B5034B1BB103490348AFF340
:10020000008008BD000000003402002060460108A4
:100210007BB972B90029BEBF00204FF0004106E053
:1002200008BF00281CBF6FF000414FF0FF3000F006
:10023000BDB9ADF1080C6DE904CE002909DB002B36
:100240001ADB00F04DF8DDF804E0DDE9022304B02C
:100250007047404261EB4101002B1BDB00F040F88E
:10026000DDF804E0DDE9022304B0404261EB410126
:10027000524263EB43037047524263EB430300F087
:100280002FF8DDF804E0DDE9022304B0404261EB21
:1002900041017047524263EB430300F021F8DDF85F
:1002A00004E0DDE9022304B0524263EB43037047EC
:1002B00053B94AB9002908BF00281CBF4FF0FF31CD
:1002C0004FF0FF3000F072B9ADF1080C6DE904CECB
:1002D00000F006F8DDF804E0DDE9022304B0704721
:1002E0002DE9F047089E04468846002B4BD18A42F0
:1002F000154667D9B2FA82F24AB1C2F1200701FA73
:1003000002F320FA07F7954047EA030894404FEAC2
:10031000154E230CB8FBFEF71FFA85FC0EFB178861
:1003200043EA084307FB0CF1994209D9EB1807F19E
:10033000FF3080F01B81994240F21881023F2B442C
:100340005B1AA4B2B3FBFEF00EFB103344EA034485
:1003500000FB0CFCA44509D92C1900F1FF3380F0F7
:100360000781A44540F2048102382C4440EA07404A
:10037000A4EB0C0400271EB1D4400023C6E90043BF
:100380003946BDE8F0878B4209D9002E00F0EB809A
:100390000027C6E9000138463946BDE8F087B3FAC0
:1003A00083F7002F47D18B4202D3824200F2FA80BA
:1003B000841A61EB030301209846002EE0D0C6E9C1
:1003C0000048DDE702B9FFDEB2FA82F2002A40F00F
:1003D0008F80491B4FEA154E1FFA85F80127B1FBA4
:1003E000FEFC230C0EFB1C1143EA014308FB0CF13D
:1003F000994207D9EB180CF1FF3002D2994200F272
:10040000CD808446591AA3B2B1FBFEF00EFB101446
:1004100043EA044408FB00F8A04507D92C1900F171
:10042000FF3302D2A04500F2B6801846A4EB0804C0
:1004300040EA0C409FE7C7F1200CBB4022FA0CFEBB
:100440004EEA030E01FA07F420FA0CF521FA0CF338
:100450004FEA1E482543B3FBF8F92C0C08FB19336F
:100460001FFA8EFA44EA034309FB0AF49C4202FA9B
:1004700007F200FA07F10BD91EEB030309F1FF3075
:1004800080F087809C4240F28480A9F10209734485
:100490001B1BADB2B3FBF8F008FB103345EA034475
:1004A00000FB0AFAA24508D91EEB040400F1FF3351
:1004B0006BD2A24569D90238744440EA0940A0FBD6
:1004C0000289A4EB0A044C45C2464B4654D351D092
:1004D000002E69D0B1EB0A0564EB030404FA0CFCAE
:1004E000FD40FC404CEA0505C6E90054002747E7FB
:1004F000C2F1200320FA03F7954001FA02F021FA35
:1005000003F34FEA154E3843010CB3FBFEF71FFA15
:1005100085F80EFB173341EA034107FB08F38B42D2
:1005200004FA02F407D9691807F1FF3C2FD28B4275
:100530002DD9023F2944CB1A81B2B3FBFEF00EFB4A
:10054000103341EA034100FB08F38B4207D96918D5
:1005500000F1FF3C17D28B4215D902382944C91A41
:1005600040EA07473BE73746304609E70746E7E6F4
:100570001846FBE64145ABD2B8EB020A69EB0E0226
:1005800001381346A4E76046E9E7184695E7674651
:10059000D1E781467CE702382C4447E7ACF1020CF6
:1005A0002B442FE7384608E73746E9E6704700BF97
:1005B00010F8012B11F8013B012A28BF9A42F7D00D
:1005C000D01A7047034613F8012B002AFBD1181AE2
:1005D000013870470000000000000000000000002B
:1005E00001F0FF01102A2BDB10F0070F08D010F8E4
:1005F000013B013A8B422DD010F0070F42B3F6D1E8
:10060000F0B441EA012141EA014122F007047FF000
:1006100000070023F0E80256083C85EA010586EA57
:10062000010685FA47F5A3FA87F586FA47F6A5FA93
:1006300087F68EB9EED1F0BC01F0FF0102F007029F
:1006400032B110F8013B013A83EA010313B1F8D14A
:100650000020704701387047002D06BF354603382B
:10066000073815F0010F07D1013015F4807F02BF64
:10067000013015F4C03F0130F0BC0138704700BFB5
:1006800080B500AF0E4B1B680D4A43F40073136036
:100690000B4B1B680A4A43F480631360084B1B68CA
:1006A000074A43F480731360032000F01CF9002014
:1006B0000CF094FD08F048F90023184680BD00BFF7
:1006C000003C024080B400AF064B1B781A46064B34
:1006D0001B681344044A136000BFBD465DF8047BE9
:1006E000704700BF04000020F091022080B400AFEA
:1006F000034B1B681846BD465DF8047B704700BF7E
:10070000F091022080B584B000AF7860FFF7EEFF73
:10071000B8607B68FB60FB68B3F1FF3F05D0094B15
:100720001B781A46FB681344FB6000BFFFF7DEFF2F
:100730000246BB68D31AFA689A42F7D800BF10374E
:10074000BD4680BD0400002080B485B000AF786055
:100750007B6803F00703FB600C4BDB68BB60BA6887
:100760004FF6FF031340BB60FB681A02BB681343DC
:1007700043F0BF6343F40033BB60044ABB68D360FB
:1007800000BF1437BD465DF8047B704700ED00E004
:1007900080B400AF044BDB681B0A03F00703184664
:1007A000BD465DF8047B704700ED00E080B483B087
:1007B00000AF0346FB7197F90730002B0BDBFB7989
:1007C00003F01F02074997F907305B09012000FA7F
:1007D00002F241F8232000BF0C37BD465DF8047BD0
:1007E000704700BF00E100E080B483B000AF034673
:1007F000FB7197F90730002B10DBFB7903F01F0228
:10080000094997F907305B09012000FA02F2203309
:1008100041F82320BFF34F8FBFF36F8F00BF0C371A
:10082000BD465DF8047B704700E100E080B483B012
:1008300000AF03463960FB7197F90730002B0ADBE4
:100840003B68DAB20C4997F907301201D2B20B4477
:1008500083F800230AE03B68DAB20849FB7903F029
:100860000F03043B1201D2B20B441A7600BF0C37BF
:10087000BD465DF8047B704700E100E000ED00E05C
:1008800080B489B000AFF860B9607A60FB6803F0AB
:100890000703FB61FB69C3F10703042B28BF042393
:1008A000BB61FB690433062B02D9FB69033B00E003
:1008B00000237B614FF0FF32BB6902FA03F3DA4396
:1008C000BB681A407B699A404FF0FF317B6901FA9F
:1008D00003F3D9437B680B40134318462437BD46C6
:1008E0005DF8047B704780B582B000AF78607868AF
:1008F000FFF72AFF00BF0837BD4680BD80B586B030
:1009000000AF0346B9607A60FB7300237B61FFF799
:100910003FFF78617A68B9687869FFF7B1FF0246EE
:1009200097F90F3011461846FFF780FF00BF1837C0
:10093000BD4680BD80B582B000AF0346FB7197F91C
:1009400007301846FFF732FF00BF0837BD4680BDAD
:1009500080B582B000AF0346FB7197F907301846A7
:10096000FFF742FF00BF0837BD4680BD80B586B0A7
:1009700000AF786000237B61FFF7B8FE38617B68C9
:10098000002B01D1012399E07B68002283F83420F9
:100990007B68022283F835207B681B681A687B68B5
:1009A0001B6822F001021A600FE0FFF79FFE02466B
:1009B0003B69D31A052B08D97B6820225A657B68CE
:1009C000032283F83520032378E07B681B681B68CB
:1009D00003F00103002BE8D17B681B681B687B6177
:1009E0007A69384B13407B617B685A687B689B68E7
:1009F0001A437B68DB681A437B681B691A437B6870
:100A00005B691A437B689B691A437B68DB691A43FD
:100A10007B681B6A13437A6913437B617B685B6A5B
:100A2000042B07D17B68DA6A7B681B6B13437A69F6
:100A300013437B617B681B687A691A607B681B685B
:100A40005B697B617B6923F007037B617B685B6A81
:100A50007A6913437B617B685B6A042B17D17B68DF
:100A60009B6A7A6913437B617B68DB6A002B0ED03B
:100A7000786800F0D7FD0346002B08D07B68402241
:100A80005A657B68012283F83520012316E07B68D4
:100A90001B687A695A61786800F08EFD0346FB6036
:100AA0007B68DB6D3F229A40FB689A607B6800227E
:100AB0005A657B68012283F83520002318461837D1
:100AC000BD4680BD3F8010F080B584B000AF786037
:100AD0007B68002B01D1012350E07B6893F835300F
:100AE000DBB2022B01D1022348E07B681B681A6845
:100AF0007B681B6822F001021A607B681B68002279
:100B00001A607B681B6800225A607B681B680022A1
:100B10009A607B681B680022DA607B681B68002291
:100B20001A617B681B6821225A61786800F044FDD5
:100B30000346FB607B680022DA637B6800221A644C
:100B40007B6800225A647B6800229A647B680022DA
:100B5000DA647B6800221A657B68DB6D3F229A406D
:100B6000FB689A607B6800225A657B68002283F8E4
:100B700035207B68002283F8342000231846103784
:100B8000BD4680BD80B586B000AFF860B9607A60C0
:100B90003B600023FB75FB689B6D3B61FB6893F832
:100BA0003430012B01D1022334E0FB68012283F8A9
:100BB0003420FB6893F83530DBB2012B23D1FB687E
:100BC000022283F83520FB6800225A653B687A6868
:100BD000B968F86800F0C2FCFB68DB6D3F229A4000
:100BE0003B699A60FB681B681A68FB681B6842F0E7
:100BF00016021A60FB681B681A68FB681B6842F0E3
:100C000001021A6005E0FB68002283F83420022309
:100C1000FB75FB7D18461837BD4680BD80B584B096
:100C200000AF78607B689B6DFB60FFF75FFDB8608D
:100C30007B6893F83530DBB2022B08D07B688022CA
:100C40005A657B68002283F83420012352E07B68D8
:100C50001B681A687B681B6822F016021A607B68A2
:100C60001B685A697B681B6822F080025A617B68A6
:100C70001B6C002B03D17B689B6C002B07D07B681F
:100C80001B681A687B681B6822F008021A607B6880
:100C90001B681A687B681B6822F001021A6013E067
:100CA000FFF724FD0246BB68D31A052B0CD97B68DD
:100CB00020225A657B68002283F834207B68032257
:100CC00083F83520032315E07B681B681B6803F05D
:100CD0000103002BE4D17B68DB6D3F229A40FB6867
:100CE0009A607B68002283F834207B68012283F8B5
:100CF0003520002318461037BD4680BD80B483B030
:100D000000AF78607B6893F83530DBB2022B04D0FB
:100D10007B6880225A6501230CE07B68052283F8FA
:100D200035207B681B681A687B681B6822F001020B
:100D30001A60002318460C37BD465DF8047B7047E7
:100D400080B586B000AF7860844B7B617B689B6D1B
:100D50003B613B691B68FB607B68DB6D10229A403E
:100D6000FB681340002B4ED07B681B681B6803F0A8
:100D70000803002B3CD07B68DB6D10229A403B6956
:100D80009A607B681B681B6803F48023002B18D0D3
:100D90007B681B681B6803F40023002B08D17B6869
:100DA0001B6C002B24D07B681B6C786898471FE075
:100DB0007B689B6C002B1BD07B689B6C786898478A
:100DC00016E07B681B681B6803F48073002B07D157
:100DD0007B681B681A687B681B6822F008021A602F
:100DE0007B681B6C002B03D07B681B6C7868984772
:100DF0007B695B68002B06D1594B4FF080429A61AA
:100E00007B6901225A747B68DB6D20229A40FB6863
:100E10001340002B00F09E807B681B681B6803F06A
:100E20001003002B00F082807B68DB6D20229A404B
:100E30003B699A607B6893F83530DBB2052B36D17D
:100E40007B681B681A687B681B6822F016021A60B0
:100E50007B681B685A697B681B6822F080025A61B4
:100E60007B681B6C002B03D17B689B6C002B07D02D
:100E70007B681B681A687B681B6822F008021A608E
:100E80007B68DB6D3F229A403B699A607B68002259
:100E900083F834207B68012283F835207B681B6D42
:100EA000002B56D07B681B6D7868984751E07B68B3
:100EB0001B681B6803F48023002B18D07B681B6819
:100EC0001B6803F40023002B08D17B685B6C002BAC
:100ED0002CD07B685B6C7868984727E07B68DB6B7D
:100EE000002B23D07B68DB6B786898471EE07B681B
:100EF0001B681B6803F48073002B0FD17B681B6891
:100F00001A687B681B6822F010021A607B68002256
:100F100083F834207B68012283F835207B68DB6B03
:100F2000002B03D07B68DB6B786898477B695B7C20
:100F3000012B06D17B6900225A747B6900221A7446
:100F400001E007F09DFC074B1B680133054A136065
:100F500000E000BF1837BD4680BD00BFF8960220F4
:100F600000080240F80D032080B586B000AF78601D
:100F70007B689B6D7B617B691B683B617B68DB6D7C
:100F800008229A403B691340002B1AD07B681B68EB
:100F90001B6803F00403002B13D07B681B681A68DE
:100FA0007B681B6822F004021A607B68DB6D0822F4
:100FB0009A407B699A607B685B6D43F001027B68B5
:100FC0005A657B68DB6D20229A403B691340002BF9
:100FD00000F012817B681B681B6803F01003002B74
:100FE00000F083807B68DB6D20229A407B699A60E9
:100FF0007B6893F83530DBB2052B37D17B681B68F3
:101000001A687B681B6822F016021A607B681B68EE
:101010005A697B681B6822F080025A617B681B6CEE
:10102000002B03D17B689B6C002B07D07B681B686F
:101030001A687B681B6822F008021A607B68DB6D07
:101040003F229A407B699A607B68002283F83420B3
:101050007B68012283F835207B681B6D002B00F034
:10106000CA807B681B6D78689847C4E07B681B6802
:101070001B6803F48023002B18D07B681B681B6857
:1010800003F40023002B08D17B685B6C002B2CD071
:101090007B685B6C7868984727E07B68DB6B002B8C
:1010A00023D07B68DB6B786898471EE07B681B6801
:1010B0001B6803F48073002B0FD17B681B681A68D0
:1010C0007B681B6822F010021A607B68002283F89C
:1010D00034207B68012283F835207B68DB6B002B92
:1010E00003D07B68DB6B78689847454B1B78012BF6
:1010F0001BD1434B00221A70424B01221A70424B03
:1011000001221A70414B01229A614149414805F080
:10111000D3F9414B414A3E49072005F013FA3F48B5
:1011200006F0AAF806F054FB66E0384B4FF4004294
:101130009A61354B01221A7006F01EF906F050FC38
:10114000374B00229A75364B0022DA75354BFB601F
:10115000354B1B881B0A9BB21946FB685A1CFA6068
:101160001B784B40DBB2BB602F4B1B881B021AB2B3
:101170002E49BB6831F813301BB253401BB29AB2F0
:10118000294B1A80284B1B881B0A9BB21946FB6807
:101190005A1CFA601B784B40DBB2BB60224B1B88A9
:1011A0001B021AB22149BB6831F813301BB25340FD
:1011B0001BB29AB21C4B1A801D4A1B4B1B88194646
:1011C000104608F0E9F903461A461A4B1A801A4BE2
:1011D000184A12881A80194B02221A70184B0022E2
:1011E0001A704A210E4807F0C1FA164B1B680133EA
:1011F000144A136000E000BF1837BD4680BD00BF31
:10120000E0020020DE020020DD020020000002409B
:10121000680200207502002000920220F491022052
:10122000D8920220EE920220D4920220B84D0108FA
:10123000F09202206894022020930220E102002014
:1012400065020020BC0A032080B586B000AF78603C
:101250000023BB60924B1B68924AA2FB03239B0AAC
:101260007B617B689B6D3B613B691B68FB607B68B6
:10127000DB6D08229A40FB681340002B1AD07B6874
:101280001B681B6803F00403002B13D07B681B68EA
:101290001A687B681B6822F004021A607B68DB6DA9
:1012A00008229A403B699A607B685B6D43F00102BB
:1012B0007B685A657B68DB6D01229A40FB681340AE
:1012C000002B12D07B681B685B6903F08003002B46
:1012D0000BD07B68DB6D01229A403B699A607B688A
:1012E0005B6D43F002027B685A657B68DB6D04220C
:1012F0009A40FB681340002B12D07B681B681B6868
:1013000003F00203002B0BD07B68DB6D04229A40B4
:101310003B699A607B685B6D43F004027B685A65A9
:101320007B68DB6D10229A40FB681340002B43D092
:101330007B681B681B6803F00803002B3CD07B68AC
:10134000DB6D10229A403B699A607B681B681B68C2
:1013500003F48023002B18D07B681B681B6803F400
:101360000023002B08D17B681B6C002B24D07B68EA
:101370001B6C786898471FE07B689B6C002B1BD028
:101380007B689B6C7868984716E07B681B681B68D5
:1013900003F48073002B07D17B681B681A687B6895
:1013A0001B6822F008021A607B681B6C002B03D0BC
:1013B0007B681B6C786898477B68DB6D20229A40BD
:1013C000FB681340002B00F08E807B681B681B6855
:1013D00003F01003002B00F086807B68DB6D202279
:1013E0009A403B699A607B6893F83530DBB2052BF5
:1013F00036D17B681B681A687B681B6822F016026E
:101400001A607B681B685A697B681B6822F080023F
:101410005A617B681B6C002B03D17B689B6C002B93
:1014200007D07B681B681A687B681B6822F008027B
:101430001A607B68DB6D3F229A403B699A607B684B
:10144000002283F834207B68012283F835207B68F2
:101450001B6D002B7DD07B681B6D7868984778E00A
:101460007B681B681B6803F48023002B1CD07B68FF
:101470001B681B6803F40023002B08D17B685B6C9E
:10148000002B30D07B685B6C786898472BE07B68DA
:10149000DB6B002B27D07B68DB6B7868984722E0FA
:1014A00010000020B5814E1B7B681B681B6803F48D
:1014B0008073002B0FD17B681B681A687B681B68E0
:1014C00022F010021A607B68002283F834207B68C7
:1014D000012283F835207B68DB6B002B03D07B680F
:1014E000DB6B786898477B685B6D002B32D07B683C
:1014F0005B6D03F00103002B22D07B68052283F88B
:1015000035207B681B681A687B681B6822F0010223
:101510001A60BB680133BB607A699A4207D37B6863
:101520001B681B6803F00103002BF2D100E000BF31
:101530007B68002283F834207B68012283F8352001
:101540007B68DB6C002B05D07B68DB6C7868984788
:1015500000E000BF1837BD4680BD00BF80B485B035
:1015600000AFF860B9607A603B60FB681B681A687E
:10157000FB681B6822F480221A60FB681B683A68CB
:101580005A60FB689B68402B08D1FB681B687A682F
:101590009A60FB681B68BA68DA6007E0FB681B6842
:1015A000BA689A60FB681B687A68DA6000BF143713
:1015B000BD465DF8047B704780B485B000AF7860AD
:1015C0007B681B68DBB2103B144AA2FB03231B0998
:1015D000FB60134AFB6813441B781A467B68DA6584
:1015E000FB68032B09D97B681B6823F47F7323F006
:1015F00003031A1D7B689A6507E07B681B6823F468
:101600007F7323F003037A6893657B689B6D1846AC
:101610001437BD465DF8047B704700BFABAAAAAA89
:101620007846010880B485B000AF78600023FB7372
:101630007B689B6ABB607B689B69002B1FD1BB6882
:10164000032B55D801A252F823F000BF5D16000805
:101650006F1600085D160008F11600087B68DB6A4B
:1016600003F08073002B45D00123FB7342E07B68BD
:10167000DB6AB3F1C07F3FD10123FB733CE07B68A1
:101680009B69B3F5005F21D1BB68032B36D801A25B
:1016900052F823F0A5160008AB160008A51600089E
:1016A000BD1600080123FB732FE07B68DB6A03F0A3
:1016B0008073002B24D00123FB7321E07B68DB6A5D
:1016C000B3F1C07F1ED10123FB731BE0BB68022B6B
:1016D00002D9032B03D018E00123FB7315E07B68CC
:1016E000DB6A03F08073002B0ED00123FB730BE049
:1016F00000BF0AE000BF08E000BF06E000BF04E052
:1017000000BF02E000BF00E000BFFB7B18461437BB
:10171000BD465DF8047B704780B489B000AF786047
:10172000396000237B6100233B610023BB61002300
:10173000FB614DE10122FB6902FA03F37B613B6827
:101740001B687A6913403B613A697B699A4240F0B1
:101750003C813B685B68012B0BD03B685B68022BCC
:1017600007D03B685B68112B03D03B685B68122B8A
:1017700030D17B689B68BB61FB695B00032202FA86
:1017800003F3DB43BA691340BB613B68DA68FB696A
:101790005B0002FA03F3BA691343BB617B68BA6961
:1017A0009A607B685B68BB610122FB6902FA03F304
:1017B000DB43BA691340BB613B685B681B0903F0FC
:1017C0000102FB6902FA03F3BA691343BB617B6848
:1017D000BA695A607B68DB68BB61FB695B00032206
:1017E00002FA03F3DB43BA691340BB613B689A68B2
:1017F000FB695B0002FA03F3BA691343BB617B68C0
:10180000BA69DA603B685B68022B03D03B685B68AF
:10181000122B23D1FB69DA087B68083253F8223097
:10182000BB61FB6903F007039B000F2202FA03F37D
:10183000DB43BA691340BB613B681A69FB6903F07B
:1018400007039B0002FA03F3BA691343BB61FB6908
:10185000DA087B680832B96943F822107B681B6894
:10186000BB61FB695B00032202FA03F3DB43BA6945
:101870001340BB613B685B6803F00302FB695B00DC
:1018800002FA03F3BA691343BB617B68BA691A6051
:101890003B685B6803F08053002B00F096800023C8
:1018A000FB60504B5B6C4F4A43F4804353644D4B99
:1018B0005B6C03F48043FB60FB684B4AFB699B084D
:1018C000023352F82330BB61FB6903F003039B0032
:1018D0000F2202FA03F3DB43BA691340BB617B6852
:1018E000424A93420DD07B68414A934207D07B68BD
:1018F000404A934201D1022304E0072302E001237E
:1019000000E00023FA6902F0030292009340BA69F2
:101910001343BB613449FB699B080233BA6941F840
:101920002320354B1B68BB613B69DB43BA6913401D
:10193000BB613B685B6803F48033002B03D0BA695A
:101940003B691343BB612C4ABB6913602A4B5B683C
:10195000BB613B69DB43BA691340BB613B685B68B1
:1019600003F40033002B03D0BA693B691343BB6116
:10197000214ABB695360204B9B68BB613B69DB43D9
:10198000BA691340BB613B685B6803F48013002BAA
:1019900003D0BA693B691343BB61174ABB699360C3
:1019A000154BDB68BB613B69DB43BA691340BB6124
:1019B0003B685B6803F40013002B03D0BA693B69F2
:1019C0001343BB610C4ABB69D360FB690133FB6104
:1019D000FB690F2B7FF6AEAE00BF2437BD465DF826
:1019E000047B70470038024000380140000002408C
:1019F0000004024000080240003C014080B487B06F
:101A000000AF7860396000233B610023FB60002356
:101A1000BB6000237B61AFE001227B6902FA03F324
:101A20003B613A683B691340FB60FA683B699A4244
:101A300040F09F80554A7B699B08023352F823305F
:101A4000BB607B6903F003039B000F2202FA03F3E0
:101A5000BA681340BB607B684D4A93420DD07B68E7
:101A60004C4A934207D07B684B4A934201D10223F0
:101A700004E0072302E0012300E000237A6902F07A
:101A8000030292009340BA689A4232D1434B1A68DB
:101A9000FB68DB43414913400B60404B5A68FB68CD
:101AA000DB433E4913404B603C4B9A68FB68DB4389
:101AB0003A4913408B60394BDA68FB68DB4337499E
:101AC0001340CB607B6903F003039B000F2202FAF3
:101AD00003F3BB602D4A7B699B08023352F8231045
:101AE000BB68DA4329487B699B080A40023340F807
:101AF00023207B681A687B695B00032101FA03F3EA
:101B0000DB431A407B681A607B69DA087B6808321D
:101B100053F822107B6903F007039B000F2202FA9F
:101B200003F3DB437A69D20819407B68083243F833
:101B300022107B68DA687B695B00032101FA03F3FA
:101B4000DB431A407B68DA607B685A6801217B6955
:101B500001FA03F3DB431A407B685A607B689A689A
:101B60007B695B00032101FA03F3DB431A407B68C6
:101B70009A607B6901337B617B690F2B7FF64CAFE9
:101B800000BF1C37BD465DF8047B7047003801403C
:101B9000000002400004024000080240003C0140F6
:101BA00080B582B000AF0346FB80084B5A69FB88C2
:101BB0001340002B06D0054AFB885361FB8818466A
:101BC00011F0BAFE00BF0837BD4680BD003C0140A1
:101BD00080B584B000AF78607B68002B01D1012311
:101BE0001FE17B6893F83D30DBB2002B06D17B68A8
:101BF000002283F83C20786806F0CEFE7B68242221
:101C000083F83D207B681B681A687B681B6822F09C
:101C100001021A607B681B681A687B681B6842F4C3
:101C200000421A607B681B681A687B681B6822F494
:101C300000421A6001F046F9F8607B685B687B4AF5
:101C4000934207D8FB687A4A934294BF012300234A
:101C5000DBB206E0FB68774A934294BF012300237E
:101C6000DBB2002B01D00123DBE0FB68724AA2FB50
:101C700003239B0CBB607B681B685B6823F03F0100
:101C80007B681B68BA680A435A607B681B681B6ADA
:101C900023F03F017B685B68644A934202D8BB68CB
:101CA000013309E0BB684FF4967202FB03F3634A09
:101CB000A2FB03239B0901337A6812680B4313626A
:101CC0007B681B68DB6923F44F4222F0FF027B68CC
:101CD0005B6856498B420DD8FB68591E7B685B6870
:101CE0005B00B1FBF3F30133C3F30B03042B38BFE9
:101CF00004234FE07B689B68002B11D1FB68581EC2
:101D00007B6859680B465B000B44B0FBF3F301336F
:101D1000C3F30B03002B0CBF01230023DBB212E043
:101D2000FB68581E7B6859680B469B000B44990062
:101D30000B44B0FBF3F30133C3F30B03002B0CBFD5
:101D400001230023DBB2002B01D0012322E07B68BA
:101D50009B68002B0ED1FB68581E7B6859680B46A8
:101D60005B000B44B0FBF3F30133C3F30B0343F409
:101D700000430FE0FB68581E7B6859680B469B00C8
:101D80000B4499000B44B0FBF3F30133C3F30B0393
:101D900043F44043796809681343CB617B681B684F
:101DA0001B6823F0C0017B68DA697B681B6A1A43F1
:101DB0007B681B680A431A607B681B689B6823F476
:101DC000034323F0FF037A6811697A68D2681143EC
:101DD0007A6812680B4393607B681B68DB6823F0AA
:101DE000FF017B685A697B689B691A437B681B68A3
:101DF0000A43DA607B681B681A687B681B6842F0DC
:101E000001021A607B6800221A647B68202283F832
:101E10003D207B6800221A637B68002283F83E2005
:101E2000002318461037BD4680BD00BFA0860100C4
:101E30007F841E00FF083D0083DE1B43D34D6210EC
:101E400080B588B002AFF860084611461A460346CE
:101E50007B810B463B811346FB80FEF747FC786194
:101E6000FB6893F83D30DBB2202B40F0D9807B69D2
:101E70000093192301226D49F86800F07BFC0346AA
:101E8000002B01D00223CCE0FB6893F83C30012BFF
:101E900001D10223C5E0FB68012283F83C20FB68E6
:101EA0001B681B6803F00103012B07D0FB681B684C
:101EB0001A68FB681B6842F001021A60FB681B6825
:101EC0001A68FB681B6822F400621A60FB68212212
:101ED00083F83D20FB68402283F83E20FB68002207
:101EE0001A64FB683A6A5A62FB68BA8C5A85FB68C6
:101EF0005B8D9AB2FB681A85FB684D4ADA62F888F6
:101F00003A8979897B690193BB6A00930346F86833
:101F100000F0B6FA0346002B52D0012381E07A6923
:101F2000B96AF86800F0FCFC0346002B0DD0FB6892
:101F30001B6C042B07D1FB681B681A68FB681B68C5
:101F400042F400721A6001236BE0FB685B6A1A7846
:101F5000FB681B681A61FB685B6A5A1CFB685A6263
:101F6000FB681B8D013B9AB2FB681A85FB685B8D91
:101F70009BB2013B9AB2FB685A85FB681B685B69A0
:101F800003F00403042B1BD1FB681B8D002B17D01F
:101F9000FB685B6A1A78FB681B681A61FB685B6AFE
:101FA0005A1CFB685A62FB681B8D013B9AB2FB68A6
:101FB0001A85FB685B8D9BB2013B9AB2FB685A8520
:101FC000FB681B8D002BAAD17A69B96AF86800F00A
:101FD000E8FC0346002B0DD0FB681B6C042B07D1DB
:101FE000FB681B681A68FB681B6842F400721A6081
:101FF000012316E0FB681B681A68FB681B6842F443
:1020000000721A60FB68202283F83D20FB680022E2
:1020100083F83E20FB68002283F83C20002300E088
:10202000022318461837BD4680BD00BF02001000CD
:102030000000FFFF80B58CB002AFF8600846114683
:102040001A4603467B810B463B811346FB80FEF715
:102050004DFB7862FB6893F83D30DBB2202B40F0FB
:1020600008827B6A0093192301227B49F86800F0FB
:1020700081FB0346002B01D00223FBE1FB6893F8B0
:102080003C30012B01D10223F4E1FB68012283F8EB
:102090003C20FB681B681B6803F00103012B07D081
:1020A000FB681B681A68FB681B6842F001021A6033
:1020B000FB681B681A68FB681B6822F400621A60E0
:1020C000FB68222283F83D20FB68402283F83E20F3
:1020D000FB6800221A64FB683A6B5A62FB68BA8E8E
:1020E0005A85FB685B8D9AB2FB681A85FB685B4A70
:1020F000DA62F8883A8979897B6A0193BB6B00932D
:102100000346F86800F050FA0346002B01D0012383
:10211000B0E1FB681B8D002B13D100233B62FB68F1
:102120001B685B693B62FB681B689B693B623B6A9F
:10213000FB681B681A68FB681B6842F400721A602F
:1021400084E1FB681B8D012B1BD1FB681B681A689F
:10215000FB681B6822F480621A600023FB61FB6845
:102160001B685B69FB61FB681B689B69FB61FB6922
:10217000FB681B681A68FB681B6842F400721A60EF
:1021800064E1FB681B8D022B1BD1FB681B681A687E
:10219000FB681B6822F480621A60FB681B681A687F
:1021A000FB681B6842F400621A600023BB61FB6895
:1021B0001B685B69BB61FB681B689B69BB61BB6992
:1021C00044E100237B61FB681B685B697B61FB6802
:1021D0001B689B697B617B6938E1FB681B8D032B66
:1021E00000F2F180FB681B8D012B23D17A6AB96B59
:1021F000F86800F017FC0346002B01D0012339E1F9
:10220000FB681B681A69FB685B6AD2B21A70FB68CC
:102210005B6A5A1CFB685A62FB681B8D013B9AB2D1
:10222000FB681A85FB685B8D9BB2013B9AB2FB6829
:102230005A850BE1FB681B8D022B4ED17B6A009304
:10224000BB6B00220649F86800F094FA0346002BA5
:1022500008D001230EE100BF020010000000FFFFC4
:1022600004000100FB681B681A68FB681B6842F4E5
:1022700000721A60FB681B681A69FB685B6AD2B25D
:102280001A70FB685B6A5A1CFB685A62FB681B8DFC
:10229000013B9AB2FB681A85FB685B8D9BB2013BE0
:1022A0009AB2FB685A85FB681B681A69FB685B6A0F
:1022B000D2B21A70FB685B6A5A1CFB685A62FB68F0
:1022C0001B8D013B9AB2FB681A85FB685B8D9BB244
:1022D000013B9AB2FB685A85B8E07B6A0093BB6BFE
:1022E00000226649F86800F045FA0346002B01D049
:1022F0000123BFE0FB681B681A68FB681B6822F4B7
:1023000080621A60FB681B681A69FB685B6AD2B25C
:102310001A70FB685B6A5A1CFB685A62FB681B8D6B
:10232000013B9AB2FB681A85FB685B8D9BB2013B4F
:102330009AB2FB685A857B6A0093BB6B00224F49B7
:10234000F86800F017FA0346002B01D0012391E052
:10235000FB681B681A68FB681B6842F400721A600D
:10236000FB681B681A69FB685B6AD2B21A70FB686B
:102370005B6A5A1CFB685A62FB681B8D013B9AB270
:10238000FB681A85FB685B8D9BB2013B9AB2FB68C8
:102390005A85FB681B681A69FB685B6AD2B21A70BF
:1023A000FB685B6A5A1CFB685A62FB681B8D013B29
:1023B0009AB2FB681A85FB685B8D9BB2013B9AB2AF
:1023C000FB685A8542E07A6AB96BF86800F02AFB2C
:1023D0000346002B01D001234CE0FB681B681A69FF
:1023E000FB685B6AD2B21A70FB685B6A5A1CFB68B6
:1023F0005A62FB681B8D013B9AB2FB681A85FB6829
:102400005B8D9BB2013B9AB2FB685A85FB681B68E7
:102410005B6903F00403042B18D1FB681B681A697D
:10242000FB685B6AD2B21A70FB685B6A5A1CFB6875
:102430005A62FB681B8D013B9AB2FB681A85FB68E8
:102440005B8D9BB2013B9AB2FB685A85FB681B8D82
:10245000002B7FF4C2AEFB68202283F83D20FB688E
:10246000002283F83E20FB68002283F83C200023F2
:1024700000E0022318462837BD4680BD0400010055
:1024800080B588B002AFF860084611461A46034688
:102490007B810B463B811346FB80FB681B681A68F7
:1024A000FB681B6842F480721A607B6A00933B6A87
:1024B00000224FF00111F86800F05CF90346002B90
:1024C0000CD0FB681B681B6803F48073002B03D0DF
:1024D000FB684FF400721A6403235FE07B89DBB270
:1024E0001A46FB681B6802F0FE021A617B6A3A6AB0
:1024F0002C49F86800F095F90346002B01D0012320
:102500004CE000237B61FB681B685B697B61FB68B7
:102510001B689B697B617B697A6A396AF86800F09D
:10252000FFF90346002B0DD0FB681B6C042B07D171
:10253000FB681B681A68FB681B6842F400721A602B
:1025400001232BE0FB88012B05D13B89DAB2FB6824
:102550001B681A6121E03B891B0A9BB2DAB2FB6857
:102560001B681A617A6A396AF86800F0D9F903467B
:10257000002B0DD0FB681B6C042B07D1FB681B687C
:102580001A68FB681B6842F400721A60012305E0B8
:102590003B89DAB2FB681B681A61002318461837BA
:1025A000BD4680BD0200010080B588B002AFF86072
:1025B000084611461A4603467B810B463B8113466B
:1025C000FB80FB681B681A68FB681B6842F480622A
:1025D0001A60FB681B681A68FB681B6842F480720B
:1025E0001A607B6A00933B6A00224FF00111F86881
:1025F00000F0C0F80346002B0CD0FB681B681B687A
:1026000003F48073002B03D0FB684FF400721A644C
:102610000323A9E07B89DBB21A46FB681B6802F042
:10262000FE021A617B6A3A6A5149F86800F0F9F8CB
:102630000346002B01D0012396E000237B61FB6859
:102640001B685B697B61FB681B689B697B617B69BD
:102650007A6A396AF86800F063F90346002B0DD0F6
:10266000FB681B6C042B07D1FB681B681A68FB68AE
:102670001B6842F400721A60012375E0FB88012B8D
:1026800005D13B89DAB2FB681B681A6121E03B89FE
:102690001B0A9BB2DAB2FB681B681A617A6A396A54
:1026A000F86800F03DF90346002B0DD0FB681B6C69
:1026B000042B07D1FB681B681A68FB681B6842F48F
:1026C00000721A6001234FE03B89DAB2FB681B6895
:1026D0001A617A6A396AF86800F022F90346002B19
:1026E0000DD0FB681B6C042B07D1FB681B681A68B4
:1026F000FB681B6842F400721A60012334E0FB6837
:102700001B681A68FB681B6842F480721A607B6A57
:1027100000933B6A00224FF00111F86800F02AF89C
:102720000346002B0CD0FB681B681B6803F4807306
:10273000002B03D0FB684FF400721A64032313E0EC
:102740007B89DBB243F00103DAB2FB681B681A61D4
:102750007B6A3A6A0649F86800F063F80346002B82
:1027600001D0012300E0002318461837BD4680BD84
:102770000200010080B584B000AFF860B9603B6032
:102780001346FB7125E03B68B3F1FF3F21D0FDF715
:10279000ADFF0246BB69D31A3A689A4202D33B683E
:1027A000002B16D1FB6800221A63FB68202283F8F5
:1027B0003D20FB68002283F83E20FB681B6C43F041
:1027C0002002FB681A64FB68002283F83C20012386
:1027D00023E0BB681B0CDBB2012B0DD1FB681B682F
:1027E0005B69DA43BB6813409BB2002B0CBF01232B
:1027F0000023DBB21A460CE0FB681B689B69DA43D6
:10280000BB6813409BB2002B0CBF01230023DBB23B
:102810001A46FB799A42B6D0002318461037BD46B7
:1028200080BD80B584B000AFF860B9607A603B606D
:1028300051E0FB681B685B6903F48063B3F5806F4C
:1028400023D1FB681B681A68FB681B6842F400729E
:102850001A60FB681B686FF480625A61FB68002293
:102860001A63FB68202283F83D20FB68002283F86E
:102870003E20FB681B6C43F00402FB681A64FB6893
:10288000002283F83C20012346E07B68B3F1FF3F40
:1028900021D0FDF72BFF02463B68D31A7A689A4293
:1028A00002D37B68002B16D1FB6800221A63FB68F9
:1028B000202283F83D20FB68002283F83E20FB683D
:1028C0001B6C43F02002FB681A64FB68002283F84B
:1028D0003C20012320E0BB681B0CDBB2012B0CD198
:1028E000FB681B685B69DA43BB6813409BB2002B33
:1028F00014BF01230023DBB20BE0FB681B689B695C
:10290000DA43BB6813409BB2002B14BF01230023A2
:10291000DBB2002B8DD1002318461037BD4680BD99
:1029200080B584B000AFF860B9607A602DE0F868D7
:1029300000F0CEF80346002B01D001232DE0BB6848
:10294000B3F1FF3F21D0FDF7D1FE02467B68D31AD9
:10295000BA689A4202D3BB68002B16D1FB680022EA
:102960001A63FB68202283F83D20FB68002283F86D
:102970003E20FB681B6C43F02002FB681A64FB6876
:10298000002283F83C20012307E0FB681B685B6999
:1029900003F08003802BCAD1002318461037BD46B0
:1029A00080BD80B584B000AFF860B9607A602DE07A
:1029B000F86800F08DF80346002B01D001232DE0CC
:1029C000BB68B3F1FF3F21D0FDF790FE02467B6864
:1029D000D31ABA689A4202D3BB68002B16D1FB689F
:1029E00000221A63FB68202283F83D20FB68002246
:1029F00083F83E20FB681B6C43F02002FB681A64DE
:102A0000FB68002283F83C20012307E0FB681B6879
:102A10005B6903F00403042BCAD100231846103766
:102A2000BD4680BD80B584B000AFF860B9607A6003
:102A300042E0FB681B685B6903F01003102B19D19F
:102A4000FB681B686FF010025A61FB6800221A6372
:102A5000FB68202283F83D20FB68002283F83E209B
:102A6000FB681A6CFB681A64FB68002283F83C2040
:102A7000012329E0FDF73AFE02467B68D31ABA68C3
:102A80009A4202D3BB68002B16D1FB6800221A635E
:102A9000FB68202283F83D20FB68002283F83E205B
:102AA000FB681B6C43F02002FB681A64FB68002281
:102AB00083F83C20012307E0FB681B685B6903F097
:102AC0004003402BB5D1002318461037BD4680BDCA
:102AD00080B483B000AF78607B681B685B6903F4E7
:102AE0008063B3F5806F1BD17B681B686FF48062D5
:102AF0005A617B6800221A637B68202283F83D209C
:102B00007B68002283F83E207B681B6C43F0040244
:102B10007B681A647B68002283F83C20012300E074
:102B2000002318460C37BD465DF8047B7047000053
:102B300080B584B000AF786039607B68002B01D12C
:102B40000123CCE0684B1B6803F00F033A689A42FC
:102B50000CD9654B3A68D2B21A70634B1B6803F00C
:102B60000F033A689A4201D00123B8E07B681B68E2
:102B700003F00203002B20D07B681B6803F00403E2
:102B8000002B05D0594B9B68584A43F4E05393609F
:102B90007B681B6803F00803002B05D0534B9B6830
:102BA000524A43F460439360504B9B6823F0F00219
:102BB0007B689B684D4913438B607B681B6803F0FF
:102BC0000103002B44D07B685B68012B07D1474B86
:102BD0001B6803F40033002B19D101237FE07B68CD
:102BE0005B68022B03D07B685B68032B07D13F4BEC
:102BF0001B6803F00073002B09D101236FE03B4BEE
:102C00001B6803F00203002B01D1012367E0374B5F
:102C10009B6823F003027B685B68344913438B6035
:102C2000FDF764FDF8600AE0FDF760FD0246FB6811
:102C3000D31A41F28832934201D903234FE02B4B40
:102C40009B6803F00C027B685B689B009A42EBD1A7
:102C5000254B1B6803F00F033A689A420CD2224BB3
:102C60003A68D2B21A70204B1B6803F00F033A681F
:102C70009A4201D0012332E07B681B6803F0040311
:102C8000002B08D0194B9B6823F4E0527B68DB686B
:102C9000164913438B607B681B6803F00803002B05
:102CA00009D0124B9B6823F460427B681B69DB00F0
:102CB0000E4913438B6000F021F801460B4B9B68D3
:102CC0001B0903F00F030A4AD35C21FA03F3094AF4
:102CD0001360094B1B6818460AF080FA0023184657
:102CE0001037BD4680BD00BF003C024000380240A6
:102CF000B44601081000002000000020F0B585B0A7
:102D000000AF00237B600023FB6000233B600023B7
:102D1000BB60634B9B6803F00C03042B07D0082BAC
:102D200008D0002B40F0B4805E4BBB60B3E05E4B3C
:102D3000BB60B0E05A4B5B6803F03F037B60584BCD
:102D40005B6803F48003002B4AD0554B5B689B09FA
:102D50004FF0000440F2FF114FF0000203EA0105BA
:102D600004EA0206294632464FF000034FF0000401
:102D7000540144EAD1644B0119462246491B62EBD7
:102D800006024FF000034FF00004940144EA9164FE
:102D90008B015B1A64EB02044FF000014FF000025C
:102DA000E20042EA5372D9000B4614465B1944EB29
:102DB00006044FF000014FF00002220242EA1362C3
:102DC00019020B461446184621467B684FF0000452
:102DD0001A462346FDF76CFA03460C46FB6049E0B1
:102DE0002F4B5B689B094FF0000440F2FF114FF03E
:102DF000000203EA010504EA0206294632464FF0C2
:102E000000034FF00004540144EAD1644B01194619
:102E10002246491B62EB06024FF000034FF000040C
:102E2000940144EA91648B015B1A64EB02044FF055
:102E300000014FF00002E20042EA5372D9000B4653
:102E400014465B1944EB06044FF000014FF00002FA
:102E5000A20242EA935299020B46144618462146B2
:102E60007B684FF000041A462346FDF721FA03461B
:102E70000C46FB600A4B5B681B0C03F00303013339
:102E80005B003B60FA683B68B2FBF3F3BB6002E0B7
:102E9000044BBB6000BFBB6818461437BD46F0BD8D
:102EA000003802400024F40000093D0080B400AF67
:102EB000034B1B681846BD465DF8047B704700BF96
:102EC0001000002080B500AFFFF7F0FF0146054B72
:102ED0009B689B0A03F00703034AD35C21FA03F3C0
:102EE000184680BD00380240C446010880B500AFD6
:102EF000FFF7DCFF0146054B9B685B0B03F0070304
:102F0000034AD35C21FA03F3184680BD003802401F
:102F1000C446010880B586B000AF786000233B61ED
:102F20007B681B6803F00103002B75D0A24B9B68E4
:102F300003F00C03042B0CD09F4B9B6803F00C0395
:102F4000082B12D19C4B5B6803F48003B3F5800F10
:102F50000BD1994B1B6803F40033002B5BD07B68CB
:102F60005B68002B57D101230BE27B685B68B3F5EC
:102F7000803F06D1904B1B688F4A43F48033136027
:102F80001DE07B685B68B3F5A02F0CD18A4B1B68F2
:102F9000894A43F480231360874B1B68864A43F4B5
:102FA000803313600BE0844B1B68834A23F4803327
:102FB0001360814B1B68804A23F4802313607B6875
:102FC0005B68002B13D0FDF791FB386108E0FDF73B
:102FD0008DFB02463B69D31A642B01D90323D0E150
:102FE000754B1B6803F40033002BF0D014E0FDF7A1
:102FF0007DFB386108E0FDF779FB02463B69D31A97
:10300000642B01D90323BCE16B4B1B6803F4003331
:10301000002BF0D100E000BF7B681B6803F00203C7
:10302000002B63D0644B9B6803F00C03002B0BD088
:10303000614B9B6803F00C03082B1CD15E4B5B6853
:1030400003F48003002B16D15B4B1B6803F00203D3
:10305000002B05D07B68DB68012B01D0012390E1B8
:10306000554B1B6823F0F8027B681B69DB00524953
:1030700013430B603AE07B68DB68002B20D04F4B9A
:1030800001221A60FDF732FB386108E0FDF72EFBE4
:1030900002463B69D31A022B01D9032371E1464B47
:1030A0001B6803F00203002BF0D0434B1B6823F096
:1030B000F8027B681B69DB003F4913430B6015E096
:1030C0003E4B00221A60FDF711FB386108E0FDF766
:1030D0000DFB02463B69D31A022B01D9032350E1B1
:1030E000354B1B6803F00203002BF0D17B681B6893
:1030F00003F00803002B30D07B685B69002B16D0EF
:103100002F4B01221A60FDF7F1FA386108E0FDF754
:10311000EDFA02463B69D31A022B01D9032330E1B1
:10312000254B5B6F03F00203002BF0D015E0244B1E
:1031300000221A60FDF7DAFA386108E0FDF7D6FAE6
:1031400002463B69D31A022B01D9032319E11A4B1A
:103150005B6F03F00203002BF0D17B681B6803F068
:103160000403002B00F09F800023FB75124B1B6CA7
:1031700003F08053002B0FD10023FB600E4B1B6C20
:103180000D4A43F0805313640B4B1B6C03F08053C8
:10319000FB60FB680123FB750A4B1B6803F480731B
:1031A000002B20D1074B1B68064A43F48073136041
:1031B000FDF79CFA386110E00038024000004742F9
:1031C000800E474200700040FDF790FA02463B69CE
:1031D000D31A022B01D90323D3E06C4B1B6803F4F1
:1031E0008073002BF0D07B689B68012B06D1684B65
:1031F0001B6F674A43F0010313671CE07B689B6801
:10320000052B0CD1624B1B6F614A43F0040313671B
:103210005F4B1B6F5E4A43F0010313670BE05C4B8F
:103220001B6F5B4A23F001031367594B1B6F584A0E
:1032300023F0040313677B689B68002B15D0FDF710
:1032400055FA38610AE0FDF751FA02463B69D31A94
:1032500041F28832934201D9032392E04C4B1B6F19
:1032600003F00203002BEED014E0FDF73FFA3861C3
:103270000AE0FDF73BFA02463B69D31A41F2883275
:10328000934201D903237CE0414B1B6F03F00203FF
:10329000002BEED1FB7D012B05D13D4B1B6C3C4A35
:1032A00023F0805313647B689B69002B68D0384BF4
:1032B0009B6803F00C03082B60D07B689B69022B92
:1032C00045D1344B00221A60FDF710FA386108E04E
:1032D000FDF70CFA02463B69D31A022B01D90323EE
:1032E0004FE02B4B1B6803F00073002BF0D17B6881
:1032F000DA697B681B6A1A437B685B6A9B011A4325
:103300007B689B6A5B08013B1B041A437B68DB6A92
:103310001B061A437B681B6B1B071D4913434B603D
:103320001C4B01221A60FDF7E1F9386108E0FDF756
:10333000DDF902463B69D31A022B01D9032320E0B1
:10334000134B1B6803F00073002BF0D018E0114BF7
:1033500000221A60FDF7CAF9386108E0FDF7C6F9E6
:1033600002463B69D31A022B01D9032309E0084B1B
:103370001B6803F00073002BF0D101E0012300E093
:10338000002318461837BD4680BD00BF00700040BE
:10339000003802406000474280B582B000AF7860DC
:1033A0007B68002B01D1012376E07B6800229A62C2
:1033B0007B6893F85130DBB2002B26D17B6800226A
:1033C00083F850207B68364A9A657B68354ADA650F
:1033D0007B68354A1A667B68344A5A667B68344A89
:1033E0009A667B68334ADA667B68334A1A677B6879
:1033F000324A5A677B689B6F002B02D17B68304A48
:103400009A677B689B6F786898477B68022283F88D
:1034100051207B681B681A687B681B6822F0400299
:103420001A607B685A687B689B681A437B68DB6814
:103430001A437B681B691A437B685B691A437B6884
:103440009B6903F400731A437B68DB691A437B684A
:103450001B6A42EA03017B689A6A7B681B680A431D
:103460001A607B689B691B0C03F004017B685A6A35
:103470007B681B680A435A607B681B68DA697B6853
:103480001B6822F40062DA617B6800225A657B685F
:10349000012283F85120002318460837BD4680BD1D
:1034A000D9DF00084547000835E000085947000803
:1034B0006D4700088147000895470008A9470008A4
:1034C0008D8A000880B588B000AFF860B9603B60B5
:1034D0001346FB800023FB77FB6893F85030012BE9
:1034E00001D102231EE1FB68012283F85020FDF781
:1034F000FDF8B861FB88FB82FB6893F85130DBB2C2
:10350000012B02D00223FB7703E1BB68002B02D022
:10351000FB88002B02D10123FB77FAE0FB68032232
:1035200083F85120FB6800225A65FB68BA681A6369
:10353000FB68FA889A86FB68FA88DA86FB680022BC
:103540009A63FB6800229A87FB680022DA87FB688F
:1035500000225A64FB6800221A64FB689B68B3F57A
:10356000004F07D1FB681B681A68FB681B6842F4B0
:1035700080421A60FB681B681B6803F04003402B05
:1035800007D0FB681B681A68FB681B6842F04002A2
:103590001A60FB68DB68B3F5006F4BD1FB685B68B2
:1035A000002B02D0FB8A012B3ED1FB681B6B1A88D3
:1035B000FB681B68DA60FB681B6B9A1CFB681A636C
:1035C000FB68DB8E9BB2013B9AB2FB68DA862BE08C
:1035D000FB681B689B6803F00203022B12D1FB6897
:1035E0001B6B1A88FB681B68DA60FB681B6B9A1CF4
:1035F000FB681A63FB68DB8E9BB2013B9AB2FB68E7
:10360000DA8611E0FDF772F80246BB69D31A3A6810
:103610009A4203D83B68B3F1FF3F02D13B68002BCD
:1036200002D10323FB7774E0FB68DB8E9BB2002B97
:10363000CED14CE0FB685B68002B02D0FB8A012BEB
:1036400040D1FB681A6BFB681B680C3312781A7048
:10365000FB681B6B5A1CFB681A63FB68DB8E9BB212
:10366000013B9AB2FB68DA862CE0FB681B689B681A
:1036700003F00203022B13D1FB681A6BFB681B6873
:103680000C3312781A70FB681B6B5A1CFB681A63A8
:10369000FB68DB8E9BB2013B9AB2FB68DA8611E0D5
:1036A000FDF724F80246BB69D31A3A689A4203D858
:1036B0003B68B3F1FF3F02D13B68002B02D10323EB
:1036C000FB7726E0FB68DB8E9BB2002BCDD1BA697D
:1036D0003968F86801F062FA0346002B02D0FB68F3
:1036E00020225A65FB689B68002B0AD100233B61AE
:1036F000FB681B68DB683B61FB681B689B683B6180
:103700003B69FB685B6D002B02D00123FB7700E077
:1037100000BFFB68012283F85120FB68002283F878
:103720005020FB7F18462037BD4680BD80B588B04D
:1037300002AFF860B9603B601346FB800023FB7565
:10374000FB685B68B3F5827F12D1FB689B68002B36
:103750000ED1FB68042283F85120FA883B6800935D
:103760001346BA68B968F86800F098FA0346E2E0D0
:10377000FB6893F85030012B01D10223DBE0FB689A
:10378000012283F85020FCF7B1FF3861FB6893F801
:103790005130DBB2012B02D00223FB75C2E0BB68C3
:1037A000002B02D0FB88002B02D10123FB75B9E06E
:1037B000FB68042283F85120FB6800225A65FB68ED
:1037C000BA689A63FB68FA889A87FB68FA88DA878E
:1037D000FB6800221A63FB6800229A86FB680022BD
:1037E000DA86FB6800221A64FB6800225A64FB68D0
:1037F0009B68B3F5004F07D1FB681B681A68FB682C
:103800001B6822F480421A60FB681B681B6803F087
:103810004003402B07D0FB681B681A68FB681B68D5
:1038200042F040021A60FB68DB68002B62D12EE098
:10383000FB681B689B6803F00103012B15D1FB6833
:103840001B6803F10C02FB689B6B1278D2B21A70F2
:10385000FB689B6B5A1CFB689A63FB68DB8F9BB20F
:10386000013B9AB2FB68DA8711E0FCF73FFF0246A2
:103870003B69D31A3A689A4203D83B68B3F1FF3FD9
:1038800002D13B68002B02D10323FB754AE0FB68A1
:10389000DB8F9BB2002BCBD131E0FB681B689B68B0
:1038A00003F00103012B13D1FB681B68DA68FB6886
:1038B0009B6B92B21A80FB689B6B9A1CFB689A63A5
:1038C000FB68DB8F9BB2013B9AB2FB68DA8711E0A1
:1038D000FCF70CFF02463B69D31A3A689A4203D8B8
:1038E0003B68B3F1FF3F02D13B68002B02D10323B9
:1038F000FB7517E0FB68DB8F9BB2002BCDD13A69DB
:103900003968F86801F0E5F80346002B02D0FB683F
:1039100020225A65FB685B6D002B02D00123FB75EA
:1039200000E000BFFB68012283F85120FB68002201
:1039300083F85020FB7D18461837BD4680BD000037
:1039400080B58CB000AFF860B9607A607B800123ED
:10395000FB62002387F82B30844B4FF480329A614E
:10396000FB6893F85030012B01D102238FE1FB68F3
:10397000012283F85020FCF7B9FE7862FB6893F8C7
:10398000513087F82330FB685B68FB617B887B8361
:1039900097F82330012B0FD0FB69B3F5827F07D155
:1039A000FB689B68002B03D197F82330042B03D0CE
:1039B000022387F82B305DE1BB68002B05D07B68C4
:1039C000002B02D07B88002B03D1012387F82B30FA
:1039D00050E1FB6893F85130DBB2042B03D0FB6855
:1039E000052283F85120FB6800225A65FB687A683B
:1039F0009A63FB687A88DA87FB687A889A87FB681B
:103A0000BA681A63FB687A88DA86FB687A889A86CD
:103A1000FB6800221A64FB6800225A64FB681B687A
:103A20001B6803F04003402B07D0FB681B681A6833
:103A3000FB681B6842F040021A60FB68DB68B3F564
:103A4000006F78D1FB685B68002B02D07B8B012B69
:103A500066D1FB681B6B1A88FB681B68DA60FB6821
:103A60001B6B9A1CFB681A63FB68DB8E9BB2013BE5
:103A70009AB2FB68DA8653E0FB681B689B6803F028
:103A80000203022B1BD1FB68DB8E9BB2002B16D0EE
:103A9000FB6A012B13D1FB681B6B1A88FB681B6840
:103AA000DA60FB681B6B9A1CFB681A63FB68DB8E91
:103AB0009BB2013B9AB2FB68DA860023FB62FB688B
:103AC0001B689B6803F00103012B19D1FB68DB8F96
:103AD0009BB2002B14D0FB681B68DA68FB689B6BF9
:103AE00092B21A80FB689B6B9A1CFB689A63FB6816
:103AF000DB8F9BB2013B9AB2FB68DA870123FB6242
:103B0000FCF7F4FD02467B6AD31ABA6B9A4207D8D7
:103B1000BB6BB3F1FF3F03D0032387F82B30A9E041
:103B2000FB68DB8E9BB2002BA6D1FB68DB8F9BB2C0
:103B3000002BA1D17EE0FB685B68002B02D07B8B61
:103B4000012B6DD1FB681A6BFB681B680C33127874
:103B50001A70FB681B6B5A1CFB681A63FB68DB8ED0
:103B60009BB2013B9AB2FB68DA8659E00000024042
:103B7000FB681B689B6803F00203022B1CD1FB68E7
:103B8000DB8E9BB2002B17D0FB6A012B14D1FB6894
:103B90001A6BFB681B680C3312781A70FB681B6B7E
:103BA0005A1CFB681A63FB68DB8E9BB2013B9AB21E
:103BB000FB68DA860023FB62FB681B689B6803F0E6
:103BC0000103012B19D1FB68DB8F9BB2002B14D0B2
:103BD000FB681B68DA68FB689B6BD2B21A70FB68E3
:103BE0009B6B5A1CFB689A63FB68DB8F9BB2013BA3
:103BF0009AB2FB68DA870123FB62FCF777FD024685
:103C00007B6AD31ABA6B9A4203D8BB6BB3F1FF3FFE
:103C100002D1BB6B002B03D1032387F82B3029E0A3
:103C2000FB68DB8E9BB2002BA2D1FB68DB8F9BB2C3
:103C3000002B9DD17A6AB96BF86800F0AFFF03469C
:103C4000002B06D0012387F82B30FB6820225A6511
:103C500010E0FB689B68002B0BD100237B61FB68A5
:103C60001B68DB687B61FB681B689B687B617B6909
:103C700000E000BFFB68012283F85120FB680022AE
:103C800083F85020044B01229A6197F82B30184694
:103C90003037BD4680BD00BF0000024080B58CB00B
:103CA00000AFF860B9607A607B800123FB6200237B
:103CB00087F82B30FB6893F85030012B01D1022399
:103CC0008AE1FB68012283F85020FCF70FFD78623F
:103CD000FB6893F8513087F82330FB685B68FB6121
:103CE0007B887B8397F82330012B0FD0FB69B3F5DA
:103CF000827F07D1FB689B68002B03D197F82330A4
:103D0000042B03D0022387F82B305BE1BB68002B28
:103D100005D07B68002B02D07B88002B03D10123C8
:103D200087F82B304EE1FB6893F85130DBB2042B5F
:103D300003D0FB68052283F85120FB6800225A65F6
:103D4000FB687A689A63FB687A88DA87FB687A8806
:103D50009A87FB68BA681A63FB687A88DA86FB6818
:103D60007A889A86FB6800221A64FB6800225A64EB
:103D7000FB681B681B6803F04003402B07D0FB68FF
:103D80001B681A68FB681B6842F040021A60FB68F7
:103D9000DB68B3F5006F78D1FB685B68002B02D05D
:103DA0007B8B012B66D1FB681B6B1A88FB681B6839
:103DB000DA60FB681B6B9A1CFB681A63FB68DB8E7E
:103DC0009BB2013B9AB2FB68DA8653E0FB681B6842
:103DD0009B6803F00203022B1BD1FB68DB8E9BB2B6
:103DE000002B16D0FB6A012B13D1FB681B6B1A88C2
:103DF000FB681B68DA60FB681B6B9A1CFB681A6324
:103E0000FB68DB8E9BB2013B9AB2FB68DA8600232B
:103E1000FB62FB681B689B6803F00103012B19D14F
:103E2000FB68DB8F9BB2002B14D0FB681B68DA6841
:103E3000FB689B6B92B21A80FB689B6B9A1CFB68B9
:103E40009A63FB68DB8F9BB2013B9AB2FB68DA870F
:103E50000123FB62FCF74AFC02467B6AD31ABA6B69
:103E60009A4207D8BB6BB3F1FF3F03D0032387F817
:103E70002B30A7E0FB68DB8E9BB2002BA6D1FB6842
:103E8000DB8F9BB2002BA1D17CE0FB685B68002B31
:103E900002D07B8B012B6BD1FB681A6BFB681B6814
:103EA0000C3312781A70FB681B6B5A1CFB681A6380
:103EB000FB68DB8E9BB2013B9AB2FB68DA8657E067
:103EC000FB681B689B6803F00203022B1CD1FB6894
:103ED000DB8E9BB2002B17D0FB6A012B14D1FB6841
:103EE0001A6BFB681B680C3312781A70FB681B6B2B
:103EF0005A1CFB681A63FB68DB8E9BB2013B9AB2CB
:103F0000FB68DA860023FB62FB681B689B6803F092
:103F10000103012B19D1FB68DB8F9BB2002B14D05E
:103F2000FB681B68DA68FB689B6BD2B21A70FB688F
:103F30009B6B5A1CFB689A63FB68DB8F9BB2013B4F
:103F40009AB2FB68DA870123FB62FCF7CFFB0246DB
:103F50007B6AD31ABA6B9A4203D8BB6BB3F1FF3FAB
:103F600002D1BB6B002B03D1032387F82B3029E050
:103F7000FB68DB8E9BB2002BA2D1FB68DB8F9BB270
:103F8000002B9DD17A6AB96BF86800F007FE0346F2
:103F9000002B06D0012387F82B30FB6820225A65BE
:103FA00010E0FB689B68002B0BD100237B61FB6852
:103FB0001B68DB687B61FB681B689B687B617B69B6
:103FC00000E000BFFB68012283F85120FB6800225B
:103FD00083F8502097F82B3018463037BD4680BD07
:103FE00080B586B000AFF860B9601346FB8000234F
:103FF000FB75FB6893F85030012B01D1022393E04D
:10400000FB68012283F85020FB6893F85130DBB243
:10401000012B02D00223FB7581E0BB68002B02D08C
:10402000FB88002B02D10123FB7578E0FB6803229B
:1040300083F85120FB6800225A65FB68BA681A634E
:10404000FB68FA889A86FB68FA88DA86FB680022A1
:104050009A63FB6800225A64FB6800221A64FB68BA
:1040600000229A87FB680022DA87FB689B68B3F519
:10407000004F07D1FB681B681A68FB681B6842F495
:1040800080421A60FB689B6C294A1A64FB689B6C2F
:10409000284ADA63FB689B6C274ADA64FB689B6CEE
:1040A00000221A65FB68986CFB681B6B1946FB685D
:1040B0001B680C331A46FB68DB8E9BB2FCF762FD73
:1040C0000346002B0CD0FB685B6D43F01002FB68CD
:1040D0005A650123FB75FB68012283F851201EE01D
:1040E000FB681B681B6803F04003402B07D0FB688C
:1040F0001B681A68FB681B6842F040021A60FB6884
:104100001B685A68FB681B6842F020025A60FB6813
:104110001B685A68FB681B6842F002025A60FB6821
:10412000002283F85020FB7D18461837BD4680BD1D
:1041300063490008BD470008BD49000880B586B046
:1041400000AFF860B9607A607B800023FB75FB6884
:1041500093F85030012B01D10223E1E0FB680122EA
:1041600083F85020FB6893F85130BB75FB685B689F
:104170003B61BB7D012B0DD03B69B3F5827F06D13E
:10418000FB689B68002B02D1BB7D042B02D002236D
:10419000FB75C0E0FB6893F85130DBB2042B03D011
:1041A000FB68052283F85120FB6800225A65FB68F2
:1041B000BA681A63FB687A889A86FB687A88DA8616
:1041C000FB687A689A63FB687A889A87FB687A88C2
:1041D000DA87FB6800221A64FB6800225A64FB68D5
:1041E00093F85130DBB2042B08D1FB68DB6C4E4AEC
:1041F0001A64FB68DB6C4D4ADA6307E0FB68DB6C32
:104200004B4A1A64FB68DB6C4A4ADA63FB68DB6C76
:10421000494ADA64FB68DB6C00221A65FB68D86CDB
:10422000FB681B680C331946FB689B6B1A46FB68DE
:10423000DB8F9BB2FCF7A6FC0346002B0CD0FB687F
:104240005B6D43F01002FB685A650123FB75FB6848
:10425000012283F851205EE0FB681B685A68FB6806
:104260001B6842F001025A60FB689B6C00221A64D2
:10427000FB689B6C0022DA63FB689B6C0022DA64AB
:10428000FB689B6C00221A65FB68986CFB681B6BD3
:104290001946FB681B680C331A46FB68DB8E9BB221
:1042A000FCF770FC0346002B0CD0FB685B6D43F001
:1042B0001002FB685A650123FB75FB68012283F835
:1042C000512028E0FB681B681B6803F04003402B6B
:1042D00007D0FB681B681A68FB681B6842F0400245
:1042E0001A60FB681B685A68FB681B6842F0200272
:1042F0005A60124B01221A70114B00221A70114B96
:104300004FF480329A61FB681B685A68FB681B682F
:1043100042F002025A60FB68002283F85020FB7DC5
:1043200018461837BD4680BD814900084748000837
:104330009F490008CF480008BD490008E00200205E
:10434000DD0200200000024080B586B000AFF860BA
:10435000B9607A607B800023FB75FB6893F850306E
:10436000012B01D10223DBE0FB68012283F85020FE
:10437000FB6893F85130BB75FB685B683B61BB7DA4
:10438000012B0DD03B69B3F5827F06D1FB689B689A
:10439000002B02D1BB7D042B02D00223FB75BAE0B7
:1043A000FB6893F85130DBB2042B03D0FB68052285
:1043B00083F85120FB6800225A65FB68BA681A63CB
:1043C000FB687A889A86FB687A88DA86FB687A685E
:1043D0009A63FB687A889A87FB687A88DA87FB6831
:1043E00000221A64FB6800225A64FB6893F851307B
:1043F000DBB2042B08D1FB68DB6C4B4A1A64FB6808
:10440000DB6C4A4ADA6307E0FB68DB6C484A1A64F3
:10441000FB68DB6C474ADA63FB68DB6C464ADA64AC
:10442000FB68DB6C00221A65FB68D86CFB681B68B4
:104430000C331946FB689B6B1A46FB68DB8F9BB2FB
:10444000FCF7A0FB0346002B0CD0FB685B6D43F030
:104450001002FB685A650123FB75FB68012283F893
:10446000512058E0FB681B685A68FB681B6842F0E3
:1044700001025A60FB689B6C00221A64FB689B6C0B
:104480000022DA63FB689B6C0022DA64FB689B6C99
:1044900000221A65FB68986CFB681B6B1946FB6869
:1044A0001B680C331A46FB68DB8E9BB2FCF76AFB79
:1044B0000346002B0CD0FB685B6D43F01002FB68D9
:1044C0005A650123FB75FB68012283F8512022E025
:1044D000FB681B681B6803F04003402B07D0FB6898
:1044E0001B681A68FB681B6842F040021A60FB6890
:1044F0001B685A68FB681B6842F020025A600F4B29
:104500004FF000429A61FB681B685A68FB681B68A1
:1045100042F002025A60FB68002283F85020FB7DC3
:1045200018461837BD4680BD814900084748000835
:104530009F490008CF480008BD490008000002401C
:1045400080B586B000AFF860B9607A607B800023E8
:10455000FB75FB6893F85030012B01D10223E3E097
:10456000FB68012283F85020FB6893F85130BB753B
:10457000FB685B683B61BB7D012B0DD03B69B3F5EC
:10458000827F06D1FB689B68002B02D1BB7D042B88
:1045900002D00223FB75C2E0BB68002B05D07B680C
:1045A000002B02D07B88002B02D10123FB75B6E0E3
:1045B000FB6893F85130DBB2042B03D0FB68052273
:1045C00083F85120FB6800225A65FB68BA681A63B9
:1045D000FB687A889A86FB687A88DA86FB687A684C
:1045E0009A63FB687A889A87FB687A88DA87FB681F
:1045F00000221A64FB6800225A64FB6893F8513069
:10460000DBB2042B08D1FB68DB6C494A1A64FB68F7
:10461000DB6C484ADA6307E0FB68DB6C464A1A64E5
:10462000FB68DB6C454ADA63FB68DB6C444ADA649E
:10463000FB68DB6C00221A65FB68D86CFB681B68A2
:104640000C331946FB689B6B1A46FB68DB8F9BB2E9
:10465000FCF798FA0346002B0CD0FB685B6D43F027
:104660001002FB685A650123FB75FB68012283F881
:10467000512054E0FB681B685A68FB681B6842F0D5
:1046800001025A60FB689B6C00221A64FB689B6CF9
:104690000022DA63FB689B6C0022DA64FB689B6C87
:1046A00000221A65FB68986CFB681B6B1946FB6857
:1046B0001B680C331A46FB68DB8E9BB2FCF762FA70
:1046C0000346002B0CD0FB685B6D43F01002FB68C7
:1046D0005A650123FB75FB68012283F851201EE017
:1046E000FB681B681B6803F04003402B07D0FB6886
:1046F0001B681A68FB681B6842F040021A60FB687E
:104700001B685A68FB681B6842F020025A60FB680D
:104710001B685A68FB681B6842F002025A60FB681B
:10472000002283F85020FB7D18461837BD4680BD17
:1047300081490008474800089F490008CF48000801
:10474000BD49000880B483B000AF786000BF0C376B
:10475000BD465DF8047B704780B483B000AF7860DD
:1047600000BF0C37BD465DF8047B704780B483B052
:1047700000AF786000BF0C37BD465DF8047B704722
:1047800080B483B000AF786000BF0C37BD465DF8E1
:10479000047B704780B483B000AF786000BF0C37F3
:1047A000BD465DF8047B704780B483B000AF78608D
:1047B00000BF0C37BD465DF8047B704780B584B000
:1047C00000AF78607B689B6BFB607B681B681B6835
:1047D00003F48073B3F5807F2ED0FB681B685A68A2
:1047E000FB681B6822F020025A60FB681B685A684D
:1047F000FB681B6822F002025A60FB689B68002B72
:104800000AD10023BB60FB681B68DB68BB60FB68E8
:104810001B689B68BB60BB68FB680022DA86FB688C
:10482000012283F85120FB685B6D002B04D0FB68EC
:104830001B6FF868984703E0FB689B6DF868984722
:104840001037BD4680BD80B584B000AF78607B680E
:104850009B6BFB60FBF74AFFB8607B681B681B68BB
:1048600003F48073B3F5807F2AD0FB681B685A6815
:10487000FB681B6822F020025A60FB681B685A68BC
:10488000FB681B6822F003025A60BA686421F8686A
:1048900000F01FF90346002B02D0FB6820225A6566
:1048A000FB680022DA87FB68012283F85120FB684D
:1048B0005B6D002B04D0FB681B6FF868984703E022
:1048C000FB68DB6DF86898471037BD4680BD80B542
:1048D00084B000AF78607B689B6BFB60FBF706FFE2
:1048E000B8607B681B681B6803F48073B3F5807F36
:1048F00030D0FB681B685A68FB681B6822F02002F6
:104900005A60BA686421F86800F048F90346002B41
:1049100005D0FB685B6D43F02002FB685A65FB68BD
:104920001B685A68FB681B6822F003025A60FB6828
:104930000022DA86FB680022DA87FB68012283F80E
:104940005120FB685B6D002B04D0FB681B6FF8687F
:10495000984703E0FB681B6EF86898471037BD4620
:1049600080BD80B584B000AF78607B689B6BFB60D6
:10497000FB685B6EF868984700BF1037BD4680BD86
:1049800080B584B000AF78607B689B6BFB60FB6890
:104990009B6EF868984700BF1037BD4680BD80B554
:1049A00084B000AF78607B689B6BFB60FB68DB6E5C
:1049B000F868984700BF1037BD4680BD80B584B009
:1049C00000AF78607B689B6BFB60FB681B685A6874
:1049D000FB681B6822F003025A60FB685B6D43F0C2
:1049E0001002FB685A65FB68012283F85120FB68BE
:1049F0001B6FF868984700BF1037BD4680BD80B573
:104A000084B000AFF860B9603B601346FB714CE0C6
:104A10003B68B3F1FF3F48D0FBF768FE0246BB6935
:104A2000D31A3A689A4202D93B68002B3DD1FB6801
:104A30001B685A68FB681B6822F0E0025A60FB683A
:104A40005B68B3F5827F11D1FB689B68B3F5004FBB
:104A500004D0FB689B68B3F5806F07D1FB681B68C7
:104A60001A68FB681B6822F040021A60FB689B6AA8
:104A7000B3F5005F0FD1FB681B681A68FB681B6801
:104A800022F400521A60FB681B681A68FB681B68F6
:104A900042F400521A60FB68012283F85120FB683F
:104AA000002283F8502003230FE0FB681B689A68FC
:104AB000BB681340BA689A420CBF01230023DBB2E3
:104AC0001A46FB799A42A3D1002318461037BD46F7
:104AD00080BD80B586B002AFF860B9607A60FB68CF
:104AE0005B68B3F5827F11D1FB689B68B3F5004F1B
:104AF00004D0FB689B68B3F5806F07D1FB681B6827
:104B00001A68FB681B6822F040021A60FB685B6849
:104B1000B3F5827F2AD1FB689B68B3F5806F12D012
:104B20007B680093BB6800228021F868FFF767FF6D
:104B30000346002B2DD0FB685B6D43F02002FB6821
:104B40005A65032326E07B680093BB68002201219D
:104B5000F868FFF754FF0346002B1AD0FB685B6D23
:104B600043F02002FB685A65032313E07B6800933F
:104B7000BB6800220121F868FFF741FF0346002BC4
:104B800007D0FB685B6D43F02002FB685A65032386
:104B900000E0002318461037BD4680BD80B588B0C0
:104BA00002AFF860B9607A601B4B1B681B4AA2FB1E
:104BB00003235B0D4FF47A7202FB03F37B61FB6806
:104BC0005B68B3F5827F12D17B680093BB680022DB
:104BD0008021F868FFF713FF0346002B16D0FB680F
:104BE0005B6D43F02002FB685A6503230FE07B698D
:104BF000002B0AD07B69013B7B61FB681B689B68CB
:104C000003F08003802BF2D000E000BF00231846A1
:104C10001837BD4680BD00BF10000020819F5E1682
:104C200080B582B000AF78607B68002B01D1012392
:104C30001DE07B6893F83D30DBB2002B06D17B682A
:104C4000002283F83C20786804F038F97B6802225F
:104C500083F83D207B681A687B6804331946104648
:104C600000F01EFA7B68012283F83D2000231846DD
:104C70000837BD4680BD80B485B000AF78607B68E2
:104C80001B68DA687B681B6842F00102DA607B68A7
:104C90001B689B6803F00703FB60FB68062B07D0CB
:104CA0007B681B681A687B681B6842F001021A6007
:104CB000002318461437BD465DF8047B704780B565
:104CC00082B000AF78607B681B681B6903F0020349
:104CD000022B22D17B681B68DB6803F00203022BE6
:104CE0001BD17B681B686FF002021A617B6801228E
:104CF0001A777B681B689B6903F00303002B03D0C2
:104D0000786800F0AFF905E0786800F0A1F97868FC
:104D100000F0B2F97B6800221A777B681B681B6978
:104D200003F00403042B22D17B681B68DB6803F0CB
:104D30000403042B1BD17B681B686FF004021A610B
:104D40007B6802221A777B681B689B6903F44073B7
:104D5000002B03D0786800F085F905E0786800F052
:104D600077F9786800F088F97B6800221A777B6809
:104D70001B681B6903F00803082B22D17B681B68A2
:104D8000DB6803F00803082B1BD17B681B686FF0FE
:104D900008021A617B6804221A777B681B68DB694A
:104DA00003F00303002B03D0786800F05BF905E003
:104DB000786800F04DF9786800F05EF97B680022B1
:104DC0001A777B681B681B6903F01003102B22D134
:104DD0007B681B68DB6803F01003102B1BD17B681A
:104DE0001B686FF010021A617B6808221A777B68D3
:104DF0001B68DB6903F44073002B03D0786800F074
:104E000031F905E0786800F023F9786800F034F9AA
:104E10007B6800221A777B681B681B6903F001031B
:104E2000012B0ED17B681B68DB6803F00103012BAB
:104E300007D17B681B686FF001021A61786800F087
:104E4000FDF87B681B681B6903F08003802B0ED183
:104E50007B681B68DB6803F08003802B07D17B68CD
:104E60001B686FF080021A61786800F0D9FA7B68DD
:104E70001B681B6903F04003402B0ED17B681B6845
:104E8000DB6803F04003402B07D17B681B686FF0A1
:104E900040021A61786800F0F9F87B681B681B69AA
:104EA00003F02003202B0ED17B681B68DB6803F026
:104EB0002003202B07D17B681B686FF020021A614A
:104EC000786800F0A3FA00BF0837BD4680BD80B502
:104ED00084B000AF786039607B6893F83C30012B78
:104EE00001D10223A6E07B68012283F83C207B6885
:104EF000022283F83D207B681B689B68FB60FB688F
:104F000023F07703FB60FB6823F47F43FB607B683F
:104F10001B68FA689A603B681B68402B67D0402B7F
:104F20000BD8102B73D0102B02D8002B6FD078E049
:104F3000202B6CD0302B6AD073E0702B0DD0702BEF
:104F400004D8502B33D0602B41D06AE0B3F5805F9A
:104F500066D0B3F5005F17D063E07B6818683B68E4
:104F600099683B685A683B68DB6800F0B3F97B6876
:104F70001B689B68FB60FB6843F07703FB607B6802
:104F80001B68FA689A604CE07B6818683B6899680F
:104F90003B685A683B68DB6800F09CF97B681B68DB
:104FA0009A687B681B6842F480429A6039E07B68AB
:104FB00018683B6859683B68DB681A4600F010F9CE
:104FC0007B681B685021184600F069F929E07B686E
:104FD00018683B6859683B68DB681A4600F02FF98F
:104FE0007B681B686021184600F059F919E07B685E
:104FF00018683B6859683B68DB681A4600F0F0F8AF
:105000007B681B684021184600F049F909E07B687D
:105010001A683B681B681946104600F040F900E02A
:1050200000BF7B68012283F83D207B68002283F863
:105030003C20002318461037BD4680BD80B483B0A5
:1050400000AF786000BF0C37BD465DF8047B704749
:1050500080B483B000AF786000BF0C37BD465DF808
:10506000047B704780B483B000AF786000BF0C371A
:10507000BD465DF8047B704780B483B000AF7860B4
:1050800000BF0C37BD465DF8047B704780B483B029
:1050900000AF786000BF0C37BD465DF8047B7047F9
:1050A00080B485B000AF786039607B681B68FB60B6
:1050B0007B68404A934213D07B68B3F1804F0FD096
:1050C0007B683D4A93420BD07B683C4A934207D0B1
:1050D0007B683B4A934203D07B683A4A934208D1AB
:1050E000FB6823F07003FB603B685B68FA6813435E
:1050F000FB607B682F4A93422BD07B68B3F1804FD3
:1051000027D07B682C4A934223D07B682B4A93425A
:105110001FD07B682A4A93421BD07B68294A93425E
:1051200017D07B68284A934213D07B68274A934262
:105130000FD07B68264A93420BD07B68254A934266
:1051400007D07B68244A934203D07B68234A93426A
:1051500008D1FB6823F44073FB603B68DB68FA68A6
:105160001343FB60FB6823F080023B685B691343D9
:10517000FB607B68FA681A603B689A687B68DA6251
:105180003B681A687B689A627B680A4A934203D03C
:105190007B680C4A934203D13B681A697B681A63A7
:1051A0007B6801225A6100BF1437BD465DF8047B5D
:1051B000704700BF000001400004004000080040AC
:1051C000000C004000040140004001400044014048
:1051D0000048014000180040001C00400020004032
:1051E00080B487B000AFF860B9607A60FB681B6A72
:1051F0007B61FB681B6A23F00102FB681A62FB6893
:105200009B693B613B6923F0F0033B617B681B01B9
:105210003A6913433B617B6923F00A037B617A6936
:10522000BB6813437B61FB683A699A61FB687A69E2
:105230001A6200BF1C37BD465DF8047B704780B41E
:1052400087B000AFF860B9607A60FB681B6A23F032
:105250001002FB681A62FB689B697B61FB681B6A32
:105260003B617B6923F470437B617B681B037A6934
:1052700013437B613B6923F0A0033B61BB681B01C7
:105280003A6913433B61FB687A699A61FB683A6942
:105290001A6200BF1C37BD465DF8047B704780B4BE
:1052A00085B000AF786039607B689B68FB60FB6805
:1052B00023F07003FB603A68FB68134343F0070375
:1052C000FB607B68FA689A6000BF1437BD465DF8E2
:1052D000047B704780B487B000AFF860B9607A6033
:1052E0003B60FB689B687B617B6923F47F437B6148
:1052F0003B681A027B681A43BB6813437A691343FD
:105300007B61FB687A699A6000BF1C37BD465DF817
:10531000047B704780B485B000AF786039607B68EB
:1053200093F83C30012B01D102235AE07B68012223
:1053300083F83C207B68022283F83D207B681B6851
:105340005B68FB607B681B689B68BB60FB6823F045
:105350007003FB603B681B68FA681343FB607B6863
:105360001B68FA685A607B681B68214A934222D006
:105370007B681B68B3F1804F1DD07B681B681D4A9A
:10538000934218D07B681B681B4A934213D07B68FA
:105390001B681A4A93420ED07B681B68184A9342D6
:1053A00009D07B681B68174A934204D07B681B684E
:1053B000154A93420CD1BB6823F08003BB603B6865
:1053C0005B68BA681343BB607B681B68BA689A6005
:1053D0007B68012283F83D207B68002283F83C2013
:1053E000002318461437BD465DF8047B704700BFA4
:1053F000000001400004004000080040000C004094
:1054000000040140004001400018004080B483B017
:1054100000AF786000BF0C37BD465DF8047B704775
:1054200080B483B000AF786000BF0C37BD465DF834
:10543000047B704780B582B000AF78607B68002B3A
:1054400001D101233FE07B6893F83930DBB2002BB8
:1054500006D17B68002283F83820786803F0A8FD25
:105460007B68242283F839207B681B68DA687B68B4
:105470001B6822F40052DA60786800F0C7FB7B6892
:105480001B681A697B681B6822F490421A617B686A
:105490001B685A697B681B6822F02A025A617B6884
:1054A0001B68DA687B681B6842F40052DA607B682C
:1054B0000022DA637B68202283F839207B6820226F
:1054C00083F83A20002318460837BD4680BD80B5D2
:1054D00088B002AFF860B9603B601346FB800023E0
:1054E0007B61FB6893F83930DBB2202B40F083807E
:1054F000BB68002B02D0FB88002B01D101237BE08D
:10550000FB6893F83830012B01D1022374E0FB686B
:10551000012283F83820FB680022DA63FB6821222D
:1055200083F83920FBF7E2F87861FB68FA889A84FF
:10553000FB68FA88DA84FB68002283F8382042E0AE
:10554000FB68DB8C9BB2013B9AB2FB68DA84FB6898
:105550009B68B3F5805F22D13B6800937B69002292
:105560008021F86800F0E6F90346002B01D0032300
:1055700042E0BB683B613B691B881A46FB681B68BD
:10558000C2F308025A60FB681B69002B03D1BB6899
:105590000233BB6017E0BB680133BB6013E03B68BC
:1055A00000937B6900228021F86800F0C3F903466C
:1055B000002B01D003231FE0BB685A1CBA601A7885
:1055C000FB681B685A60FB68DB8C9BB2002BB7D171
:1055D0003B6800937B6900224021F86800F0AAF93B
:1055E0000346002B01D0032306E0FB68202283F84A
:1055F0003920002300E0022318461837BD4680BD3D
:1056000080B485B000AFF860B9601346FB80FB68DA
:1056100093F83930DBB2202B30D1BB68002B02D09D
:10562000FB88002B01D1012329E0FB6893F8383077
:10563000012B01D1022322E0FB68012283F83820EC
:10564000FB68BA681A62FB68FA889A84FB68FA8871
:10565000DA84FB680022DA63FB68212283F83920B0
:10566000FB68002283F83820FB681B68DA68FB6857
:105670001B6842F08002DA60002300E00223184633
:105680001437BD465DF8047B704780B485B000AF29
:10569000F860B9601346FB80FB6893F83A30DBB2E0
:1056A000202B40D1BB68002B02D0FB88002B01D1FE
:1056B000012339E0FB6893F83830012B01D1022334
:1056C00032E0FB68012283F83820FB68BA689A62EE
:1056D000FB68FA889A85FB68FA88DA85FB680022FD
:1056E000DA63FB68222283F83A20FB68002283F801
:1056F0003820FB681B68DA68FB681B6842F480721C
:10570000DA60FB681B685A69FB681B6842F001029B
:105710005A61FB681B68DA68FB681B6842F020026C
:10572000DA60002300E0022318461437BD465DF816
:10573000047B704780B588B000AF78607B681B68D9
:105740001B68FB617B681B68DB68BB617B681B684F
:105750005B697B6100233B610023FB60FB6903F015
:105760000F033B613B69002B0DD1FB6903F0200364
:10577000002B08D0BB6903F02003002B03D078680E
:1057800000F0C2F9D1E03B69002B00F0B0807B69EA
:1057900003F00103002B05D1BB6903F49073002BC8
:1057A00000F0A580FB6903F00103002B0AD0BB6960
:1057B00003F48073002B05D07B68DB6B43F00102A0
:1057C0007B68DA63FB6903F00403002B0AD07B6972
:1057D00003F00103002B05D07B68DB6B43F0020272
:1057E0007B68DA63FB6903F00203002B0AD07B6954
:1057F00003F00103002B05D07B68DB6B43F0040250
:105800007B68DA63FB6903F00803002B0FD0BB69E8
:1058100003F02003002B04D17B6903F00103002B6C
:1058200005D07B68DB6B43F008027B68DA637B683A
:10583000DB6B002B78D0FB6903F02003002B07D033
:10584000BB6903F02003002B02D0786800F05CF9FC
:105850007B681B685B6903F04003402B0CBF01238E
:105860000023DBB2FB607B68DB6B03F00803002BDB
:1058700002D1FB68002B31D0786800F0A5F87B6876
:105880001B685B6903F04003402B23D17B681B68D6
:105890005A697B681B6822F040025A617B685B6B27
:1058A000002B13D07B685B6B214A1A657B685B6BAE
:1058B0001846FBF723FA0346002B16D07B685B6B78
:1058C0001B6D7A68526B104698470EE0786808F0B6
:1058D00091FE0AE0786808F08DFE06E0786808F02E
:1058E00089FE7B680022DA631EE000BF1CE0FB69D2
:1058F00003F08003002B08D0BB6903F08003002B6A
:1059000003D0786800F092F80FE0FB6903F04003E1
:10591000002B0AD0BB6903F04003002B05D0786848
:1059200000F0DAF800BF00E000BF2037BD4680BDC0
:10593000055A000880B584B000AFF860B9603B60DC
:105940001346FB712CE0BB69B3F1FF3F28D0BB6964
:10595000002B07D0FAF7CAFE02463B68D31ABA6991
:105960009A421DD2FB681B68DA68FB681B6822F448
:10597000D072DA60FB681B685A69FB681B6822F00A
:1059800001025A61FB68202283F83920FB6820223B
:1059900083F83A20FB68002283F8382003230FE0C5
:1059A000FB681B681A68BB681340BA689A420CBF50
:1059B00001230023DBB21A46FB799A42C3D00023AD
:1059C00018461037BD4680BD80B483B000AF786004
:1059D0007B681B68DA687B681B6822F49072DA6067
:1059E0007B681B685A697B681B6822F001025A6158
:1059F0007B68202283F83A2000BF0C37BD465DF853
:105A0000047B704780B584B000AF78607B689B6B87
:105A1000FB60FB680022DA85FB680022DA84F86804
:105A200008F0E8FD00BF1037BD4680BD80B485B0EA
:105A300000AF78607B6893F83930DBB2212B44D11A
:105A40007B689B68B3F5805F1AD17B681B6AFB603B
:105A5000FB681B881A467B681B68C2F308025A6001
:105A60007B681B69002B05D17B681B6A9A1C7B68CD
:105A70001A620EE07B681B6A5A1C7B681A6208E097
:105A80007B681B6A591C7A6811621A787B681B68EC
:105A90005A607B68DB8C9BB2013B9BB27A681946EB
:105AA000D184002B0FD17B681B68DA687B681B6888
:105AB00022F08002DA607B681B68DA687B681B680A
:105AC00042F04002DA60002300E002231846143757
:105AD000BD465DF8047B704780B582B000AF78604A
:105AE0007B681B68DA687B681B6822F04002DA601A
:105AF0007B68202283F83920786808F01BFD00239A
:105B000018460837BD4680BD80B584B000AF7860C8
:105B10007B6893F83A30DBB2222B71D17B689B68AB
:105B2000B3F5805F23D17B689B6AFB607B681B6950
:105B3000002B0ED17B681B685B689BB2C3F3080324
:105B40009AB2FB681A807B689B6A9A1C7B689A628F
:105B500029E07B681B685B689BB2DBB29AB2FB688A
:105B60001A807B689B6A5A1C7B689A621BE07B6880
:105B70001B69002B0AD17B681B6858687B689B6A8D
:105B8000591C7A689162C2B21A700CE07B681B687B
:105B90005B68DAB27B689B6A581C7968886202F09D
:105BA0007F02D2B21A707B68DB8D9BB2013B9BB245
:105BB0007A681946D185002B20D17B681B68DA688A
:105BC0007B681B6822F02002DA607B681B68DA6859
:105BD0007B681B6822F48072DA607B681B685A69F4
:105BE0007B681B6822F001025A617B68202283F8DF
:105BF0003A20786808F0D2FC002302E0002300E09D
:105C0000022318461037BD4680BD00002DE9F04F35
:105C100085B000AF78607B681B681B6923F4405136
:105C20007B68DA687B681B680A431A617B689A683C
:105C30007B681B691A437B685B691A437B68DB6975
:105C40001343FB607B681B68DB6823F4164323F077
:105C50000C037A681268F9680B43D3607B681B6891
:105C60005B6923F440717B689A697B681B680A430F
:105C70005A617B68DB69B3F5004F40F08B817B682C
:105C80001B68C14A934205D07B681B68BF4A934298
:105C900040F0BD80FDF72AF9B860BB681D464FF0A3
:105CA0000006A846B14618EB080349EB09049846DC
:105CB000A14618EB050849EB06094FF000014FF02B
:105CC00000024FEAC90242EA58724FEAC801884608
:105CD000914618EB050049EB06017B685B681D46A1
:105CE0004FF000066B1946EB06041A462346FAF7F6
:105CF000DFFA03460C461A46A54BA3FB02235B09B9
:105D00004FEA0318BB681D464FF00006A946B2468D
:105D100019EB09034AEB0A049946A24619EB050957
:105D20004AEB060A4FF000014FF000024FEACA02A8
:105D300042EA59724FEAC9018946924619EB0500B9
:105D40004AEB06017B685B681D464FF000066B1945
:105D500046EB06041A462346FAF7AAFA03460C460F
:105D60001A468B4BA3FB02135B09642101FB03F36F
:105D7000D31ADB003233864AA2FB03235B095B00A4
:105D800003F4F8739844BB681D464FF00006A9461B
:105D9000B24619EB09034AEB0A049946A24619EBED
:105DA00005094AEB060A4FF000014FF000024FEAE6
:105DB000CA0242EA59724FEAC9018946924619EB72
:105DC00005004AEB06017B685B681D464FF0000644
:105DD0006B1946EB06041A462346FAF769FA03469E
:105DE0000C461A466A4BA3FB02135B09642101FBB4
:105DF00003F3D31ADB003233654AA2FB03235B09AA
:105E000003F007027B681B6842449A606FE2FDF76B
:105E100059F8B860BB681D464FF00006A846B14669
:105E200018EB080349EB09049846A14618EB05084E
:105E300049EB06094FF000014FF000024FEAC9029A
:105E400042EA58724FEAC8018846914618EB0500AD
:105E500049EB06017B685B681D464FF000066B1935
:105E600046EB06041A462346FAF722FA03460C4686
:105E70001A46474BA3FB02235B094FEA0318BB6892
:105E80001D464FF00006A946B24619EB09034AEB3E
:105E90000A049946A24619EB05094AEB060A4FF097
:105EA00000014FF000024FEACA0242EA59724FEA7B
:105EB000C9018946924619EB05004AEB06017B6849
:105EC0005B681D464FF000066B1946EB06041A4648
:105ED0002346FAF7EDF903460C461A462C4BA3FB72
:105EE00002135B09642101FB03F3D31ADB00323395
:105EF000274AA2FB03235B095B0003F4F873984471
:105F0000BB681D464FF00006A946B24619EB0903CF
:105F10004AEB0A049946A24619EB05094AEB060A20
:105F20004FF000014FF000024FEACA0242EA5972F4
:105F30004FEAC9018946924619EB05004AEB060172
:105F40007B685B681D464FF000066B1946EB060444
:105F50001A462346FAF7ACF903460C461A460C4B90
:105F6000A3FB02135B09642101FB03F3D31ADB00DB
:105F70003233074AA2FB03235B0903F007027B6865
:105F80001B6842449A60B2E10010014000140140D5
:105F90001F85EB517B681B68D74A934205D07B680D
:105FA0001B68D64A934240F0D180FCF79FFFB8604F
:105FB000BB689A464FF0000BD046D94618EB080351
:105FC00049EB09049846A14618EB0A0849EB0B096E
:105FD0004FF000014FF000024FEAC90242EA587246
:105FE0004FEAC801884691461AEB08054BEB0906B3
:105FF0007B685B6819464FF000024FF000034FF0DA
:106000000004940044EA91748B001A462346284603
:106010003146FAF74DF903460C461A46B84BA3FB36
:1060200002235B094FEA0318BB689B464FF0000C44
:10603000D946E24619EB09034AEB0A049946A246FF
:1060400019EB0B094AEB0C0A4FF000014FF000026C
:106050004FEACA0242EA59724FEAC901894692469A
:106060001BEB09054CEB0A067B685B6819464FF091
:1060700000024FF000034FF00004940044EA9174D2
:106080008B001A46234628463146FAF711F9034693
:106090000C461A469A4BA3FB02135B09642101FBD1
:1060A00003F3D31A1B013233954AA2FB03235B0986
:1060B00003F0F0039844BB689B464FF0000CD946B0
:1060C000E24619EB09034AEB0A049946A24619EB8A
:1060D0000B094AEB0C0A4FF000014FF000024FEAA7
:1060E000CA0242EA59724FEAC901894692461BEB3D
:1060F00009054CEB0A067B685B6819464FF0000205
:106100004FF000034FF00004940044EA91748B00B8
:106110001A46234628463146FAF7CAF803460C4683
:106120001A46774BA3FB02135B09642101FB03F3BF
:10613000D31A1B013233724AA2FB03235B0903F01B
:106140000F027B681B6842449A60D0E0FCF7BAFEFD
:10615000B860BB689A464FF0000BD046D94618EBA2
:10616000080349EB09049846A14618EB0A0849EBD5
:106170000B094FF000014FF000024FEAC90242EA5A
:1061800058724FEAC801884691461AEB08054BEB56
:1061900009067B685B6819464FF000024FF0000368
:1061A0004FF00004940044EA91748B001A46234691
:1061B00028463146FAF77CF803460C461A46504BFF
:1061C000A3FB02235B094FEA0318BB689B464FF011
:1061D000000CD946E24619EB09034AEB0A0499463A
:1061E000A24619EB0B094AEB0C0A4FF000014FF0E5
:1061F00000024FEACA0242EA59724FEAC9018946CF
:1062000092461BEB09054CEB0A067B685B68194656
:106210004FF000024FF000034FF00004940044EAF6
:1062200091748B001A46234628463146FAF740F807
:1062300003460C461A46324BA3FB02135B0964214A
:1062400001FB03F3D31A1B0132332D4AA2FB0323B4
:106250005B0903F0F0039844BB689B464FF0000CC9
:10626000D946E24619EB09034AEB0A049946A246CD
:1062700019EB0B094AEB0C0A4FF000014FF000023A
:106280004FEACA0242EA59724FEAC9018946924668
:106290001BEB09054CEB0A067B685B6819464FF05F
:1062A00000024FF000034FF00004940044EA9174A0
:1062B0008B001A46234628463146F9F7F9FF034674
:1062C0000C461A460E4BA3FB02135B09642101FB2B
:1062D00003F3D31A1B013233094AA2FB03235B09E0
:1062E00003F00F027B681B6842449A60FFE700BF1F
:1062F0001437BD46BDE8F08F001001400014014086
:106300001F85EB5180B582B000AF78607B68002BB1
:1063100001D1012316E0786802F01AFF7B68DA6881
:106320007B681B6842F080021A607B681A697B6890
:106330005B6842EA03017B689A687B681B680A43D2
:106340005A60002318460837BD4680BD80B483B02C
:1063500000AF78607B681B687A68D2681A60002397
:1063600018460C37BD465DF8047B704780B584B095
:1063700000AF3A4601234FF43071A22000F07CF8C0
:106380000523284A4FF42071A22000F075F8254B10
:106390001B78FF2B1ED1234B5B78FF2B1AD1214B8F
:1063A0009B78FF2B16D11F4BDB78FF2B12D11D4B97
:1063B0001B79FF2B0ED11B4BFB60FB681A4A106840
:1063C000186092889A80194B01221A70184B052286
:1063D0001A7012E0154B00221A703A78144B1A709A
:1063E000142200210F480DF0EEFB114B1B780D4AD3
:1063F0004FF42071A22000F03FF83A4601234FF4F9
:106400004071A22000F038F83B78012B03D1094BF2
:1064100001221A7002E0074B00221A7000BF1037E9
:10642000BD4680BD50020020804601084C0200207D
:106430004D0200206402002080B58AB004AF0346FC
:10644000B9607A60FB817B689BB2F9894FF47A72FC
:1064500002920193BB68009302230A46A2210548D9
:10646000FBF7EEFC03467B617B6918461837BD4697
:1064700080BD00BF3095022080B588B004AFBA60FF
:106480007B600346FB730B46BB81FB7B99B27B6849
:106490009BB2B8894FF47A7202920193BB68009361
:1064A000022302460348FBF7C5FD002318461037B8
:1064B000BD4680BD3095022080B487B000AF7860C3
:1064C00039607B681B781B037B617B6801331B7819
:1064D0001B013B617B6802331B781B09DBB2FB604D
:1064E0007A693B691A43FB681A433B681A607B6808
:1064F00003331B781B037B617B6804331B781B0110
:106500003B617B6805331B781B09DBB2FB607A6952
:106510003B691A43FB681A433B685A607B68063341
:106520001B781B027B617B6807331B783B617A69B0
:106530003B691A433B689A6000BF1C37BD465DF853
:10654000047B704780B586B000AFB9607A603B606D
:106550000346FB730023FB757B6800225A607B684F
:1065600000221A607B6800229A603968B86800F0DF
:1065700017F802467B685A603968B86800F072F80C
:1065800002467B681A603968B86800F0C5FA0246AE
:106590007B689A6097F9173018461837BD4680BD5A
:1065A00080B489B000AF786039602D4BBB6142F296
:1065B00034137B617B685B68DB083A6812885200A1
:1065C0009B1A3B613B68B3F902301A463B6903FBF7
:1065D00002F3002B01DA03F2FF73DB123B617B68ED
:1065E0005B681B093A6812889B1AFB60FB68FA68B3
:1065F00002FB03F3002B01DA03F6FF731B131A46A9
:106600003B68B3F9043003FB02F3002B02DA03F515
:106610007F533F339B13FB603A69FB681A443B6826
:106620005A623B685A6A13469B0013448033002B1E
:1066300000DAFF331B12FB61FA69BB699A4202DA86
:10664000BB69FB6105E0FA697B699A4201DD7B6900
:10665000FB61FB6918462437BD465DF8047B704733
:1066600060F0FFFF2DE9F0488EB000AF7860396030
:10667000C94B3B63C94BFB623B685B6A19464FEAF7
:10668000E172B1F5FA3342F1FF34C7E908347B6AAD
:106690003A6A02FB03F27B6A396A01FB03F31A448C
:1066A000396A3B6AA1FB0334224414463A68B2F9C2
:1066B000102011B24FEAE17201FB04F503FB02F076
:1066C0002844A3FB013402191446C7E90634C7E97C
:1066D00006343B68B3F90E301BB24FEAE3743A6AF2
:1066E00004FB02F17A6A03FB02F288183A6AA2FB01
:1066F000031283181A464FF000054FF000065604A7
:1067000046EAD1364D04D7E906126B1846EB02046F
:10671000C7E906343B68B3F90C3019B24FEAE172AD
:106720004FF000054FF00006CE000025D7E9061215
:106730006B1846EB0204C7E906347B6A3A6A02FB2F
:1067400003F27B6A396A01FB03F31A44396A3B6A34
:10675000A1FB0334224414463A68B2F90A2011B26C
:106760004FEAE17201FB04F503FB02F02844A3FBAE
:10677000013402191446002B74F1000202DAFF33CF
:1067800044F100044FF000014FF00002190A41EA01
:10679000046122120D4616463B68B3F908301BB25D
:1067A0004FEAE3743A6A04FB02F17A6A03FB02F2ED
:1067B00088183A6AA2FB031283181A464FF0000B9E
:1067C0004FF0000C4FEA023C4CEA115C4FEA013BEF
:1067D0001BEB05034CEB0604C7E908344FF000033C
:1067E0004FF40044C7E90434D7E90412D7E9083468
:1067F00011EB030B42EB040C3B68DB889BB24FF0C0
:10680000000403FB0CF50BFB04F02844ABFB033442
:1068100002191446002B74F1000203DA13F1FF335E
:1068200044F101044FF000014FF000026110E21743
:10683000C7E90812D7E90834234300F062817B6876
:106840001B68C3F580134FF00004C7E90234D7E991
:1068500002124FF000034FF00004D40744EA510441
:10686000CB07D7E906125B1A64EB02041D462646E5
:10687000AB46B4461BEB0B034CEB0C049B46A44607
:106880001BEB050B4CEB060C4FF000014FF0000228
:106890004FEA8C1242EA9B624FEA8B111BEB010B11
:1068A0004CEB020C4FF000014FF000024FEA8C025B
:1068B00042EA9B724FEA8B018B4694461BEB050B19
:1068C0004CEB060C4FF000014FF000024FEA8C0237
:1068D00042EA9B724FEA8B018B4694461BEB050004
:1068E0004CEB0601D7E90823F9F792FC03460C4666
:1068F000C7E902343B68B3F916301DB24FEAE576BA
:10690000D7E90234002B74F1000206DA41F6FF7178
:106910004FF000025B1844EB02044FF000014FF00F
:106920000002590B41EAC44162130B46144603FBB3
:1069300006F105FB04F28818A5FB031283181A461A
:10694000D7E90234002B74F1000006DA41F6FF7536
:106950004FF000065B1944EB06044FF000054FF0C2
:1069600000065D0B45EAC44566132B46344603FB1F
:1069700002F501FB04F02844A1FB0334021914467C
:10698000002B74F100020BDA6FF07E414FF0000231
:106990005B1844EB020403E0C0C62D00C0D8A7007A
:1069A0004FF000014FF00002590E41EAC411621687
:1069B000C7E908123B68B3F914301BB24FEAE3741D
:1069C000BA6804FB02F1FA6803FB02F20A44B968F0
:1069D000A1FB033422441446002B74F1000205DAB3
:1069E0004C494FF000025B1844EB02044FF00001E9
:1069F0004FF00002D90C41EA4431E214C7E9061213
:106A0000D7E90212D7E90834CD1842EB0406D7E9DA
:106A10000634591944EB06020B461446002B74F158
:106A2000000202DAFF3344F100044FF000014FF09E
:106A30000002190A41EA046122120D4616463B681B
:106A4000B3F9123019B24FEAE1724FF0000B4FF078
:106A5000000C4FEA021C4CEA117C4FEA011B1BEBB5
:106A600005034CEB0604C7E90234D7E90256F20FDE
:106A700011464FF000026B1846EB020464104FEA17
:106A800033031D462646AB46B4461BEB0B034CEBCB
:106A90000C049B46A4461BEB050B4CEB060C4FF07D
:106AA00000014FF000024FEA4C1242EADB624FEA6B
:106AB0004B111BEB010B4CEB020C1BEB05034CEBDE
:106AC0000604002B74F1000202DA7F3344F1000463
:106AD0004FF000014FF00002D90941EA4461E21190
:106AE0000B4614467B637A6B3B6B9A4202D23B6B3C
:106AF0007B6308E07A6BFB6A9A4204D9FB6A7B638A
:106B000001E03B6B7B637B6B18463837BD46BDE8C5
:106B1000F08800BFFFFF070080B48BB000AF786043
:106B200039604FF4C8333B623B685B6AA3F5963328
:106B3000FB617B689B689B03BB613B68B3F91E30BC
:106B40001B057B613B68B3F920301A46FB6902FBE9
:106B500003F33B61BA697B69D21A3B69D31A03F527
:106B60008043002B02DA03F5FF437F33DB13FB6026
:106B70003B6893F922301A46FB6903FB02F3002BB2
:106B800001DA03F2FF339B12BB613B681B7F1A469D
:106B9000FB6903FB02F3002B01DA03F2FF73DB1244
:106BA0007B617B6903F50043BA6902FB03F3002BA9
:106BB00001DA03F2FF339B1203F500133B613B68DC
:106BC000B3F91A301A463B6903FB02F303F500538D
:106BD000002B02DA03F57F533F339B13BB61FB6845
:106BE000BA6902FB03F37B617B69002B02DA03F5D0
:106BF000FF437F33DB131A467B69002B02DA03F570
:106C0000FF437F33DB1303FB02F3002B00DA7F33F8
:106C1000DB113B613B681B7E1A463B6903FB02F3B9
:106C2000002B00DA0F331B115B421A467B691344B9
:106C3000FB60FB6823EAE373FB60FB68B3F1C85FAA
:106C4000A8BF4FF0C853FB60FB68002B01DA03F6C6
:106C5000FF731B137B627A6A3B6A9A4201D93B6AD3
:106C60007B627B6A18462C37BD465DF8047B704713
:106C700080B485B000AF786039603B68FB607B68AA
:106C800001331B781B021AB27B681B781BB21343BB
:106C90001BB29AB2FB681A807B6803331B781B0215
:106CA0001AB27B6802331B781BB213431AB2FB681B
:106CB0005A807B6805331B781B021AB27B68043349
:106CC0001B781BB213431AB2FB689A807B680733A8
:106CD0001B781B021AB27B6806331B781BB2134366
:106CE0001BB29AB2FB68DA807B6809331B781B02FF
:106CF0001AB27B6808331B781BB213431AB2FB68C5
:106D00001A817B680B331B781B021AB27B680A332B
:106D10001B781BB213431AB2FB685A817B680D3390
:106D20001B781B021AB27B680C331B781BB213430F
:106D30001AB2FB689A817B680F331B781B021AB268
:106D40007B680E331B781BB213431AB2FB68DA81DF
:106D50007B6811331B781B021AB27B6810331B78D7
:106D60001BB213431AB2FB681A827B6813331B7879
:106D70001B021AB27B6812331B781BB213431AB280
:106D8000FB685A827B6815331B781B021AB27B683A
:106D900014331B781BB213431AB2FB689A827B68C8
:106DA00017331B781B021AB27B6816331B781BB291
:106DB00013431AB2FB68DA827B685A7EFB681A7644
:106DC00000BF1437BD465DF8047B704780B487B0C0
:106DD00000AF786039603B687B617B6801331B786A
:106DE0001B021AB27B681B781BB213431AB27B6971
:106DF0005A837B689A787B691A777B6803331B78A0
:106E00005BB29BB21B019BB27B827B6804331B7815
:106E10001BB203F00F033B827A8A3B8A13431AB2F8
:106E20007B69DA837B6805331B785BB29BB21B01FD
:106E30009BB2FB817B6804331B781B09DBB2BB81EF
:106E4000FA89BB8913431AB27B691A847B680633BB
:106E50001B785AB27B6983F8222000BF1C37BD46DD
:106E60005DF8047B704780B582B000AF3B460022DE
:106E70001A601A710023FB71B6233B700223FB7169
:106E8000FA793B461946E02000F0CEF90520F9F7E3
:106E900039FC00F0A9F800F005F80023184608377F
:106EA000BD4680BD80B596B000AF07F1500300220B
:106EB0001A601A7107F1400300221A605A609A6042
:106EC000C3F80B20002387F8573007F120031E2258
:106ED000002118460CF077FE3B461E220021184682
:106EE0000CF071FE1B2387F8563097F8562007F1F7
:106EF00020031946882000F0D1F807F12003591C1F
:106F00003B461A2218460CF03AFE3B4633491846D7
:106F1000FFF7AEFE082387F8563097F8562007F1A2
:106F200020031946E12000F0B9F807F12003591CAD
:106F30003B46072218460CF022FE3B4627491846DE
:106F4000FFF744FF012387F85030022387F85730BA
:106F500097F8572007F150031946F22000F064F922
:106F6000002387F85030022387F8573097F85720CE
:106F700007F150031946F52000F056F9252387F84C
:106F80005030022387F8573097F8572007F1500305
:106F90001946F42000F048F90A20F9F7B3FB092359
:106FA00087F8563097F8562007F140031946F72026
:106FB00000F09CF807F14003013309491846FFF738
:106FC0007BFA064B074A06490720FFF7BBFA05483C
:106FD00000F052F900BF5837BD4680BD0092022034
:106FE00068020020F491022080B584B000AF002335
:106FF000FB733B4600221A601A710023BB60022318
:10700000BB60D023FB733946FB7BBA68184600F09F
:107010001FF80346602B03D0642000F0EFFFF2E777
:1070200000BF00BF1037BD4680BD80B582B000AF45
:107030003B4600221A601A713B4602221946D020B4
:1070400000F006F8034618460837BD4680BD00002C
:1070500080B588B002AF0346B9607A60FB7307F170
:10706000100300221A601A71FB7B63F07F03DBB20E
:107070003B747B689AB207F110014FF47A73009366
:107080001346BA680448FCF75BFCBB685B7818469B
:107090001837BD4680BD00BFC495022080B58AB0B8
:1070A00002AF0346B9607A60FB7307F11003002258
:1070B0001A605A609A60C3F80B20FB7B63F07F0371
:1070C000DBB23B747B689AB207F110014FF47A731C
:1070D00000931346BA680448FCF732FCBB685B783F
:1070E00018462037BD4680BDC495022080B58EB0BD
:1070F00002AF0346B9607A60FB7307F110031E22EA
:10710000002118460CF05FFDFB7B3B747B689AB254
:1071100007F110014FF47A7300931346BA680448DC
:10712000FCF70EFCBB685B7818463037BD4680BD67
:10713000C495022080B500AF1E22002133480CF018
:1071400042FD334B334A1A60314B00225A60304BB8
:1071500000229A602E4B0022DA602D4B4FF48062A1
:107160001A612B4B00225A61294B00229A61284B4D
:107170000022DA61264B00221A62254B00225A6255
:107180002348F9F7F3FB0346002B01D001F012FA74
:10719000214B1F4ADA641E4B1F4A9A631F4B204A39
:1071A0001A601E4B00225A601C4B40229A601B4BF7
:1071B0000022DA60194B4FF480621A61174B0022EB
:1071C0005A61164B00229A61144B0022DA61134B6C
:1071D00000221A62114B00225A621048F9F7C6FBCE
:1071E0000346002B01D001F0E5F90B4B0B4A9A64E2
:1071F0000A4B094A9A63054BF7221A700923094A78
:1072000002490548FCF79AFF00BF80BD80020020BC
:10721000240C032040600240C495022048960220BE
:10722000886002407402002080B588B002AF034637
:10723000B9607A60FB7307F1100300221A601A71BB
:10724000FB7B03F07F03DBB23B74BB681B787B7472
:107250007B689AB207F110014FF47A7300931346DA
:10726000BA680448FCF76CFB002318461837BD4683
:1072700080BD00BFC495022080B485B000AF7860A7
:10728000354BFB607B685B6807EE903AF8EEE77A77
:107290009FED327A67EE877A314BC3ED017A7B68D6
:1072A0009B6807EE903AF8EE677A9FED2E7A67EECC
:1072B000877A2B4BC3ED027A7B681B6807EE903A06
:1072C000F8EE677A9FED287A67EE877A244BC3ED54
:1072D000007A234BD3ED007A9FED247A67EE877A0C
:1072E000FCEEE77A17EE902AFB68DA60FB68DB6851
:1072F0001B025A1CFB68DA60194BD3ED027A9FED32
:107300001C7A67EE877AFCEEE77A17EE902AFB6824
:107310009A60FB689B681B029A1CFB689A60104B82
:10732000D3ED017A9FED137A77EE877A9FED107A8D
:1073300067EE877AFCEEE77A17EE902AFB685A60D0
:10734000FB685B681B02DA1CFB685A6000BF1437DD
:10735000BD465DF8047B7047840C03200AD7233CAC
:10736000289202200000803A17B7D13800401C460E
:107370000050C3470000204280B485B000AF8C4B62
:10738000FB608C4BBB608C4B00221A808B4B002225
:107390001A808B4B1A68FB681A60FB680433FB6029
:1073A000884B1B78012B07D1BB68DA68FB681A6031
:1073B000FB680433FB6019E0824B1B78022B07D17A
:1073C000BB689A68FB681A60FB680433FB600DE0D9
:1073D0007C4B1B78032B09D1BB685A68FB681A6089
:1073E000FB680433FB60774B00221A70704B7B60A4
:1073F000714B1B881B0A9BB219467B685A1C7A602A
:107400001B784B40DBB23B606B4B1B881B021AB2F4
:107410006D493B6831F813301BB253401BB29AB22E
:10742000654B1A80644B1B881B0A9BB219467B680C
:107430005A1C7A601B784B40DBB23B605E4B1B886A
:107440001B021AB260493B6831F813301BB253403B
:107450001BB29AB2584B1A80574B1B881B0A9BB21F
:1074600019467B685A1C7A601B784B40DBB23B6044
:10747000514B1B881B021AB253493B6831F8133039
:107480001BB253401BB29AB24B4B1A804A4B1B881B
:107490001B0A9BB219467B685A1C7A601B784B40CA
:1074A000DBB23B60444B1B881B021AB246493B6867
:1074B00031F813301BB253401BB29AB23E4B1A80C4
:1074C0003D4B1B881B0A9BB219467B685A1C7A608D
:1074D0001B784B40DBB23B60374B1B881B021AB258
:1074E00039493B6831F813301BB253401BB29AB292
:1074F000314B1A80304B1B881B0A9BB219467B68A4
:107500005A1C7A601B784B40DBB23B602A4B1B88CD
:107510001B021AB22C493B6831F813301BB253409E
:107520001BB29AB2244B1A80234B1B881B0A9BB2B6
:1075300019467B685A1C7A601B784B40DBB23B6073
:107540001D4B1B881B021AB21F493B6831F81330D0
:107550001BB253401BB29AB2174B1A80164B1B88B2
:107560001B0A9BB219467B685A1C7A601B784B40F9
:10757000DBB23B60104B1B881B021AB212493B68FE
:1075800031F813301BB253401BB29AB20A4B1A8027
:10759000094B1A88094B1A800A4B1B780133DAB25F
:1075A000084B1A7000BF1437BD465DF8047B704766
:1075B000D8920220840C0320D492022068940220E6
:1075C000BC0A032008000020B84D010880B584B033
:1075D00000AF3B4600221A605A609A60C3F80B2045
:1075E00025233B703B4602221946F420FFF71CFE80
:1075F00000BF1037BD4680BD80B582B000AF3B46AE
:1076000000221A601A710023FB7101233B700223D0
:10761000FB71FA793B461946112000F059F9052013
:10762000F9F770F800F009F800F040F800F0B0F851
:10763000002318460837BD4680BD80B584B000AF32
:1076400000237B733B4600221A601A710023BB6043
:107650000023FB730023BB730223BB60F5237B7302
:1076600039467B7BBA68184600F08EF90346FB71F9
:10767000FB79422B02D0FB796F2B02D10023BB7325
:107680000FE0FB7B0A2B02D90123BB7309E0FB7BD4
:107690000133FB73642000F0B1FC012009F048FEC7
:1076A000DEE7BB7B18461037BD4680BD80B584B091
:1076B00000AF0023FB733B4600221A601A710223BD
:1076C000BB604E23FB731F233B703946FB7BBA68BC
:1076D000184600F0FDF85023FB7346233B703946F3
:1076E000FB7BBA68184600F0F3F84F23FB730623C0
:1076F0003B703946FB7BBA68184600F0E9F8522324
:10770000FB7302233B703946FB7BBA68184600F0D6
:10771000DFF81423FB7310233B703946FB7BBA68F8
:10772000184600F0D5F86323FB7300233B703946FD
:10773000FB7BBA68184600F0CBF86423FB73002388
:107740003B703946FB7BBA68184600F0C1F86823E5
:10775000FB7308233B703946FB7BBA68184600F080
:10776000B7F800BF1037BD4680BD80B582B000AF0E
:107770003B4600221A601A713B4602221946F52048
:1077800000F002F9034618460837BD4680BD0000E8
:1077900080B584B000AF3B4600221A605A609A6000
:1077A000C3F80B200D23FB73FA7B3B4619469F2041
:1077B00000F0BCF83B4601330C22194603480CF09C
:1077C000DEF900BF1037BD4680BD00BFA00200201B
:1077D00080B582B000AF0F23FB7114220021354821
:1077E0000CF0F1F9344B354A1A60334B00225A60E1
:1077F000314B00229A60304B0022DA602E4B4FF45E
:1078000080621A612C4B00225A612B4B00229A6134
:10781000294B0022DA61284B00221A62264B0022F3
:107820005A622548F9F7A2F80346002B01D000F070
:10783000C1FE234B204ADA641F4B214A9A63214B35
:10784000214A1A601F4B00225A601E4B40229A6048
:107850001C4B0022DA601B4B4FF480621A61194BFB
:1078600000225A61174B00229A61164B0022DA61FE
:10787000144B00221A62134B00225A621148F9F786
:1078800075F80346002B01D000F094FE0C4B0D4A16
:107890009A640C4B0A4A9A63064B9D221A70FB7934
:1078A0009BB20A4A03490648FCF74EFD00BF083761
:1078B000BD4680BDC8020020240C03204060024069
:1078C000C49502204896022088600240B40200203D
:1078D00080B588B002AF0346B9607A60FB7307F1E8
:1078E000100300221A601A71FB7B3B74BB681B7883
:1078F0007B740C4B4FF000429A617B689AB207F19F
:1079000010014FF47A7300931346BA680648FCF7E7
:10791000C5F9044B4FF400429A610023184618370A
:10792000BD4680BD00000240C495022080B58AB0EB
:1079300002AF0346B9607A60FB7307F110030022BF
:107940001A605A609A60C3F80B20FB7B3B740C4BA7
:107950004FF000429A617B689AB207F110014FF430
:107960007A7300931346BA680648FCF797F9044BFC
:107970004FF400429A61002318462037BD4680BD6F
:1079800000000240C495022080B588B002AF0346D3
:10799000B9607A60FB7307F1100300221A601A7154
:1079A000FB7B3B740C4B4FF000429A617B689AB2B0
:1079B00007F110014FF47A7300931346BA68074831
:1079C000FCF76CF9044B4FF400429A61BB685B789A
:1079D00018461837BD4680BD00000240C4950220FD
:1079E00080B489B000AF924BFB61924B5B789BB245
:1079F0001B029AB28F4B9B789BB213449AB2FB69DD
:107A00001A80FB690233FB618A4BDB789BB21B0255
:107A10009AB2884B1B799BB213449AB2FB691A80C5
:107A2000FB690233FB61834B5B799BB21B029AB209
:107A3000804B9B799BB213449AB2FB691A80FB6915
:107A40000233FB617B4BDB799BB21B029AB2794B11
:107A50001B7A9BB213449AB2FB691A80FB6902330A
:107A6000FB61744B5B7A9BB21B029AB2714B9B7A9F
:107A70009BB213449AB2FB691A80FB690233FB6123
:107A80006C4BDB7A9BB21B029AB26A4B1B7B9BB29C
:107A900013449AB2FB691A80FB690233FB61654BA0
:107AA0005B7B9BB21B029AB2624B9B7B9BB21344E3
:107AB0009AB2FB691A80FB690233FB615C4BBB61C4
:107AC0005D4B1B881B0A9BB21946BB695A1CBA61E5
:107AD0001B784B40DBB27B61574B1B881B021AB2F1
:107AE00056497B6931F813301BB253401BB29AB22E
:107AF000514B1A80504B1B881B0A9BB21946BB691D
:107B00005A1CBA611B784B40DBB27B614A4B1B8825
:107B10001B021AB249497B6931F813301BB253403A
:107B20001BB29AB2444B1A80434B1B881B0A9BB270
:107B30001946BB695A1CBA611B784B40DBB27B61AA
:107B40003D4B1B881B021AB23C497B6931F813304C
:107B50001BB253401BB29AB2374B1A80364B1B886C
:107B60001B0A9BB21946BB695A1CBA611B784B4071
:107B7000DBB27B61304B1B881B021AB22F497B6939
:107B800031F813301BB253401BB29AB22A4B1A8001
:107B9000294B1B881B0A9BB21946BB695A1CBA6148
:107BA0001B784B40DBB27B61234B1B881B021AB254
:107BB00022497B6931F813301BB253401BB29AB291
:107BC0001D4B1A801C4B1B881B0A9BB21946BB69B4
:107BD0005A1CBA611B784B40DBB27B61164B1B8889
:107BE0001B021AB215497B6931F813301BB253409E
:107BF0001BB29AB2104B1A800F4B1B881B0A9BB208
:107C00001946BB695A1CBA611B784B40DBB27B61D9
:107C1000094B1B881B021AB208497B6931F81330E3
:107C20001BB253401BB29AB2034B1A8008E000BF4C
:107C3000E0920220B4020020D4920220B84D010844
:107C4000614B1B881B0A9BB21946BB695A1CBA615F
:107C50001B784B40DBB27B615B4B1B881B021AB26B
:107C60005A497B6931F813301BB253401BB29AB2A8
:107C7000554B1A80564B3B61534B1B881B0A9BB2DA
:107C800019463B695A1C3A611B784B40DBB2FB60DA
:107C90004D4B1B881B021AB24C49FB6831F813305C
:107CA0001BB253401BB29AB2474B1A80464B1B88FB
:107CB0001B0A9BB219463B695A1C3A611B784B4020
:107CC000DBB2FB60404B1B881B021AB23F49FB68CA
:107CD00031F813301BB253401BB29AB23A4B1A80A0
:107CE000394B1B881B0A9BB219463B695A1C3A61E7
:107CF0001B784B40DBB2FB60334B1B881B021AB274
:107D00003249FB6831F813301BB253401BB29AB2B0
:107D10002D4B1A802C4B1B881B0A9BB219463B69C2
:107D20005A1C3A611B784B40DBB2FB60264B1B8828
:107D30001B021AB22549FB6831F813301BB25340BD
:107D40001BB29AB2204B1A80224BBB601E4B1B8881
:107D50001B0A9BB21946BB685A1CBA601B784B4081
:107D6000DBB27B60184B1B881B021AB217497B6879
:107D700031F813301BB253401BB29AB2124B1A8027
:107D8000114B1B881B0A9BB21946BB685A1CBA6070
:107D90001B784B40DBB27B600B4B1B881B021AB27B
:107DA0000A497B6831F813301BB253401BB29AB2B8
:107DB000054B1A80044B1A88074B1A8000BF2437E2
:107DC000BD465DF8047B7047D4920220B84D01088F
:107DD000E8920220EC9202206894022090B583B0D1
:107DE00000AF78604FF43F700BF098FE03461A46E0
:107DF000584B1A60574B1B684FF43F7200211846CE
:107E00000BF0E1FE534B1B684FF4A272C3F8B8218C
:107E1000504B1B680322C3F8B4214E4B1B6804224D
:107E2000C3F8BC214B4B1B684FF481725A60494B1D
:107E30001B6804229A60474B1B68FE221A61454B5F
:107E40001B6804225A61434B1B68FC22DA61414BD8
:107E50001B6802221A623F4B1B68EA229A623D4B62
:107E60001B680422DA623B4B1B68E6225A63394BDB
:107E70001B6804229A63374B1B68E4221A64354B53
:107E80001B6802225A64334B1B684FF48D72DA640C
:107E9000304B1B6804221A652E4B1B684FF48B7203
:107EA0009A652C4B1B680422DA652A4B1B684FF439
:107EB0008A725A66274B1B6802229A66254B1B68FA
:107EC0004FF499721A67234B1B6804225A67214B9F
:107ED0001B684FF49772DA671E4B1B680422C3F8C5
:107EE00080201C4B1B684FF49672C3F88820194BF6
:107EF0001B680222C3F88C20164B1C68012007F077
:107F0000DEFD0346C4F8683200F0F8FB00F092F89A
:107F100000F0FCF900F096F900F02CFA0E4800F0A1
:107F2000F5F8FFF769FBFEF721FA00F059FAFEF7C2
:107F30009AFF01F09DFA03F019F9084B1B78012B09
:107F400004D1064B02221A7001F012FB002009F046
:107F5000EFF9F2E71C0E032090460108100E0320F3
:107F600080B500AFF8F78CFB00F008F900F02AFBB1
:107F700000F0E2FA00F094F900F08AFA00F0B2FAA8
:107F80004FF4806103480BF06DFB00F005F800230F
:107F9000184680BDDD7D000880B500AF01F0B6FA5F
:107FA0000E4800F037FF0E4800F034FF0D4800F097
:107FB00031FF0D4800F048FD0C4801F095F80C48E1
:107FC00001F092F80B4B1B6C0A4A23F40063136414
:107FD000094800F0D5FF00BF80BD00BF50920220CD
:107FE0006C940220C495022030950220A8960220AD
:107FF000C00A032000380240F094022080B485B00B
:1080000000AF78600023FB600023BB600023FB60AF
:1080100005E0BB680133BB60FB680133FB60FA68B5
:108020007B689A42F5D300BF1437BD465DF8047BE8
:108030007047000080B400AF0B4B00221A600B4B5E
:1080400000221A600A4B00221A600A4B01221A70A1
:10805000094B00221A60094B00221A6000BFBD467E
:108060005DF8047B704700BFBC0A0320E80D0320C5
:10807000EC0D0320F40D0320E40D0320F00D03208C
:108080000FB490B587B002AF1F480BF029FAF86023
:10809000FB68002B30D007F124033B604FF4807065
:1080A00007F0E4F8B8603B683A6A4FF48071B8684A
:1080B0000BF0B0FFB868F8F785FA7860BA687B68AB
:1080C00013440D221A707B680133BA6813440A22E4
:1080D0001A70FB685B699C687B689A1C002300939C
:1080E0001346BA680021F868A047B86807F0D0F8CE
:1080F000F8680BF045FA00E000BF1437BD46BDE854
:10810000904004B0704700BFA44601080FB490B57A
:1081100087B002AF18480BF0E3F9F860FB68002B5A
:1081200023D007F124033B604FF4807007F09EF8E2
:10813000B8603B683A6A4FF48071B8680BF06AFF28
:10814000B868F8F73FFA7860FB685B699C680023C1
:1081500000937B68BA680021F868A047B86807F008
:1081600097F8F8680BF00CFA00E000BF1437BD4632
:10817000BDE8904004B07047AC46010880B596B0A9
:1081800000AF002387F857300023BB602B4B1B6CDC
:108190002A4A43F080531364284B1B6C03F080532E
:1081A000BB60BB6800237B60254B1B68244A43F4FB
:1081B00040431360224B1B6803F440437B607B68A1
:1081C0000123FB604FF4A0233B6102237B624FF449
:1081D0008003BB620423FB62C8233B6302237B63EF
:1081E0000723BB630223FB6307F10C031846FAF76E
:1081F00091FE034687F8573097F85730002B00D090
:10820000FEE70F233B6402237B640023BB644FF42F
:108210008053FB6400233B6507F1400303211846AC
:10822000FAF786FC034687F8573097F85730002B4B
:1082300000D0FEE700BF5837BD4680BD0038024081
:108240000070004080B500AF124B134A1A60114B0A
:10825000124A5A600F4B00229A600E4B0022DA60DD
:108260000C4B4FF480421A610A4B00225A61094BB1
:1082700000229A61074B0022DA61064B00221A6243
:108280000448F9F7A5FC0346002B01D000F092F951
:1082900000BF80BD3095022000580040801A0600C3
:1082A00080B500AF174B184A1A60164B4FF4827214
:1082B0005A60144B00229A60124B0022DA60114B74
:1082C00000221A610F4B00225A610E4B4FF40072CC
:1082D0009A610C4B0022DA610A4B00221A62094BA8
:1082E00000225A62074B00229A62064B0722DA628A
:1082F0000448FBF751F80346002B01D000F05AF96F
:1083000000BF80BD509202200030014080B500AF18
:10831000164B174A1A60154B00225A60134B002265
:108320009A60124B0022DA60104B00221A610F4B48
:1083300000225A610D4B00229A610C4B0022DA6137
:108340000A4B00221A62094B00225A62074B002294
:108350009A62064B0022DA620448FBF71DF80346D6
:10836000002B01D000F026F900BF80BD6C940220E4
:108370000038004080B500AF174B184A1A60164B02
:108380004FF482725A60144B00229A60124B002202
:10839000DA60114B02221A610F4B01225A610E4B17
:1083A0004FF400729A610C4B1022DA610A4B0022E2
:1083B0001A62094B00225A62074B00229A62064B4E
:1083C0000A22DA620448FAF7E7FF0346002B01D0DD
:1083D00000F0F0F800BF80BDC4950220003C0040D2
:1083E00080B586B000AF07F1080300221A605A601A
:1083F0009A60DA603B4600221A605A60224B234A98
:108400001A60214B01225A601F4B00229A601E4BBA
:108410004CF25032DA601C4B00221A611A4B0022D7
:108420009A611948FCF7FCFB0346002B01D000F0D1
:10843000C1F84FF48053BB6007F108031946124896
:10844000FCF745FD0346002B01D000F0B3F80023F4
:108450003B6000237B603B4619460B48FCF75AFF04
:108460000346002B01D000F0A5F8002200211E20B9
:10847000F8F744FA1E20F8F75DFA0348FCF7FBFB17
:1084800000BF1837BD4680BDF094022000080040B0
:1084900080B500AF114B124A1A60104B4FF4E13215
:1084A0005A600E4B00229A600C4B0022DA600B4B94
:1084B00000221A61094B0C225A61084B00229A6172
:1084C000064B0022DA610548FCF7B4FF0346002B97
:1084D00001D000F06FF800BF80BD00BFA896022059
:1084E0000010014080B500AF114B124A1A60104BCA
:1084F0004FF4E1325A600E4B00229A600C4B00227E
:10850000DA600B4B00221A61094B0C225A61084BAE
:1085100000229A61064B0022DA610548FCF78AFFC7
:108520000346002B01D000F045F800BF80BD00BF1E
:10853000C00A03200044004080B582B000AF002391
:108540007B601B4B1B6B1A4A43F400131363184BDD
:108550001B6B03F400137B607B6800233B60144BB0
:108560001B6B134A43F480031363114B1B6B03F41F
:1085700080033B603B68002200210F20F8F7BEF922
:108580000F20F8F7D7F9002205213820F8F7B6F9BF
:108590003820F8F7CFF9002200210D20F8F7AEF9C6
:1085A0000D20F8F7C7F900BF0837BD4680BD00BFF2
:1085B0000038024080B400AF00BFBD465DF8047BC8
:1085C0007047000080B58AB000AF07F114030022A5
:1085D0001A605A609A60DA601A6100233B61444B6A
:1085E0001B6B434A43F004031363414B1B6B03F0C3
:1085F00004033B613B690023FB603D4B1B6B3C4A22
:1086000043F0800313633A4B1B6B03F08003FB6062
:10861000FB680023BB60364B1B6B354A43F00103FC
:108620001363334B1B6B03F00103BB60BB68002378
:108630007B602F4B1B6B2E4A43F0020313632C4BC2
:108640001B6B03F002037B607B680123BB6101238A
:10865000FB6103233B6248F201037B6107F11403D2
:1086600019462448F9F758F8224B4FF400429A6112
:10867000204B01229A610123BB610023FB6103238C
:108680003B6202237B6107F1140319461948F9F78D
:1086900043F8184B4FF400329A610123BB61002369
:1086A000FB6103233B624FF400537B6107F114032A
:1086B00019461148F9F730F80F4B4FF000529A6104
:1086C0000123BB610023FB6103233B624FF4804322
:1086D0007B6107F1140319460748F9F71DF8064BAB
:1086E0004FF080429A6100BF2837BD4680BD00BF71
:1086F00000380240000002400008024080B483B00D
:1087000000AF194B7B607B6803F124027B681A621F
:108710007B681A6A7B685A617B685A697B689A61D0
:108720007B6800221A607B6800225A607B68002206
:108730009A607B6800221A737B6800225A737B68F8
:1087400000229A737B680022DA737B6800221A7415
:108750007B6800225A747B6800229A7400BF0C3731
:10876000BD465DF8047B7047F896022080B584B062
:1087700000AF78603960414BFB60FB685B68B3F524
:10878000C87F02D3FB680122DA73FB68DB7B012B15
:1087900001D100236EE0FB689B7C002B17D1FB68A6
:1087A0001A6AFB68243303F5E74320339A423BD32C
:1087B000FB6803F12402FB681A62FB68243303F1AF
:1087C0004A02FB685A61FB6801229A742CE0FB683C
:1087D0001A6AFB68243303F5E74320339A420BD32C
:1087E000FB6803F12402FB681A62FB68243303F17F
:1087F0004A02FB685A6117E0FB685A69FB681A6213
:10880000FB685B6903F14A02FB685A61FB685A69BD
:10881000FB68243303F5E74320339A4204D3FB6813
:1088200003F12402FB685A61FB681B6A3A687968A5
:1088300018460BF0A4F9FB681A6A3B681A44FB68F7
:108840001A62FB685B68B3F5C87F04D2FB685B689B
:108850005A1CFB685A60FB681B685A1CFB681A604C
:10886000FB681B7C002B04D1FB6801221A7400F00A
:1088700007F8012318461037BD4680BDF896022040
:1088800080B582B000AF104B7B604A210F4800F0EA
:1088900023F80346002B0BD07B68DB694A2219467C
:1088A0000B48FBF79DFB0B4B4FF480429A6106E0AF
:1088B000084B4FF080429A617B6800221A7400BF17
:1088C0000837BD4680BD00BFF8960220E4020020B4
:1088D0006C9402200008024080B485B000AF78603C
:1088E0003960184BFB60FB685B68002B01D10023EB
:1088F00022E0FB689A69FB68243303F5E7432033E1
:108900009A4204D3FB6803F12402FB689A61FB6876
:108910009A69FB68DA61FB689A693B681A44FB68EC
:108920009A61FB685B685A1EFB685A60FB689B682B
:108930005A1CFB689A60012318461437BD465DF83F
:10894000047B7047F896022080B483B000AF002308
:108950007B60104B5B6C0F4A43F4804353640D4BB8
:108960005B6C03F480437B607B6800233B60094BB6
:108970001B6C084A43F080531364064B1B6C03F0D6
:1089800080533B603B6800BF0C37BD465DF8047BFD
:10899000704700BF0038024080B58AB000AF7860F1
:1089A00007F1140300221A605A609A60DA601A61B3
:1089B0007B681B68214A93423CD100233B61204BDA
:1089C0001B6B1F4A43F0020313631D4B1B6B03F029
:1089D00002033B613B694FF480637B611223BB61FF
:1089E0000123FB6103233B6204237B6207F1140331
:1089F00019461448F8F790FE08237B611223BB61E7
:108A00000123FB6103233B6209237B6207F114030B
:108A100019460C48F8F780FE0023FB60084B1B6CDE
:108A2000074A43F480031364054B1B6C03F4800373
:108A3000FB60FB6800BF2837BD4680BD0058004082
:108A4000003802400004024080B582B000AF786078
:108A50007B681B680A4A93420DD10A4B1B6C094A7A
:108A600023F4800313644FF481610748F8F7C6FFCD
:108A70002120F7F76DFF00BF0837BD4680BD00BF5E
:108A800000580040003802400004024080B58EB01B
:108A900000AF786007F1240300221A605A609A60E0
:108AA000DA601A617B681B68774A934240F08B80DA
:108AB00000233B62754B5B6C744A43F480535364F0
:108AC000724B5B6C03F480533B623B6A0023FB6197
:108AD0006E4B1B6B6D4A43F0010313636B4B1B6BB7
:108AE00003F00103FB61FB69E0237B620223BB62AD
:108AF0000023FB6203233B6305237B6307F124030D
:108B000019466348F8F708FE624B634A1A60614BE6
:108B10004FF080625A605F4B40229A605D4B0022AA
:108B2000DA605C4B4FF480621A615A4B00225A6142
:108B3000584B00229A61574B0022DA61554B4FF493
:108B400000321A62534B00225A625248F7F70EFF66
:108B50000346002B01D0FFF72DFD7B684D4A9A6438
:108B60004C4A7B6893634D4B4D4A1A604B4B4FF018
:108B7000C0625A60494B00229A60484B0022DA607A
:108B8000464B4FF480621A61444B00225A61434BBA
:108B900000229A61414B0022DA61404B4FF440328F
:108BA0001A623E4B00225A623C48F7F7DFFE03464A
:108BB000002B01D0FFF7FEFC7B68384ADA64374AA5
:108BC0007B68936313E17B681B68364A934271D1DB
:108BD0000023BB612D4B1B6C2C4A43F48043136470
:108BE0002A4B1B6C03F48043BB61BB6900237B6190
:108BF000264B1B6B254A43F002031363234B1B6B6D
:108C000003F002037B617B694FF462437B620223C2
:108C1000BB620123FB6203233B6305237B6307F1F4
:108C2000240319462048F8F777FD204B204A1A60A4
:108C30001E4B00225A601D4B40229A601B4B0022A3
:108C4000DA601A4B4FF480621A61184B00225A61A5
:108C5000164B00229A61154B0022DA61134B4FF438
:108C600040321A62114B00225A621048F7F77EFE1A
:108C70000346002B01D0FFF79DFC7B680B4A9A64EA
:108C80000A4A7B689363B2E000300140003802403A
:108C900000000240C40B032040640240040B032088
:108CA000106402400038004000040240640B0320BE
:108CB000706002407B681B684F4A934240F0978087
:108CC00000233B614D4B1B6C4C4A43F4004313643F
:108CD0004A4B1B6C03F400433B613B690023FB6080
:108CE000464B1B6B454A43F002031363434B1B6B1C
:108CF00003F00203FB60FB684FF480537B620223A6
:108D0000BB620023FB6203233B6307237B6307F102
:108D1000240319463A48F8F7FFFC30237B6202230C
:108D2000BB620023FB6203233B6306237B6307F1E3
:108D3000240319463248F8F7EFFC324B324A1A60E6
:108D4000304B00225A602F4B00229A602D4B00229C
:108D5000DA602C4B4FF480621A612A4B00225A6170
:108D6000284B00229A61274B0022DA61254B002212
:108D70001A62244B00225A622248F7F7F7FD034695
:108D8000002B01D0FFF716FC7B681E4ADA641D4AEF
:108D90007B6893631D4B1E4A1A601C4B00225A606D
:108DA0001A4B40229A60194B0022DA60174B4FF49D
:108DB00080621A61154B00225A61144B00229A619D
:108DC000124B0022DA61114B00221A620F4B002273
:108DD0005A620E48F7F7CAFD0346002B01D0FFF791
:108DE000E9FB7B68094A9A64084A7B68936300BF81
:108DF0003837BD4680BD00BF003C0040003802400F
:108E000000040240240C03204060024048960220E7
:108E10008860024080B582B000AF78607B681B68D4
:108E2000204A93420FD1204B5B6C1F4A23F480539E
:108E30005364E0211D48F8F7E1FD7B689B6C184600
:108E4000F7F742FE2AE07B681B68194A934210D16B
:108E5000154B1B6C144A23F4804313644FF4624196
:108E60001448F8F7CBFD7B689B6C1846F7F72CFE8F
:108E700014E07B681B68104A93420FD10A4B1B6CAD
:108E8000094A23F40043136441F230010948F8F71A
:108E9000B5FD7B68DB6C1846F7F716FE00BF083798
:108EA000BD4680BD00300140003802400000024055
:108EB0000038004000040240003C004080B586B00D
:108EC00000AF78607B681B68B3F1804F16D1002338
:108ED0007B61284B1B6C274A43F001031364254B2D
:108EE0001B6C03F001037B617B69002200211C20C5
:108EF000F7F704FD1C20F7F71DFD36E07B681B68C3
:108F00001D4A934216D100233B611A4B1B6C194A30
:108F100043F002031364174B1B6C03F002033B6125
:108F20003B69002201211D20F7F7E8FC1D20F7F71F
:108F300001FD1AE07B681B68104A934215D100239B
:108F4000FB600C4B1B6C0B4A43F004031364094B8E
:108F50001B6C03F00403FB60FB68002201211E2050
:108F6000F7F7CCFC1E20F7F7E5FC00BF1837BD462D
:108F700080BD00BF003802400004004000080040EF
:108F800080B582B000AF78607B681B68B3F1804F1A
:108F900008D1064B1B6C054A23F0010313641C2007
:108FA000F7F7D6FC00BF0837BD4680BD0038024049
:108FB00080B58CB000AF786007F11C0300221A6006
:108FC0005A609A60DA601A617B681B68424A934271
:108FD0003DD10023BB61414B5B6C404A43F0100321
:108FE00053643E4B5B6C03F01003BB61BB69002311
:108FF0007B613A4B1B6B394A43F001031363374BD8
:109000001B6B03F001037B617B694FF4C063FB6161
:1090100002233B6200237B620323BB620723FB62C4
:1090200007F11C0319462E48F8F776FB00220721AA
:109030002520F7F763FC2520F7F77CFC7B681B688D
:10904000DA687B681B6842F02002DA6040E07B68E7
:109050001B68244A93423BD100233B611F4B1B6C8E
:109060001E4A43F4003313641C4B1B6C03F400339F
:109070003B613B690023FB60184B1B6B174A43F0B5
:1090800001031363154B1B6B03F00103FB60FB68CB
:109090000C23FB6102233B6201237B620323BB623F
:1090A0000723FB6207F11C0319460D48F8F734FB50
:1090B000002207212620F7F721FC2620F7F73AFCAB
:1090C0007B681B68DA687B681B6842F02002DA6004
:1090D00000BF3037BD4680BD00100140003802405F
:1090E000000002400044004080B582B000AF7860CC
:1090F0007B681B68124A93420ED1124B5B6C114A7B
:1091000023F0100353644FF4C0610F48F8F776FC66
:109110002520F7F71DFC0EE07B681B680B4A934285
:1091200009D1084B1B6C074A23F4003313640C214C
:109130000548F8F763FC00BF0837BD4680BD00BF97
:10914000001001400038024000000240004400408E
:1091500080B485B000AF78600023FB60084B1B6CC7
:10916000074A43F400631364054B1B6C03F400636C
:10917000FB60FB6800BF1437BD465DF8047B704799
:109180000038024080B400AF00BFBD465DF8047BEC
:10919000704780B400AFFEE780B400AFFEE780B454
:1091A00000AFFEE780B400AFFEE7000080B500AF7F
:1091B0006B4B1B78012B07D1694B02221A70694B4C
:1091C00000221A70FEF702FA664B1B780F2B0BD1A8
:1091D000634B1B78022B07D1634B00221A70FDF7FB
:1091E000A9FF604B00221A705F4B1B78012B01D145
:1091F000FEF7EEFA5B4B1B780133DAB2594B1A706B
:109200005A4B1B680133594A1360594B1B68013391
:10921000574A1360574B1B78002B04D0564B1B68E2
:109220000133554A1360514B1B68252B40D94F4BD6
:1092300000221A6000F07CF9504B1B78002B03D100
:109240004F4B00221A6033E04E4B1B78012B0CD1A0
:109250004A4B00221A704B4B00221A70484B0022D6
:109260001A60454B00221A6022E0474B1A68474BB0
:109270001B689A420AD0424B00221A60424B1B687C
:10928000424A13603C4B00221A6011E03C4B1B68C1
:1092900001333B4A13603A4B1B6840F254629342DD
:1092A00006D93B4B1B78002B02D1394B01221A7097
:1092B000304B1B78002B0CD02F4B1B684EF65F22D7
:1092C000934206D9324B1B78002B02D1304B01223E
:1092D0001A70304B1B78012B38D1254B1B68262B7D
:1092E0001AD92D4B1B78022B16D12C4B5B6903F43A
:1092F0000053002B05D0294A4FF0005393611A46C2
:1093000004E0264A4FF4005393611A46234B9A61B6
:10931000174B00221A6019E0154B1B68C82B15D992
:109320001E4B5B6903F40053002B05D01B4A4FF022
:10933000005393611A4604E0184A4FF400539361B6
:109340001A46164B9A610A4B00221A60144B1B787E
:10935000012B00D1FEE71348FBF7B1FC00BF80BD35
:10936000DE020020DF020020DD020020E80D0320E5
:10937000EC0D032064020020F00D0320E202002027
:10938000E40D0320180E0320F80D0320140E032013
:10939000100E0320F40D0320E1020020000802401B
:1093A000190E0320F094022080B400AF034B1B6819
:1093B0001846BD465DF8047B704700BFBC0A032019
:1093C00080B500AF0248FCF7B5F900BF80BD00BF13
:1093D000A896022080B500AF0248FCF7ABF900BFA9
:1093E00080BD00BFC00A032080B500AF0248F7F778
:1093F0002BFF00BF80BD00BF040B032080B500AF72
:109400000248F7F7B1FD00BF80BD00BF240C032068
:1094100080B500AF0248F7F793FC00BF80BD00BFE6
:10942000640B032080B500AF4FF40040F8F7B8FBA1
:1094300000BF80BD80B500AF4FF48070F8F7B0FB7F
:1094400000BF80BD80B400AF084BD3F88830074A16
:1094500043F47003C2F88830044B4FF000629A6006
:1094600000BFBD465DF8047B704700BF00ED00E023
:1094700080B500AF1A4B00221A701A4B00221A70E6
:10948000194B00221A60194B00221A60184B002257
:109490001A60184B00221A60174B00221A60174BF3
:1094A00000221A70164B00221A70164B164A1A60C8
:1094B000144B4FF4C0725A60124B50229A60114BF9
:1094C0007F22DA600F4B00221A610E48FCF71AFF68
:1094D0000346002B01D0FFF76DF800BF80BD00BF31
:1094E000180E0320E2020020E80D0320E40D032003
:1094F000F00D0320F80D0320140E0320100E03209E
:10950000190E0320FC0D0320002C004080B400AF96
:10951000054B00221A70054B00221A7000BFBD4691
:109520005DF8047B704700BFE2020020180E0320A4
:1095300080B500AF0448FCF709FF0346002B01D0BB
:10954000FFF738F800BF80BDFC0D032080B582B066
:1095500000AF78607868F7F7D5F8034B034ADA6014
:1095600000BF0837BD4680BD00ED00E00400FA05ED
:1095700080B500AF074B02229A610A20F7F7C2F8C4
:10958000044B4FF400329A616420FFF7DFFF00BF05
:1095900080BD00BF0000024080B58AB000AF786097
:1095A0000B467B809C4B1B68D3F8B0317B629A4B97
:1095B00019687A6A13465B0013441B0190330B440D
:1095C0003B623022396A78680AF0D9FA7B68FB611D
:1095D0007B881B0A9BB21946FB695A1CFA611B78EF
:1095E0004B40DBB2BB617B881B021AB28B49BB6963
:1095F00031F813301BB253401BB27B807B881B0AAF
:109600009BB21946FB695A1CFA611B784B40DBB2CE
:10961000BB617B881B021AB28049BB6931F81330E9
:109620001BB253401BB27B807B881B0A9BB219463E
:10963000FB695A1CFA611B784B40DBB2BB617B882B
:109640001B021AB27549BB6931F813301BB2534083
:109650001BB27B807B881B0A9BB21946FB695A1C94
:10966000FA611B784B40DBB2BB617B881B021AB2EC
:109670006A49BB6931F813301BB253401BB27B807F
:109680007B881B0A9BB21946FB695A1CFA611B783E
:109690004B40DBB2BB617B881B021AB25F49BB69DE
:1096A00031F813301BB253401BB27B807B881B0AFE
:1096B0009BB21946FB695A1CFA611B784B40DBB21E
:1096C000BB617B881B021AB25449BB6931F8133065
:1096D0001BB253401BB27B807B881B0A9BB219468E
:1096E000FB695A1CFA611B784B40DBB2BB617B887B
:1096F0001B021AB24949BB6931F813301BB25340FF
:109700001BB27B807B881B0A9BB21946FB695A1CE3
:10971000FA611B784B40DBB2BB617B881B021AB23B
:109720003E49BB6931F813301BB253401BB27B80FA
:109730007B881B0A9BB21946FB695A1CFA611B788D
:109740004B40DBB2BB617B881B021AB23349BB6959
:1097500031F813301BB253401BB27B807B881B0A4D
:109760009BB21946FB695A1CFA611B784B40DBB26D
:10977000BB617B881B021AB22849BB6931F81330E0
:109780001BB253401BB27B807B881B0A9BB21946DD
:10979000FB695A1CFA611B784B40DBB2BB617B88CA
:1097A0001B021AB21D49BB6931F813301BB253407A
:1097B0001BB27B807B881B0A9BB21946FB695A1C33
:1097C000FA611B784B40DBB2BB617B881B021AB28B
:1097D0001249BB6931F813301BB253401BB27B8076
:1097E0007B881B0A9BB21946FB695A1CFA611B78DD
:1097F0004B40DBB2BB617B881B021AB20749BB69D5
:1098000031F813301BB253401BB27B807B881B0A9C
:109810009BB2194604E000BF1C0E0320B84D01089E
:10982000FB695A1CFA611B784B40DBB2BB617B8839
:109830001B021AB29B49BB6931F813301BB253406B
:109840001BB27B807B881B0A9BB21946FB695A1CA2
:10985000FA611B784B40DBB2BB617B881B021AB2FA
:109860009049BB6931F813301BB253401BB27B8067
:109870007B881B0A9BB21946FB695A1CFA611B784C
:109880004B40DBB2BB617B881B021AB28549BB69C6
:1098900031F813301BB253401BB27B807B6810330E
:1098A0007B617B881B0A9BB219467B695A1C7A61D3
:1098B0001B784B40DBB23B617B881B021AB27949B3
:1098C0003B6931F813301BB253401BB27B807B885D
:1098D0001B0A9BB219467B695A1C7A611B784B4064
:1098E000DBB23B617B881B021AB26E493B6931F8DF
:1098F00013301BB253401BB27B807B881B0A9BB288
:1099000019467B695A1C7A611B784B40DBB23B617C
:109910007B881B021AB263493B6931F813301BB2D2
:1099200053401BB27B807B881B0A9BB219467B6924
:109930005A1C7A611B784B40DBB23B617B881B026F
:109940001AB258493B6931F813301BB253401BB26D
:109950007B807B881B0A9BB219467B695A1C7A6103
:109960001B784B40DBB23B617B881B021AB24D492E
:109970003B6931F813301BB253401BB27B807B88AC
:109980001B0A9BB219467B695A1C7A611B784B40B3
:10999000DBB23B617B881B021AB242493B6931F85A
:1099A00013301BB253401BB27B807B881B0A9BB2D7
:1099B00019467B695A1C7A611B784B40DBB23B61CC
:1099C0007B881B021AB237493B6931F813301BB24E
:1099D00053401BB27B807B881B0A9BB219467B6974
:1099E0005A1C7A611B784B40DBB23B617B881B02BF
:1099F0001AB22C493B6931F813301BB253401BB2E9
:109A00007B807B881B0A9BB219467B695A1C7A6152
:109A10001B784B40DBB23B617B881B021AB22149A9
:109A20003B6931F813301BB253401BB27B807B88FB
:109A30001B0A9BB219467B695A1C7A611B784B4002
:109A4000DBB23B617B881B021AB216493B6931F8D5
:109A500013301BB253401BB27B807B881B0A9BB226
:109A600019467B695A1C7A611B784B40DBB23B611B
:109A70007B881B021AB20B493B6931F813301BB2C9
:109A800053401BB27B807B881B0A9BB219467B69C3
:109A90005A1C7A611B784B40DBB23B617B881B020E
:109AA00002E000BFB84D01081AB29B493B6931F88A
:109AB00013301BB253401BB27B807B881B0A9BB2C6
:109AC00019467B695A1C7A611B784B40DBB23B61BB
:109AD0007B881B021AB290493B6931F813301BB2E4
:109AE00053401BB27B807B881B0A9BB219467B6963
:109AF0005A1C7A611B784B40DBB23B617B881B02AE
:109B00001AB285493B6931F813301BB253401BB27E
:109B10007B807B881B0A9BB219467B695A1C7A6141
:109B20001B784B40DBB23B617B881B021AB27A493F
:109B30003B6931F813301BB253401BB27B807B88EA
:109B40001B0A9BB219467B695A1C7A611B784B40F1
:109B5000DBB23B617B881B021AB26F493B6931F86B
:109B600013301BB253401BB27B807B682033FB60F9
:109B70007B881B0A9BB21946FB685A1CFA601B784B
:109B80004B40DBB2BB607B881B021AB26249BB68E8
:109B900031F813301BB253401BB27B807B881B0A09
:109BA0009BB21946FB685A1CFA601B784B40DBB22B
:109BB000BB607B881B021AB25749BB6831F813306F
:109BC0001BB253401BB27B807B881B0A9BB2194699
:109BD000FB685A1CFA601B784B40DBB2BB607B8889
:109BE0001B021AB24C49BB6831F813301BB2534008
:109BF0001BB27B807B881B0A9BB21946FB685A1CF0
:109C0000FA601B784B40DBB2BB607B881B021AB248
:109C10004149BB6831F813301BB253401BB27B8003
:109C20007B881B0A9BB21946FB685A1CFA601B789A
:109C30004B40DBB2BB607B881B021AB23649BB6863
:109C400031F813301BB253401BB27B807B881B0A58
:109C50009BB21946FB685A1CFA601B784B40DBB27A
:109C6000BB607B881B021AB22B49BB6831F81330EA
:109C70001BB253401BB27B807B881B0A9BB21946E8
:109C8000FB685A1CFA601B784B40DBB2BB607B88D8
:109C90001B021AB22049BB6831F813301BB2534083
:109CA0001BB27B807B881B0A9BB21946FB685A1C3F
:109CB000FA601B784B40DBB2BB607B881B021AB298
:109CC0001549BB6831F813301BB253401BB27B807F
:109CD0007B881B0A9BB21946FB685A1CFA601B78EA
:109CE0004B40DBB2BB607B881B021AB20A49BB68DF
:109CF00031F813301BB253401BB27B807B881B0AA8
:109D00009BB21946FB685A1CFA601B784B40DBB2C9
:109D1000BB607B881B0201E0B84D01081AB24849BC
:109D2000BB6831F813301BB253401BB27B807B8879
:109D30001B0A9BB21946FB685A1CFA601B784B4001
:109D4000DBB2BB607B881B021AB23D49BB6831F8AD
:109D500013301BB253401BB27B807B881B0A9BB223
:109D60001946FB685A1CFA601B784B40DBB2BB609B
:109D70007B881B021AB23249BB6831F813301BB220
:109D800053401BB27B807B881B0A9BB21946FB6841
:109D90005A1CFA601B784B40DBB2BB607B881B020D
:109DA0001AB22749BB6831F813301BB253401BB2BB
:109DB0007B807B881B0A9BB21946FB685A1CFA60A1
:109DC0001B784B40DBB2BB607B881B021AB21C497C
:109DD000BB6831F813301BB253401BB27B807B88C9
:109DE0001B0A9BB21946FB685A1CFA601B784B4051
:109DF000DBB2BB607B881B021AB21149BB6831F829
:109E000013301BB253401BB27B807B881B0A9BB272
:109E10001946FB685A1CFA601B784B40DBB2BB60EA
:109E20007B881B021AB20649BB6831F813301BB29B
:109E300053401BB27B807B8818462837BD4680BDC7
:109E4000B84D010880B584B000AF03463960FB719E
:109E50003B680C331B78082B01D0002389E03B685A
:109E60000D331B78002B01D0002382E03B680E33BA
:109E70001B78452B01D000237BE03B6817331B7810
:109E8000012B01D0002374E03B6803F11A003B4B27
:109E90001B6803F2C5130422194609F061FE03464C
:109EA000002B0DD03B6803F11E00344B1B6803F2FE
:109EB000C5130422194609F053FE0346002B57D15F
:109EC0003B6811331B781AB23B6810331B781B02B6
:109ED0001BB213431BB27B817B89542B01D000231F
:109EE00047E00023FB6010E0FB683A331A463B680A
:109EF00013441A78214B1B6893F8C9319A4201D058
:109F0000002336E0FB680133FB60FB68272BEBDDA9
:109F1000FB79012B15D13B6822331B7819463B682E
:109F200023331B7818463B6829331B781A463B6855
:109F300028331B781B02134302461148FEF7A0F892
:109F400014E03B6822331B7819463B6823331B78A7
:109F500018463B6829331B781A463B6828331B7820
:109F60001B02134302460748FEF78AF8012300E06C
:109F7000002318461037BD4680BD00BF1C0E0320CD
:109F8000D8460108F046010880B584B000AF03460A
:109F90003960FB713B680C331B78082B01D0002320
:109FA0008AE03B680D331B78002B01D0002383E04F
:109FB0003B680E331B78452B01D000237CE03B68C7
:109FC00017331B78012B01D0002375E03B6803F1A8
:109FD0001A003B4B1B6803F2CB130422194609F00D
:109FE000BFFD0346002B0DD03B6803F11E00344B30
:109FF0001B6803F2CB130422194609F0B1FD034696
:10A00000002B58D13B6811331B781AB23B681033D0
:10A010001B781B021BB213431BB27B817B893C2B39
:10A0200001D0002348E00023FB6011E0FB682A33E5
:10A030001A463B6813441A78224B1968FB680B4494
:10A040001B789A4201D0002336E0FB680133FB60A5
:10A05000FB681F2BEADDFB79012B15D13B6822330E
:10A060001B7819463B6823331B7818463B68293315
:10A070001B781A463B6828331B781B0213430246A1
:10A080001148FEF743F814E03B6822331B78194669
:10A090003B6823331B7818463B6829331B781A46E4
:10A0A0003B6828331B781B02134302460748FEF720
:10A0B0002DF8012300E0002318461037BD4680BD6F
:10A0C0001C0E032018000020D8460108F0460108A5
:10A0D00090B58FB004AF7860396000237B623B6835
:10A0E000002B04D0AA4B1B680022C3F878227B689F
:10A0F0000C331B78882B01D07B6A25E27B680D33FB
:10A100001B78A42B01D07B6A1EE27B680E331B7880
:10A110001AB27B680F331B781B021BB213431BB2AE
:10A120003B833B8BC3F30A0310337B611023FB613A
:10A130000123FB76FFE1FB6906337A6813441B7841
:10A140001AB2FB69073379680B441B781B021BB2F8
:10A1500013431BB23B833B8BC3F30A033B61B7F949
:10A160001830002B01DB0023FB76FA693B691344AE
:10A170000A337A6813441B781AB2F9693B690B44B5
:10A180000B3379680B441B781B021BB213431BB2C1
:10A19000FB813B68002B28D07D4B1B68D3F87832BD
:10A1A0000F2B22D87A4B1A68794B1B68D3F8783278
:10A1B0004F33DB0013440433BB607A68FB691344FC
:10A1C0001A78BB681A70FB699AB2BB685A803B69FF
:10A1D0009AB2BB689A80BB68FA89DA806C4B1B68BC
:10A1E000D3F878220132C3F87822694B1B68D3F880
:10A1F000C031002B11D0674B19687A68FB69134492
:10A200001B781A46FB8902933B690193FB69009313
:10A210001346614A022009F0EFFA5D4B1B68D3F840
:10A22000BC31002B07D0FA89594B1B68D3F8BC31DD
:10A230009A4240F0798100233B626EE1544B1968E9
:10A240003A6A13465B0013449B000B4404331B68BB
:10A25000FA699A4200F25E814D4B19683A6A1346D8
:10A260005B0013449B000B4404331A68F9693B6993
:10A270000B440A339A4280F04D81454B19683A6A83
:10A2800013465B0013449B000B4408331B68022BEE
:10A2900028D13F4B19683A6A13465B0013449B0070
:10A2A0000B4404331B687A6813441B781C46384BF4
:10A2B00019683A6A13465B0013449B000B4404334D
:10A2C0001B6801337A6813441B781B02304A1068FC
:10A2D00044EA03013A6A13465B0013449B000344BB
:10A2E000196017E12A4B19683A6A13465B00134458
:10A2F0009B000B4408331B68042B4FD1244B196877
:10A300003A6A13465B0013449B000B4404331B68FA
:10A310007A6813441B7818461D4B19683A6A13462D
:10A320005B0013449B000B4404331B6801337A68C1
:10A3300013441B781B0240EA0301154B18683A6A64
:10A3400013465B0013449B00034404331B68023331
:10A350007A6813441B781B0419430D4B18683A6A3A
:10A3600013465B0013449B00034404331B68033310
:10A370007A6813441B781B06054A106819433A6A29
:10A3800013465B0013449B0003441960C2E000BF06
:10A390001C0E0320140000202C4701086C4B196888
:10A3A0003A6A13465B0013449B000B4408331B6856
:10A3B00013F1020F28D1664B19683A6A13465B0005
:10A3C00013449B000B4404331B6801337A68134425
:10A3D0001B781C465E4B19683A6A13465B001344AF
:10A3E0009B000B4404331B687A6813441B781B02E0
:10A3F000574A106844EA03013A6A13465B00134463
:10A400009B000344196085E0514B19683A6A134672
:10A410005B0013449B000B4408331B6813F1040FCB
:10A4200048D14B4B19683A6A13465B0013449B00B2
:10A430000B4404331B6803337A6813441B781846B3
:10A44000434B19683A6A13465B0013449B000B4464
:10A4500004331B6802337A6813441B781B0240EAFA
:10A4600003013B4B18683A6A13465B0013449B0098
:10A47000034404331B6801337A6813441B781B04BC
:10A480001943334B18683A6A13465B0013449B0028
:10A49000034404331B687A6813441B781B062C4A58
:10A4A000106819433A6A13465B0013449B00034447
:10A4B00019602FE0264B19683A6A13465B00134473
:10A4C0009B000B4408331B68012B0CD0204B1968F0
:10A4D0003A6A13465B0013449B000B4408331B6825
:10A4E000B3F1FF3F16D11A4B19683A6A13465B0065
:10A4F00013449B000B4404331B687A6813441A7896
:10A50000134B196810463A6A13465B0013449B00CC
:10A510000B4418603B6A01333B623B6A0B2B7FF7AD
:10A520008DAE01237B6201E00123FB813A69FB6967
:10A5300013440C33FB61FB7E002B04D0FA697B696A
:10A540009A42FFF4F8AD7B6A18462C37BD4690BDA1
:10A550001C0E032080B483B000AF786039603A6885
:10A560007B689A4203D23A687B68D31A02E03A6861
:10A570007B68D31A18460C37BD465DF8047B7047DC
:10A5800080B485B000AF786039604FF0FF33BB60B6
:10A590000023FB600EE07A68FB689B0013449B88F5
:10A5A0001A463B68934202D1FB68BB6005E0FB683A
:10A5B0000133FB60FB68022BEDDDBB68002B0DDB7C
:10A5C0007A68BB689B001344DB88013399B27A68D0
:10A5D000BB689B0013440A46DA8020E07B681B6856
:10A5E000022B1CD87B681B68BB603B6899B27A68F9
:10A5F000BB689B0013440A469A807A68BB689B003C
:10A600001344DB88013399B27A68BB689B0013441A
:10A610000A46DA807B681B685A1C7B681A6000BF98
:10A620001437BD465DF8047B704780B58AB000AF33
:10A6300078607B681B68BB61BB69012B4EDD002322
:10A640007B6245E07B6AFB617B6A01333B6210E021
:10A650007A683B6A9B0013449A887968FB699B007F
:10A660000B449B889A4201D93B6AFB613B6A0133E8
:10A670003B623A6ABB699A42EADB7A6AFB699A42B0
:10A6800023D03B6A9B007A681344191D07F1080325
:10A690001022184609F073FA3B6A9B007A6813444B
:10A6A000181DFB699B007A68134404331022194675
:10A6B00009F065FAFB699B007A681344043307F1DB
:10A6C00008011022184609F05AFA7B6A01337B62AE
:10A6D000BB69013B7A6A9A42B4DB00E000BF2837CD
:10A6E000BD4680BD90B599B002AF7860A24808F031
:10A6F000C5FE7863A14808F0C1FE3863002300223C
:10A7000048F22801786B08F022FF0023012249F269
:10A710002101786B08F01BFF0023002248F2110191
:10A72000786B08F014FF0023002248F22801386BF0
:10A7300008F00DFF0023012249F22101386B08F0D7
:10A7400006FF0023002248F21101386B08F0FFFEDB
:10A750004FF4006009F0E2F90346FB6203F05EFB90
:10A76000B86206F08BFF786200233B62844B1B6863
:10A7700003F5E87398220021184609F024FA804B6B
:10A780001B687A6AC3F8D0217D4B1B680022C3F88E
:10A79000B0217B4B1B6890334FF490720021184618
:10A7A00009F011FA764B1B68D3F868324FF0FF318D
:10A7B000184605F019FC724B1B68002283F86D22C5
:10A7C0006F4B1B680022C3F878226D4B1B68002278
:10A7D000C3F870226A4B1B68D3F87432002B0BD07D
:10A7E000674B1B68D3F87432184609F09FF9644B25
:10A7F0001B680022C3F87422614B1B68D3F86802FF
:10A8000000230022002105F073F95E4B1B685E4AAD
:10A810001946022008F0F0FF07F10802042348F26D
:10A820000601786B08F093FE0346042B40F0E581A7
:10A83000BB68002B00F0E181514B1B68D3F8EC2181
:10A840000132C3F8EC214E4B1B6803F50E73BA6856
:10A8500011461846FFF794FE494B1B68D3F8C031E8
:10A86000002B1CD1464B1B6893F8C431002B16D12A
:10A87000434B1B6893F8CA31002B10D1404B1B6827
:10A88000D3F8B43103F00203002B00F0AF813C4B4E
:10A890001B68D3F8B821BB689A4240F0A781BA6818
:10A8A000002300931346FA6A0021786B08F034FE07
:10A8B000334B1B68D3F8B43103F00203002B00F0D4
:10A8C000E1802F4B1B68D3F8B821BB689A4240F057
:10A8D000D9802B4B1B68D3F8F0210132C3F8F0214B
:10A8E000274B1B6893F86C32022B0CBF012300230B
:10A8F000DBB23B623B6A002B52D0214B1B68D3F882
:10A9000068324FF0FF31184605F06EFB1C4B1B6898
:10A91000002283F86C221A4B1B68D3F87432002B88
:10A9200006D0174B1B68D3F87432184609F0FEF8AE
:10A93000BA68134B1C68104609F0F0F80346C4F8D7
:10A9400074320F4B1B68D3F87432002B1ED00C4BA3
:10A950001B68D3F87432BA68F96A184609F00FF91F
:10A96000074B1B68BA68C3F87022054B1B680222AC
:10A9700083F86D2214E000BF4C47010854470108DA
:10A980001C0E0320140000205C470108754B1B6857
:10A990000022C3F87022734B1B68002283F86D22DB
:10A9A000396AF86AFFF794FB0346002B5ED006F085
:10A9B00065FE78626B4B1B68D3F8F4210132C3F853
:10A9C000F421684B1B68D3F8F431012B14D9654B83
:10A9D0001B68D3F8FC31796A1846FFF7BBFDF861B4
:10A9E000604B1B68D3F8F831FA699A4204D95D4B81
:10A9F0001B68FA69C3F8F8215A4B1B687A6AC3F8D6
:10AA0000FC21584B1B68D3F8B0315A1C564BA3FBA2
:10AA1000021399080B465B000B445B00D31ABB6121
:10AA2000504B1968BA6913465B0013441B019033FD
:10AA30000B447B6100237B6510E04A4B18687B6DFB
:10AA40009B007A69D1187A6D13465B0013449B0012
:10AA500003441B680B607B6D01337B657B6D0B2BA7
:10AA6000EBDD404B1B68BA69C3F8B0213B6A002B91
:10AA700008D03C4B1B68D3F8680200230022002159
:10AA800005F036F8374B1B68D3F8C031002B00F0C7
:10AA90009980364B1968BB68354A022008F0ACFE35
:10AAA00000233B6582E0B86A03F006FA3149B86AD0
:10AAB00003F023FA0023FB641EE02021B86A03F0B0
:10AAC00040FA3A6DFB6C13441A46BB689A420CD2AA
:10AAD0003A6DFB6C13441A46FB6A13441B7802223E
:10AAE0001946B86A03F04EFA03E02349B86A03F046
:10AAF00004FAFB6C0133FB64FB6C0F2BDDDD2021C2
:10AB0000B86A03F01EFA0023BB643EE03A6DBB6CEA
:10AB100013441A46BB689A4230D23A6DBB6C134458
:10AB20001A46FB6A13441B781F2B15D93A6DBB6C70
:10AB300013441A46FB6A13441B785BB2002B0BDBF1
:10AB40003A6DBB6C13441A46FB6A13441B781946D2
:10AB5000B86A03F0F6F915E02E21B86A03F0F1F9AE
:10AB600010E000BF1C0E0320ABAAAAAA140000200C
:10AB7000704701087C47010880470108A249B86A6C
:10AB800003F0BBF9BB6C0133BB64BB6C0F2BBDDDA9
:10AB90009E4B1C68B86A03F0A2F903461A46214688
:10ABA000022008F029FE3B6D10333B653A6DBB680F
:10ABB0009A42FFF478AF964B1B68D3F8C021013A54
:10ABC000C3F8C021924B1B6893F8C431002B03D00B
:10ABD000F96A0220FFF736F98D4B1B6893F8CA31EA
:10ABE000002B03D0F96A0220FFF7CEF900230022E0
:10ABF00048F20501786B08F0AAFC07F1080204236B
:10AC000048F20601386B08F0A2FC0346042B40F022
:10AC1000D581BB68002B00F0D1817D4B1B68D3F838
:10AC2000D8210132C3F8D821794B1B6803F50A7388
:10AC3000BA6811461846FFF7A3FC754B1B68D3F89A
:10AC4000C031002B1CD1724B1B6893F8C431002B10
:10AC500016D16F4B1B6893F8CA31002B10D16C4B87
:10AC60001B68D3F8B43103F00103002B00F09F817F
:10AC7000674B1B68D3F8B821BB689A4240F09781B4
:10AC8000BA68002300931346FA6A0021386B08F073
:10AC900043FC5F4B1B68D3F8B43103F00103002B76
:10ACA00000F0DF805A4B1B68D3F8B821BB689A428A
:10ACB00040F0D780564B1B68D3F8DC210132C3F833
:10ACC000DC21534B1B6893F86C32012B0CBF012322
:10ACD0000023DBB23B623B6A002B47D04C4B1B6826
:10ACE000D3F868324FF0FF31184605F07DF9484B34
:10ACF0001B68002283F86C22454B1B68D3F8743222
:10AD0000002B06D0424B1B68D3F87432184608F06B
:10AD10000DFFBA683E4B1C68104608F0FFFE034664
:10AD2000C4F874323A4B1B68D3F87432002B13D03A
:10AD3000374B1B68D3F87432BA68F96A184608F0C2
:10AD40001EFF334B1B68BA68C3F87022304B1B6878
:10AD5000012283F86D2209E02D4B1B680022C3F805
:10AD600070222B4B1B68002283F86D22396AF86A27
:10AD7000FFF7AEF90346002B67D006F07FFC786240
:10AD8000234B1B68D3F8E0210132C3F8E021204BAC
:10AD90001B68D3F8E031012B14D91D4B1B68D3F885
:10ADA000E831796A1846FFF7D5FBF861184B1B6844
:10ADB000D3F8E431FA699A4204D9154B1B68FA6951
:10ADC000C3F8E421124B1B687A6AC3F8E821104BE0
:10ADD0001B68D3F8B0315A1C0E4BA3FB0213990821
:10ADE0000B465B000B445B00D31A3B61084B1968B0
:10ADF0003A6913465B0013441B0190330B44FB601C
:10AE000000237B6419E000BF804701081400002084
:10AE10001C0E0320ABAAAAAA944B18687B6C9B005B
:10AE2000FA68D1187A6C13465B0013449B00034404
:10AE30001B680B607B6C01337B647B6C0B2BEBDD45
:10AE40008A4B1B683A69C3F8B0213B6A002B08D0D3
:10AE5000864B1B68D3F8680200230022002104F00F
:10AE600047FE824B1B68D3F8C031002B00F08B806B
:10AE70007F4B1968BB687F4A022008F0BDFC0023A5
:10AE80003B6475E0B86A03F017F87B49B86A03F0D1
:10AE900034F80023FB631EE02021B86A03F051F868
:10AEA0003A6CFB6B13441A46BB689A420CD23A6C5C
:10AEB000FB6B13441A46FB6A13441B7802221946A3
:10AEC000B86A03F05FF803E06C49B86A03F015F85C
:10AED000FB6B0133FB63FB6B0F2BDDDD2021B86ABD
:10AEE00003F02FF80023BB6331E03A6CBB6B1344D3
:10AEF0001A46BB689A4223D23A6CBB6B13441A467B
:10AF0000FB6A13441B781F2B15D93A6CBB6B134497
:10AF10001A46FB6A13441B785BB2002B0BDB3A6CBE
:10AF2000BB6B13441A46FB6A13441B781946B86A74
:10AF300003F007F808E02E21B86A03F002F803E0F6
:10AF40004E49B86A02F0D9FFBB6B0133BB63BB6BE0
:10AF50000F2BCADD464B1C68B86A02F0C0FF0346DF
:10AF60001A462146022008F047FC3B6C10333B6434
:10AF70003A6CBB689A4285D33C4B1B68D3F8C0211E
:10AF8000013AC3F8C021394B1B6893F8C431002B38
:10AF900003D0F96A0120FEF755FF344B1B6893F884
:10AFA000CA31002B03D0F96A0120FEF7EDFF002320
:10AFB000002248F20501386B08F0C9FA06F05EFB82
:10AFC00078622A4B1B68D3F8D031796A1846FFF7AC
:10AFD000C1FAF861FB69B3F57A7F41D3234B1B6853
:10AFE000FA69C3F8D421214B1B687A6AC3F8D021CF
:10AFF0001E4B1B6803F500701C4B1B6803F5EC73BC
:10B000002822194608F0BBFD184B1B6803F5EC73AA
:10B0100028220021184608F0D6FD144B1B6803F5C2
:10B020000E731846FFF701FB104B1B6803F50A73FC
:10B030001846FFF7FAFA0D4B1B6803F512700B4B1D
:10B040001B6803F50A732022194608F098FD074B88
:10B050001B6803F50A7320220021184608F0B3FD8F
:10B06000002006F065F9FFF7D7BB00BF1C0E0320D8
:10B0700014000020844701087C470108804701082C
:10B0800090B587B002AFF860B9607A603B60FB684A
:10B09000022B0AD13B685B699C68002300937B68A4
:10B0A000BA6800213868A04700BF0023184614374B
:10B0B000BD4690BD90B589B002AF7860114808F0E8
:10B0C000DDF97861012300937B690F4A4FF48071A9
:10B0D0000E4802F09DFB38617B695B69DC6807F113
:10B0E0000F021E230093012300217869A047034625
:10B0F000012BF1D107F10F0301221946386902F043
:10B10000F2FCE9E79047010881B00008A44A010871
:10B1100090B589B002AF7860114808F0AFF9786156
:10B12000022300937B690F4A4FF480710E4802F0AE
:10B130006FFB38617B695B69DC6807F10F021E23D6
:10B140000093012300217869A0470346012BF1D128
:10B1500007F10F0301221946386902F0C4FCE9E740
:10B160009847010881B00008A44A010880B582B060
:10B1700002AF002301930123009300234FF4806268
:10B180000E490F4805F066FF002301930123009349
:10B1900000234FF480620B490B4805F05BFF00234E
:10B1A00001930123009300234FF48062074908486C
:10B1B00005F050FF00BFBD4680BD00BFA04701089D
:10B1C000E5A60008B0470108B5B00008C04701086F
:10B1D00011B1000880B584B000AF78607B689B6BCC
:10B1E000FB60FB685A1CFA605B221A707B689B68E4
:10B1F0001946F86808F0B8FDF868F5F7E3F9024673
:10B20000FB681344FB60FB685A1CFA602C221A701E
:10B21000FB685A1CFA6030221A70FB685A1CFA60EC
:10B220005D221A70054B00221A60FB687A68926BE7
:10B230009B1A18461037BD4680BD00BFF00D032095
:10B2400090B5A5B000AF78608B4BC7F888307B68AD
:10B25000DB6A8A4A8A49022008F0CEFA7B68DB6AF8
:10B26000012B40F091807B68DB68864A844902208C
:10B2700008F0C2FA7B68D86807F108012F231E2264
:10B2800002F08AFAC7F88400D7F884301B2B7ED1ED
:10B29000BB687D491846F5F78BF90346002B05D1AD
:10B2A0007A4B1B680322C3F8B4211AE0BB687849C3
:10B2B0001846F5F77DF90346002B05D1734B1B6843
:10B2C0000122C3F8B4210CE0BB6872491846F5F7B7
:10B2D0006FF90346002B59D16C4B1B680222C3F84F
:10B2E000B421FB68184608F0E7FB0246674B1B6871
:10B2F000C3F8B8213B69184608F0DEFB0246634BF1
:10B300001B68C3F8BC210023C7F88C3037E0D7F89E
:10B310008C305B0003339B0007F19002134453F819
:10B32000883C184608F0C8FB0246584B196810467E
:10B33000D7F88C2013465B0013449B000B44043366
:10B340001860D7F88C3002335B009B0007F1900245
:10B35000134453F8882C4D4B1C68104608F0ACFB86
:10B360000146D7F88C2013465B0013449B0023440E
:10B3700008331960D7F88C300133C7F88C30D7F810
:10B380008C300B2BC3DD02E000BF00E000BFFDF7F7
:10B39000B5F9D7F88830243347F2A0320021184697
:10B3A00008F011FC3C4B01221A703C4B01221A7030
:10B3B0003B4B01221A703B4B00221A703A4B002281
:10B3C0001A703A4B00221A70394B00221A70394B0E
:10B3D00001221A70384B00221A70384B00221A6072
:10B3E000374B32221A60374B01221A707B689B6BF5
:10B3F000C7F88030D7F880305A1CC7F880205B220D
:10B400001A707B689B681946D7F8800008F0ACFC7E
:10B41000D7F88000F5F7D6F80246D7F88030134405
:10B42000C7F88030284B00221A60FDF7BDFF0346A5
:10B430001A462649D7F8800008F076FCD7F8800035
:10B44000F5F7C0F80246D7F880301344C7F88030CB
:10B45000D7F880305A1CC7F880205D221A701C4B28
:10B4600000221A60D7F880307A68926B9B1A1846CF
:10B470009437BD4690BD00BFF8960220C84701082A
:10B48000D0470108D8470108E04701081C0E0320F7
:10B49000E4470108E8470108DC020020E10200203F
:10B4A000DE020020DF020020180E0320100E032011
:10B4B000DD02002008000020E0020020F80D03203B
:10B4C000140E0320E2020020BC0A0320EC4701080E
:10B4D000F00D032080B584B000AF78602D4BFB6089
:10B4E0002D4B4FF080429A612C4B00221A702C4B4E
:10B4F00000221A602B4B00221A702B4B00221A706C
:10B500002A4B03221A702A4B00221A70294B002260
:10B510001A70294B01221A70284B00221A70284BEE
:10B5200000221A70274B00221A60274B32221A6021
:10B53000FDF7E4F8FB68243347F2A03200211846F7
:10B5400008F041FB214B01221A707B689B6BBB60AA
:10B55000BB685A1CBA605B221A707B689B681946EC
:10B56000B86808F001FCB868F5F72CF80246BB682B
:10B570001344BB60BB685A1CBA605D221A70144B3E
:10B5800000221A60BB687A68926B9B1A18461037C3
:10B59000BD4680BDF896022000080240E20200206D
:10B5A000BC0A0320DC020020DD020020E1020020B2
:10B5B000100E0320DE02002008000020DF02002021
:10B5C000E0020020F80D0320140E0320180E0320C3
:10B5D000F00D032080B485B000AF7860396000239F
:10B5E000FB600023BB600AE0BB687A6813441B78E9
:10B5F0001A46FB681344FB60BB680133BB60BA6842
:10B600003B689A42F0DBFB68DBB218461437BD4654
:10B610005DF8047B7047000090B589B002AF786098
:10B620001B4B7B617B689B6B3B617B69DB7B1A46B9
:10B63000184B1B7819467B699B6800930B4616498B
:10B64000386908F071FB3869F4F7BCFFF8603A69B3
:10B65000FB68D418FB6819463869FFF7BBFF03463F
:10B660001A460E49204608F05FFB3869F4F7AAFF36
:10B6700002463B6913443B61094B00221A603B6957
:10B680007A68926B9B1A18461C37BD4690BD00BF66
:10B69000F8960220DC020020F44701080448010863
:10B6A000F00D032080B584B000AF7860174BFB60CD
:10B6B000FB68243347F2A0320021184608F083FAD1
:10B6C0007B689B6BBB60BB685A1CBA605B221A70BC
:10B6D0007B689B681946B86808F046FBB868F4F7C1
:10B6E00071FF0246BB681344BB60BB685A1CBA605A
:10B6F0005D221A70064B00221A60BB687A68926B52
:10B700009B1A18461037BD4680BD00BFF896022030
:10B71000F00D0320F0B589B004AF78607B689B6BB7
:10B72000FB60FCF735F8FB685A1CFA605B221A7064
:10B730007B689B681946F86808F016FBF868F4F710
:10B7400041FF0246FB681344FB60224B1B781B023F
:10B75000204A52789D181F4B9B781B021D4AD278B5
:10B760009E181C4B1B791B021A4A52791344194A22
:10B77000927912021749C9790A441649097A0902CD
:10B780001448407A01441348807A0002114CE47A4C
:10B790002044039002910192009333462A460E49B9
:10B7A000F86808F0C1FAF868F4F70CFF0246FB6885
:10B7B0001344FB60FB685A1CFA605D221A70074B49
:10B7C00000221A60FB687A68926B9B1A184614373D
:10B7D000BD46F0BDA00200200C480108F00D03207A
:10B7E00080B584B000AF78607B689B6BFB60FB68C2
:10B7F0005A1CFA605B221A707B689B681946F868CD
:10B8000008F0B2FAF868F4F7DDFE0246FB6813446C
:10B81000FB60134B1B78012B05D1124A1249F868C3
:10B8200008F082FA05E0114B0E4A1149F86808F059
:10B830007BFAF868F4F7C6FE0246FB681344FB6027
:10B84000FB685A1CFA605D221A700A4B00221A60CB
:10B85000FB687A68926B9B1A18461037BD4680BD0C
:10B860004C0200205848010860480108500200209E
:10B8700064480108F00D032080B588B000AF7860FF
:10B8800039600123FB773B68DBB23B723B68DAB27D
:10B89000174B1A7007F10803012219464FF4307054
:10B8A000FAF7CAFD0346002B14BF01230023FB77E0
:10B8B0000820F4F727FF3A6879684FF42070FAF708
:10B8C000BBFD0346002B14BF01230023FB77082098
:10B8D000F4F718FFFB7F83F00103DBB2002B01D0EC
:10B8E000012300E0002318462037BD4680BD00BF7D
:10B8F0004D02002080B588B000AF0346FB710123E4
:10B90000FB77FB79012B0CBF01230023DBB23B72D9
:10B910003A7A104B1A7007F10803012219464FF4C6
:10B920004070FAF789FD0346002B14BF0123002362
:10B93000FB770820F4F7E6FEFB7F83F00103DBB220
:10B94000002B01D0012300E0002318462037BD461C
:10B9500080BD00BF6402002080B58AB000AF78606F
:10B960007B689B6B3B6207F1080300221A605A60F8
:10B970009A60DA601A610023FB847B68DB6A002B23
:10B9800003D140F2EA33FB8424E07B68DB6818468D
:10B99000F4F718FE0346FB777B68D968FA7F07F156
:10B9A0000803184608F0EBF8FA7F07F10803114680
:10B9B0001846FFF761FF142200211E4808F003F922
:10B9C0007B68DB68FA7F19461A4808F0D8F81A4BEA
:10B9D00000221A703B6A5A1C3A625B221A707B681A
:10B9E0009B681946386A08F0BFF9386AF4F7EAFD2F
:10B9F00002463B6A13443B62FA8C7B68DB680F4962
:10BA0000386A08F091F9386AF4F7DCFD02463B6ABF
:10BA100013443B623B6A5A1C3A625D221A70084B1F
:10BA200000221A603B6A7A68926B9B1A1846283784
:10BA3000BD4680BD500200204C0200206C48010829
:10BA4000F00D032080B584B000AF78607B689B6BFD
:10BA5000FB600023FB72FB685A1CFA605B221A70C1
:10BA60007B689B681946F86808F07EF9F868F4F777
:10BA7000A9FD0246FB681344FB60FA7A0C4B1B7865
:10BA80000C49F86808F050F9F868F4F79BFD024695
:10BA9000FB681344FB60FB685A1CFA605D221A7055
:10BAA000FB687A68926B9B1A18461037BD4680BDBA
:10BAB000640200207448010880B586B000AF786049
:10BAC0007B689B6B3B610023FB757B68DB6A002B0B
:10BAD00002D10223FB7523E07B68DB681846F4F78C
:10BAE00071FD0346012B02D00223FB7518E07B6831
:10BAF000DB681B78302B07D07B68DB681B78312B29
:10BB000002D00223FB750BE07B68DB681B78303BBF
:10BB1000FB73FB7B1846FFF7EDFE1D4B00221A60FE
:10BB20003B695A1C3A615B221A707B689B68194614
:10BB3000386908F019F93869F4F744FD02463B69A1
:10BB400013443B617B68DB6A002B06D1FB7D1A4600
:10BB50001049386908F0E8F806E0FA7D7B68DB6890
:10BB60000D49386908F0E0F83869F4F72BFD024612
:10BB70003B6913443B613B695A1C3A615D221A7070
:10BB80003B697A68926B9B1A18461837BD4680BD90
:10BB9000F00D03207C4801086C48010880B584B092
:10BBA00000AF78607B689B6BFB60FB685A1CFA6097
:10BBB0005B221A707B689B681946F86808F0D4F815
:10BBC000F868F4F7FFFC0246FB681344FB60FB686F
:10BBD0005A1CFA605D221A70064B01221A70064B3D
:10BBE00000221A60FB687A68926B9B1A184610371D
:10BBF000BD4680BD190E0320F00D032090B585B021
:10BC000000AF78607B689B6BFB60FB685A1CFA6036
:10BC10005B221A707B689B681946F86808F0A4F8E4
:10BC2000F868F4F7CFFC0246FB681344FB60FB683E
:10BC30005A1CFA602C221A70FB685A1CFA603022D7
:10BC40001A70FB685A1CFA605D221A707B681C68C7
:10BC50007B68996BFB687A68926B9A1A7B685B6861
:10BC60000220A047064B00221A60642005F060FB0A
:10BC70000020FDF76BFC002318461437BD4690BD2D
:10BC8000F00D032080B584B000AF78607B689B6BBB
:10BC9000FB60FB685A1CFA605B221A707B689B6829
:10BCA0001946F86808F060F8F868F4F78BFC02466B
:10BCB000FB681344FB60FB685A1CFA605D221A7033
:10BCC000054B00221A60FB687A68926B9B1A184633
:10BCD0001037BD4680BD00BFF00D032080B5E8B031
:10BCE00000AF3B1D18603B1D1B689B6BC7F89C3168
:10BCF00007F10803234A184611464FF4C8731A4641
:10BD000007F03DFF204BC7F89831D7F89831002253
:10BD10005A6007F108034A2219461C48F8F760F9EF
:10BD20001B4B4FF480429A61D7F89C315A1CC7F8DC
:10BD30009C215B221A703B1D1B689B681946D7F833
:10BD40009C0108F011F8D7F89C01F4F73BFC02467F
:10BD5000D7F89C311344C7F89C31D7F89C315A1C52
:10BD6000C7F89C215D221A700A4B00221A60D7F88E
:10BD70009C313A1D1268926B9B1A184607F5D077D2
:10BD8000BD4680BD80480108F89602206C940220D0
:10BD900000080240F00D032080B584B000AF786049
:10BDA0007B689B6BFB60FBF7E0FC0346FB72FB6868
:10BDB0005A1CFA605B221A707B689B681946F86807
:10BDC00007F0D2FFF868F4F7FDFB0246FB68134466
:10BDD000FB60FB7A422B14BF01230023DBB21A461F
:10BDE000FB7A0C49F86807F09FFFF868F4F7EAFB64
:10BDF0000246FB681344FB60FB685A1CFA605D2234
:10BE00001A70FB687A68926B9B1A18461037BD4609
:10BE100080BD00BF104A010880B584B000AF7860D3
:10BE20007B689B6BFB60FBF700F90346FB72FB68CA
:10BE30005A1CFA605B221A707B689B681946F86886
:10BE400007F092FFF868F4F7BDFB0246FB68134465
:10BE5000FB60FB7A602B14BF01230023DBB21A4680
:10BE6000FB7A0C49F86807F05FFFF868F4F7AAFB63
:10BE70000246FB681344FB60FB685A1CFA605D22B3
:10BE80001A70FB687A68926B9B1A18461037BD4689
:10BE900080BD00BF104A010880B584B000AF786053
:10BEA0007B689B6BFB60594B00221A70584B5B6997
:10BEB00003F40053002B05D0554A4FF00053936113
:10BEC0001A4604E0524A4FF4005393611A46504B0D
:10BED0009A614FF44870F4F715FC4D4B5B6903F41D
:10BEE0000053002B05D04A4A4FF0005393611A4685
:10BEF00004E0474A4FF4005393611A46444B9A6159
:10BF00004FF44870F4F7FEFB414B5B6903F40053B8
:10BF1000002B05D03E4A4FF0005393611A4604E0CF
:10BF20003B4A4FF4005393611A46394B9A614FF4E0
:10BF30004870F4F7E7FB364B5B6903F40053002BC2
:10BF400005D0334A4FF0005393611A4604E0304A5B
:10BF50004FF4005393611A462D4B9A614FF4487089
:10BF6000F4F7D0FB2A4B5B6903F40053002B05D098
:10BF7000274A4FF0005393611A4604E0244A4FF4D5
:10BF8000005393611A46224B9A614FF44870F4F7BC
:10BF9000B9FB1F4B5B6903F40053002B05D01C4A0F
:10BFA0004FF0005393611A4604E0194A4FF40053CE
:10BFB00093611A46164B9A614FF44870F4F7A2FB4E
:10BFC000124B01221A70FB685A1CFA605B221A702D
:10BFD0007B689B681946F86807F0C6FEF868F4F7B6
:10BFE000F1FA0246FB681344FB60FB685A1CFA60D6
:10BFF0005D221A70074B00221A60FB687A68926B08
:10C000009B1A18461037BD4680BD00BFF40D0320B3
:10C0100000080240F00D032080B584B000AF7860C6
:10C020007B689B6BFB60FB685A1CFA605B221A7092
:10C030007B689B681946F86807F096FEF868F4F785
:10C04000C1FA0246FB681344FB60FB685A1CFA60A5
:10C050005D221A707B68996BFB687A68926B9B1AF9
:10C060009AB24FF47A730748F9F731FA064B002277
:10C070001A60FB687A68926B9B1A18461037BD46A7
:10C0800080BD00BFC00A0320F00D032080B584B03E
:10C0900000AF78607B689B6BFB60FB685A1CFA60A2
:10C0A0005B221A707B689B681946F86807F05CFE93
:10C0B000F868F4F787FA0246FB681344FB60FB68F4
:10C0C0005A1CFA605D221A70054B00221A60FB6848
:10C0D0007A68926B9B1A18461037BD4680BD00BF28
:10C0E000F00D0320B0B584B000AF78607B689B6B27
:10C0F000FB60FB685A1CFA605B221A707B689B68C5
:10C100001946F86807F030FEF868F4F75BFA024663
:10C11000FB681344FB60FB685A1CFA602C221A70FF
:10C12000FB685A1CFA6030221A70FB685A1CFA60CD
:10C130002C221A70FB68454A1188927819809A70EF
:10C14000FB68434A1C4615460FCD20606160A26023
:10C15000E360F868F4F736FA0246FB681344FB60C4
:10C16000FB685A1CFA602C221A70FB68394A118845
:10C17000927819809A70F868F4F724FA0246FB68FE
:10C180001344FB60002300220021F86801F03AF913
:10C19000F860FB685A1CFA602E221A7000230022F5
:10C1A0000121F86801F02EF9F860FB685A1CFA606A
:10C1B0002C221A70FB68284A1188927819809A708C
:10C1C000F868F4F7FFF90246FB681344FB60FB686C
:10C1D0005A1CFA6022221A70FB68204A1C46134639
:10C1E00007CB20606160A260F868F4F7EBF90246C3
:10C1F000FB681344FB60FB685A1CFA6020221A702B
:10C20000FB6817491A460B4603CB106051601B7838
:10C210001372F868F4F7D6F90246FB681344FB6022
:10C22000FB685A1CFA6022221A70FB685A1CFA60DA
:10C230005D221A700B4B00221A60FB687A68926BC1
:10C240009B1A18461037BD46B0BD00BF1C4A0108F6
:10C25000204A0108304A0108344A0108384A0108D6
:10C26000444A0108F00D032080B584B000AF786027
:10C270007B689B6BFB601F4B1B680A22C3F8C021C5
:10C280007B68DB6A012B09D17B68DB68184607F005
:10C2900013FC0246174B1B68C3F8C021FB685A1CED
:10C2A000FA605B221A707B689B681946F86807F091
:10C2B0005BFDF868F4F786F90246FB681344FB60FF
:10C2C000FB685A1CFA602C221A70FB685A1CFA6030
:10C2D00030221A70FB685A1CFA605D221A70064BF5
:10C2E00000221A60FB687A68926B9B1A1846103716
:10C2F000BD4680BD1C0E0320F00D0320B0B590B0EC
:10C3000004AF78607B689B6BBB627B68DB6A012B48
:10C310000BD17B68DB68184607F0CEFB0246524B18
:10C320001B68D2B283F8C42143E07B68DB6A032B2D
:10C330003FD17B68186907F10C012F23062201F019
:10C340002BFA78627B6A042B1CD10023FB6216E077
:10C35000FB6A9B0007F13002134453F8243C184653
:10C3600007F0AAFB0146404B1A68C9B2FB6A1344A6
:10C3700003F2C5130A461A70FB6A0133FB62FB6ABB
:10C38000032BE5DD7B685B690221184601F0DAF9D1
:10C390000246354B1B68D2B283F8C9217B68DB6843
:10C3A000184607F089FB02462F4B1B68D2B283F870
:10C3B000C421BB6A5A1CBA625B221A707B689B68F4
:10C3C0001946B86A07F0D0FCB86AF4F7FBF80246E1
:10C3D000BB6A1344BB62BB6A5A1CBA622C221A7035
:10C3E000BB6A5A1CBA6230221A701F4B1B6893F842
:10C3F000C4311C461C4B1B6893F8C5311D461A4BB3
:10C400001B6893F8C6311A46174B1B6893F8C7315F
:10C410001946154B1B6893F8C8311846124B1B6818
:10C4200093F8C93103930290019100922B46224662
:10C430000E49B86A07F078FCB86AF4F7C3F8024608
:10C44000BB6A1344BB62BB6A5A1CBA625D221A7093
:10C45000074B00221A60BB6A7A68926B9B1A1846D7
:10C460003037BD46B0BD00BF1C0E0320504A010846
:10C47000F00D032090B591B004AF78607B689B6BA2
:10C48000BB627B68DB6A012B0BD17B68DB681846DB
:10C4900007F012FB0246494B1B68D2B283F8CA214F
:10C4A00037E07B68DB6A022B33D17B68186907F1C0
:10C4B0000C012F23062201F06FF978627B6A042BAE
:10C4C0001CD10023FB6216E0FB6A9B0007F13002DF
:10C4D000134453F8243C184607F0EEFA0146374B54
:10C4E0001A68C9B2FB6A134403F2CB130A461A70E6
:10C4F000FB6A0133FB62FB6A032BE5DD7B68DB68CB
:10C50000184607F0D9FA02462C4B1B68D2B283F8C2
:10C51000CA21BB6A5A1CBA625B221A707B689B688C
:10C520001946B86A07F020FCB86AF4F74BF80246DF
:10C53000BB6A1344BB62BB6A5A1CBA622C221A70D3
:10C54000BB6A5A1CBA6230221A701C4B1B6893F8E3
:10C55000CA311846194B1B6893F8CB311C46174B50
:10C560001B6893F8CC311A46144B1B6893F8CD31F5
:10C570001946124B1B6893F8CE3102930191009239
:10C58000234602460E49B86A07F0CEFBB86AF4F7B4
:10C5900019F80246BB6A1344BB62BB6A5A1CBA62F2
:10C5A0005D221A70074B00221A60BB6A7A68926B90
:10C5B0009B1A18463437BD4690BD00BF1C0E0320A1
:10C5C000684A0108F00D032080B584B000AF7860A0
:10C5D0007B689B6BBB60BB685A1CBA605B221A709D
:10C5E0007B689B681946B86807F0BEFBB868F3F72C
:10C5F000E9FF0246BB681344BB60BB685A1CBA60C3
:10C600002C221A70BB685A1CBA6030221A70BB68A0
:10C610005A1CBA602C221A708C4B1B68D3F800127B
:10C6200000230022B86800F089FFB860BB685A1C7C
:10C63000BA602F221A70854B1B68D3F804120023AE
:10C640000022B86800F07AFFB860BB685A1CBA6074
:10C650002F221A707D4B1B68D3F80812002300228A
:10C66000B86800F06BFFB860BB685A1CBA602F2234
:10C670001A70764B1B68D3F80C1200230022B8689E
:10C6800000F05CFFB860BB685A1CBA602F221A70B9
:10C690006E4B1B68D3F80832002B16D06B4B1B680F
:10C6A000D3F8D42113469B0013445B001A46674B12
:10C6B0001B68D3F808325B081A44644B1B68D3F834
:10C6C0000832B2FBF3F3FB6001E00023FB60FB6880
:10C6D0005F4AA2FB0323D90800230022B86800F0B8
:10C6E0002DFFB860BB685A1CBA602E221A70FA6817
:10C6F000574BA3FB0213D9080B469B000B445B006E
:10C70000D11A00230022B86800F018FFB860BB6897
:10C710005A1CBA602C221A704C4B1B68D3F81412A6
:10C7200000230022B86800F009FFB860BB685A1CFB
:10C73000BA602F221A70454B1B68D3F818120023D9
:10C740000022B86800F0FAFEB860BB685A1CBA60F4
:10C750002F221A703D4B1B68D3F81C1200230022B5
:10C76000B86800F0EBFEB860BB685A1CBA602F22B4
:10C770001A70364B1B68D3F8201200230022B868C9
:10C7800000F0DCFEB860BB685A1CBA602F221A7039
:10C790002E4B1B68D3F81C32002B16D02B4B1B687A
:10C7A000D3F8D42113469B0013445B001A46274B51
:10C7B0001B68D3F81C325B081A44244B1B68D3F85F
:10C7C0001C32B2FBF3F3FB6001E00023FB60FB686B
:10C7D0001F4AA2FB0323D90800230022B86800F0F7
:10C7E000ADFEB860BB685A1CBA602E221A70FA6897
:10C7F000174BA3FB0213D9080B469B000B445B00AD
:10C80000D11A00230022B86800F098FEB860BB6817
:10C810005A1CBA602C221A700C4B1B68D3F8D41126
:10C8200000230022B86800F089FEB860BB685A1C7B
:10C83000BA605D221A70074B00221A60BB687A68E2
:10C84000926B9B1A18461037BD4680BD1C0E032004
:10C85000CDCCCCCCF00D032080B586B000AF786095
:10C860007B689B6B7B617B695A1C7A615B221A70C7
:10C870007B689B681946786907F076FA7869F3F760
:10C88000A1FE02467B6913447B617B695A1C7A6175
:10C890002C221A707B695A1C7A6130221A707B69CB
:10C8A0005A1C7A612C221A70464B1B68D3F8483206
:10C8B000BB6000230022B968786900F03FFE786110
:10C8C00000233B6128E07B695A1C7A612F221A7091
:10C8D0003C4B1A683B6992339B0013449B88194672
:10C8E00000230022786900F029FE78617B695A1CD8
:10C8F0007A612F221A70334B1A683B6992339B007E
:10C900001344DB88194600230022786900F016FEE4
:10C9100078613B6901333B613B69BA689A42D2D87E
:10C920007B695A1C7A612C221A70264B1B68D3F83B
:10C930005832BB6000230022B968786900F0FEFD20
:10C9400078610023FB6028E07B695A1C7A612F2202
:10C950001A701C4B1A68FB6896339B0013449B8823
:10C96000194600230022786900F0E8FD78617B69B0
:10C970005A1C7A612F221A70124B1A68FB68963380
:10C980009B001344DB88194600230022786900F0DD
:10C99000D5FD7861FB680133FB60FB68BA689A4299
:10C9A000D2D87B695A1C7A615D221A70064B00222C
:10C9B0001A607B697A68926B9B1A18461837BD46D5
:10C9C00080BD00BF1C0E0320F00D0320B0B58EB05B
:10C9D00002AF78607B689B6BFB62002387F82B308B
:10C9E0007B68DB6A002B18D07B68DB688B491846B4
:10C9F000F3F7DEFD0346002B03D1012387F82B302C
:10CA00000BE07B68DB6886491846F3F7D1FD0346E7
:10CA1000002B02D1022387F82B30FB6A5A1CFA62E2
:10CA20005B221A707B689B681946F86A07F09CF9CC
:10CA3000F86AF3F7C7FD0246FB6A1344FB62FB6A20
:10CA40005A1CFA622C221A70FB6A5A1CFA623022B3
:10CA50001A70744B1B6893F86D32002B00F0A8819C
:10CA6000704B1B68D3F868324FF0FF31184603F063
:10CA7000BBFAFB6A5A1CFA622C221A70694B1B68BB
:10CA800093F86D32012B05D1FB6A5A1CFA625222CF
:10CA90001A7004E0FB6A5A1CFA6254221A70FB6A8C
:10CAA0005A1CFA622F221A705E4B1B68D3F8783238
:10CAB000FB605C4B1B68D3F870323B62594B1B68C0
:10CAC000D3F874327B623B6A002B16D07B6A002B52
:10CAD00013D0F96800230022F86A00F02FFDF862F5
:10CAE000FB6A5A1CFA622F221A7000230022396A4C
:10CAF000F86A00F023FDF86212E000230022002112
:10CB0000F86A00F01BFDF862FB6A5A1CFA622F22D9
:10CB10001A70002300220021F86A00F00FFDF8626D
:10CB2000FB6A5A1CFA625D221A70FB6A5A1CFA628E
:10CB30000D221A70FB6A5A1CFA620A221A707B686C
:10CB40001C687B68996BFB6A7A68926B9A1A7B689F
:10CB50005B680220A0477B689B6BFB623B6A002BF3
:10CB600000F0F4807B6A002B00F0F080FB68002B63
:10CB70003DD00023FB6136E02A4B1A68FB694F3336
:10CB8000DB0013441B791846264B1A68FB694F33A8
:10CB9000DB001344DB881C46224B1A68FB694F33C9
:10CBA000DB0013441B8919461E4B1A68FB694F337F
:10CBB000DB0013445B8901930091234602461A4926
:10CBC000F86A07F0B1F87B681C687B689D6BF86AAF
:10CBD000F3F7F8FC02467B685B6829460220A04711
:10CBE000FB690133FB61FA69FB689A42C4DB0023ED
:10CBF0007B835AE0FB6A5A1CFA627B221A707B8B99
:10CC000004221946F86A00F039FDF862FB6A5A1CE2
:10CC1000FA622C221A7000237B611CE0E4470108B1
:10CC2000E84701081C0E0320784A01087B69002BA5
:10CC300004D0FB6A5A1CFA6220221A707B697A6A55
:10CC400013441B7802221946F86A00F017FDF862B7
:10CC50007B6901337B617B690F2BE7DDFB6A5A1C23
:10CC6000FA627D221A70FB6A5A1CFA620D221A704F
:10CC7000FB6A5A1CFA620A221A707B681C687B687D
:10CC8000996BFB6A7A68926B9A1A7B685B680220E0
:10CC9000A0477B689B6BFB627B8B01337B837B6A4A
:10CCA00010337B623B6A103B3B623B6A102BA1D87E
:10CCB0003B6A002B4AD0FB6A5A1CFA627B221A702C
:10CCC0007B8B04221946F86A00F0D8FCF862FB6AF4
:10CCD0005A1CFA622C221A7000233B6114E03B6953
:10CCE000002B04D0FB6A5A1CFA6220221A703B699E
:10CCF0007A6A13441B7802221946F86A00F0BEFCD7
:10CD0000F8623B6901333B613B693A6A9A42E6D873
:10CD1000FB6A5A1CFA627D221A70FB6A5A1CFA627C
:10CD20000D221A70FB6A5A1CFA620A221A707B687A
:10CD30001C687B68996BFB6A7A68926B9A1A7B68AD
:10CD40005B680220A0477B689B6BFB622C4B1B68D7
:10CD5000002283F86D222A4B1B680022C3F8782238
:10CD6000274B1B680022C3F87022254B1B68D3F8A1
:10CD70007432002B0BD0224B1B68D3F87432184648
:10CD800006F0D4FE1E4B1B680022C3F874221C4B15
:10CD90001B6897F82B2083F86C22194B1B68D3F87B
:10CDA000680200230022002102F0A2FE002323E0FB
:10CDB000134B1B68D3F868324FF0FF31184603F06D
:10CDC00013F90F4B1B6897F82B2083F86C220C4B40
:10CDD0001B68D3F8680200230022002102F088FEBD
:10CDE000FB6A5A1CFA625D221A70064B00221A6016
:10CDF000FB6A7A68926B9B1A18463037BD46B0BD05
:10CE00001C0E0320F00D032080B485B000AFF86045
:10CE1000B9607A60FB68043BFB60FB684FF080728E
:10CE20001A60FB68043BFB60BB6823F00102FB68EF
:10CE30001A60FB68043BFB600C4AFB681A60FB68E5
:10CE4000143BFB607A68FB681A60FB68043BFB607C
:10CE5000FB686FF002021A60FB68203BFB60FB6816
:10CE600018461437BD465DF8047B704771CE000844
:10CE700080B485B000AF00237B60114B1B68B3F119
:10CE8000FF3F09D04FF0500383F31188BFF36F8F3A
:10CE9000BFF34F8FFB60FEE74FF0500383F3118821
:10CEA000BFF36F8FBFF34F8FBB6000BF7B68002B5A
:10CEB000FCD000BF1437BD465DF8047B704700BF4F
:10CEC0001C00002000000000000000000000000026
:10CED000074B19680868B0E8F04F80F30988BFF382
:10CEE0006F8F4FF0000080F311887047AFF3008020
:10CEF000388B022000BF00BF08480068006880F33C
:10CF000008884FF0000080F3148862B661B6BFF362
:10CF10004F8FBFF36F8F00DF00BF00BF08ED00E051
:10CF200080B588B000AF4C4B1B684C4A934209D186
:10CF30004FF0500383F31188BFF36F8FBFF34F8F10
:10CF4000BB61FEE7444B1B68454A934209D14FF051
:10CF5000500383F31188BFF36F8FBFF34F8F7B6153
:10CF6000FEE7404BFB61FB691B78DBB2BB60FB69F2
:10CF7000FF221A70FB691B78DBB2FB71FB79DBB215
:10CF800003F05003DAB2384B1A70384B07221A609C
:10CF900009E0364B1B68013B344A1360FB79DBB276
:10CFA0005B00DBB2FB71FB79DBB203F08003802B0B
:10CFB000EFD02E4B1B68C3F10703042B09D04FF0B1
:10CFC000500383F31188BFF36F8FBFF34F8F3B6123
:10CFD000FEE7264B1B68C3F10703042B09D04FF073
:10CFE000500383F31188BFF36F8FBFF34F8FFB6044
:10CFF000FEE71E4B1B681B021C4A13601B4B1B6881
:10D0000003F4E063194A1360BB68DAB2FB691A7073
:10D01000174B1B68164A43F470031360144B1B68CC
:10D02000134A43F07043136000F0E4F8114B002200
:10D030001A6000F003F9104B1B680F4A43F040439D
:10D040001360FFF759FF04F03FFCFFF711FF0023C7
:10D0500018462037BD4680BD00ED00E071C20F418B
:10D0600070C20F4100E400E0740400207804002046
:10D0700020ED00E01C00002034EF00E080B483B01D
:10D0800000AF4FF0500383F31188BFF36F8FBFF3EE
:10D090004F8F7B600E4B1B6801330D4A13600C4BA6
:10D0A0001B68012B0ED10B4B1B68DBB2002B09D088
:10D0B0004FF0500383F31188BFF36F8FBFF34F8F8F
:10D0C0003B60FEE700BF0C37BD465DF8047B704750
:10D0D0001C00002004ED00E080B483B000AF114BD1
:10D0E0001B68002B09D14FF0500383F31188BFF365
:10D0F0006F8FBFF34F8F7B60FEE70A4B1B68013BCE
:10D10000084A1360074B1B68002B04D100233B60C7
:10D110003B6883F3118800BF0C37BD465DF8047B84
:10D12000704700BF1C00002000000000000000004D
:10D13000EFF30980BFF36F8F154B1A681EF0100FC5
:10D1400008BF20ED108A20E9F04F10602DE909009A
:10D150004FF0500080F31188BFF34F8FBFF36F8FF4
:10D1600004F0B2FB4FF0000080F3118809BC19688D
:10D170000868B0E8F04F1EF0100F08BFB0EC108A3E
:10D1800080F30988BFF36F8F704700BFAFF3008053
:10D19000388B022000BF00BF80B582B000AFF3F72C
:10D1A00091FA4FF0500383F31188BFF36F8FBFF3F1
:10D1B0004F8F7B6004F072FA0346002B03D0064BBE
:10D1C0004FF080521A6000233B603B6883F3118864
:10D1D00000BF0837BD4680BD04ED00E080B483B0D9
:10D1E00000AF786000BF18460C37BD465DF8047B81
:10D1F0007047000080B400AF0B4B00221A600B4B4D
:10D2000000221A600A4B1B680A4AA2FB03239B09EF
:10D21000094A013B1360044B07221A6000BFBD4658
:10D220005DF8047B704700BF10E000E018E000E00C
:10D2300010000020D34D621014E000E0DFF80C0075
:10D24000016841F470010160704700BF88ED00E0A3
:10D2500080B485B000AFEFF30583FB60FB680F2B54
:10D2600013D9164AFB6813441B78FB72144B1B78C6
:10D27000FA7A9A4209D24FF0500383F31188BFF330
:10D280006F8FBFF34F8F7B60FEE70E4B1B6803F47D
:10D29000E0620D4B1B689A4209D94FF0500383F3AB
:10D2A0001188BFF36F8FBFF34F8F3B60FEE700BF66
:10D2B0001437BD465DF8047B704700BFF0E300E023
:10D2C000740400200CED00E07804002080B485B0E8
:10D2D00000AFF860B9607A60FB68074A1A60BB6803
:10D2E000064A1A607B6880221A6000BF1437BD4668
:10D2F0005DF8047B704700BF7C040020D804002048
:10D3000080B485B000AFF860B9607A60FB68074A06
:10D310001A60BB68064A1A607B684FF480721A6014
:10D3200000BF1437BD465DF8047B7047D806002067
:10D330003407002080B584B000AF7860396006F013
:10D34000BFFB024600231360144B1B68002B02D165
:10D35000124B134A1A60114B1B68FB600F4B1A6883
:10D360003B6813441A460E4BD31AB3F5203F0AD933
:10D370007B680C221A6006F0A3FB02460C231360A4
:10D380004FF0FF3306E0054B1A683B681344034A2D
:10D390001360FB6818461037BD4680BD348B0220F1
:10D3A000340B002080B483B000AF0346FB71FB79DF
:10D3B0002F2B01D800231FE0FB79392B03D8FB79F1
:10D3C000303BDBB218E0FB79402B01D8002313E09F
:10D3D000FB79462B03D8FB79373BDBB20CE0FB79BA
:10D3E000602B01D8002307E0FB79662B03D8FB797B
:10D3F000573BDBB200E0302318460C37BD465DF8E2
:10D40000047B704780B489B000AFF860B9607A607F
:10D41000FB70FB68FB617B68002B4AD1BB68002B6B
:10D4200009DAFB695A1CFA612D221A70BB685B424B
:10D43000BB6001237B60BB687B610023BB6108E0AC
:10D440007B693C4AA2FB0323DB087B61BB69013398
:10D45000BB617B69002BF3D1BB69002B01D1012398
:10D46000BB617A68BB6913447B601EE0BA68324BCB
:10D4700083FB02139910D317C91A0B469B000B4468
:10D480005B00D11ACAB2BB69013BF9690B44303267
:10D49000D2B21A70BB68284A82FB03129210DB17C3
:10D4A000D31ABB60BB69013BBB61BB69002BDDDCF0
:10D4B00037E07B68BB6131E0BA681F4B83FB021326
:10D4C0009910D317C91A0B469B000B445B00D11A65
:10D4D000CAB2BB69013BF9680B443032D2B21A7050
:10D4E000FB7883F00103DBB2002B0CD0BB68002B70
:10D4F00009D1BA697B689A4205D0BB69013BFA68D9
:10D50000134420221A70BB680B4A82FB031292104C
:10D51000DB17D31ABB60BB69013BBB61BB69002B46
:10D52000CADC7B68FA68134418462437BD465DF8A8
:10D53000047B7047CDCCCCCC6766666680B489B07E
:10D5400000AFF860B9607A60FB70FB687B617B6854
:10D55000002B39D1BB68BB610023FB6108E0BB69CC
:10D56000384AA2FB0323DB08BB61FB690133FB6183
:10D57000BB69002BF3D1FB69002B01D10123FB61B7
:10D580007A68FB6913447B601AE0B9682D4BA3FBF2
:10D590000123DA0813469B0013445B00CA1AD2B277
:10D5A000FB69013B79690B443032D2B21A70BB6817
:10D5B000244AA2FB0323DB08BB60FB69013BFB6140
:10D5C000FB69002BE1DC33E07B68FB612DE0B9688F
:10D5D0001C4BA3FB0123DA0813469B0013445B009A
:10D5E000CA1AD2B2FB69013BF9680B443032D2B29D
:10D5F0001A70FB7883F00103DBB2002B0CD0BB6800
:10D60000002B09D1FA697B689A4205D0FB69013B7E
:10D61000FA68134420221A70BB680A4AA2FB03234B
:10D62000DB08BB60FB69013BFB61FB69002BCEDCC7
:10D630007B68FA68134418462437BD465DF8047BBE
:10D64000704700BFCDCCCCCC80B483B000AF0346D4
:10D65000FB71FB79092B03D8FB793033DBB207E090
:10D66000FB790F2B03D8FB793733DBB200E0302393
:10D6700018460C37BD465DF8047B704790B587B0FF
:10D6800000AFF860B9607A607B68002B39D1BB6865
:10D6900003F07043002B02D008237B6031E0BB68AD
:10D6A00003F07063002B02D007237B6029E0BB6886
:10D6B00003F47003002B02D006237B6021E0BB68DB
:10D6C00003F47023002B02D005237B6019E0BB68B4
:10D6D00003F47043002B02D004237B6011E0BB688D
:10D6E00003F47063002B02D003237B6009E0BB6866
:10D6F00003F0F003002B02D002237B6001E0012342
:10D700007B607B687B6113E0BB68DBB203F00F03D7
:10D71000D9B27B69013BFA68D4180846FFF794FF39
:10D7200003462370BB681B09BB607B69013B7B61BF
:10D730007B69002BE8DC7B68FA68134418461C37C9
:10D74000BD4690BD80B584B000AF786039600023DD
:10D75000BB600023FB6016E0FB687A6813441B780B
:10D760001846FFF71FFE03461A46BB681344BB600A
:10D770003B68013BFA689A4202DABB681B01BB6056
:10D78000FB680133FB60FA683B689A42E4DBBB68E4
:10D7900018461037BD4680BD80B487B000AFF86032
:10D7A000B9607A60FB707B68002B01D1002329E00F
:10D7B000BB68FA681A607B68012B01D1012321E064
:10D7C00001237B6119E0FB681B78FA789A4211D13A
:10D7D000FB6800221A707B695A1C7A619B00BA6848
:10D7E0001344FA6801321A607A697B689A4201DB55
:10D7F0007B6907E0FB680133FB60FB681B78002B4B
:10D80000E1D17B6918461C37BD465DF8047B704743
:10D8100080B586B000AFF860B9607A603B60682080
:10D8200006F07CF903467B6168220021786906F0E6
:10D83000CAF97B69FA681A607B697A685A627B69FF
:10D840003A689A627B693A6A5A60B86806F066F983
:10D8500003461A467B69DA60B86806F05FF903464A
:10D860001A467B69DA657B69DA687B69DA627B690B
:10D8700018461837BD4680BD90B589B000AF7860B6
:10D880007B689B69002B03D07B68012283F86020B2
:10D890007B6893F86030002B39D07B689B6910223D
:10D8A0000021184606F074FB02467B68B3F864302A
:10D8B0009A422CD07B68DB6D7B617B695A1C7A6154
:10D8C0005B221A707B68DB6A1946786906F04CFAAD
:10D8D0007869F2F777FE02467B6913447B617B69C6
:10D8E0005A1C7A612C221A700023002240F2EB317C
:10D8F0007869FFF787FD78617B695A1C7A615D2240
:10D900001A707B697A68D26D9B1ABB61DEE07B6816
:10D910009B6D002B40D07B68DB69102200211846EC
:10D9200006F036FB04467B68596D7B689B6D9BB2A5
:10D930001A46002005F0EAFC03469C422CD07B6886
:10D94000DB6D3B613B695A1C3A615B221A707B6854
:10D95000DB6A1946386906F007FA3869F2F732FED1
:10D9600002463B6913443B613B695A1C3A612C22D5
:10D970001A70002300224FF47B713869FFF742FDD3
:10D9800038613B695A1C3A615D221A703B697A68BA
:10D99000D26D9B1ABB6199E00023FB617B6819681B
:10D9A000FA6913465B001344DB000B445B69002BF0
:10D9B0002CD17B68DB6DBB60BB685A1CBA605B22F4
:10D9C0001A707B68DB6A1946B86806F0CDF9B8684A
:10D9D000F2F7F8FD0246BB681344BB60BB685A1CF3
:10D9E000BA602C221A700023002240F2ED31B86890
:10D9F000FFF708FDB860BB685A1CBA605D221A7058
:10DA0000BB687A68D26D9B1ABB615FE07B6819685E
:10DA1000FA6913465B001344DB000B441A467B682B
:10DA2000DB6A19461046F2F7C3FD0346002B49D1C5
:10DA30007B681968FA6913465B001344DB000B44EA
:10DA40001A697B685B681340002B2CD17B68DB6D07
:10DA5000FB60FB685A1CFA605B221A707B68DB6A09
:10DA60001946F86806F080F9F868F2F7ABFD02464F
:10DA7000FB681344FB60FB685A1CFA602C221A7086
:10DA80000023002240F2ED31F868FFF7BBFCF8609C
:10DA9000FB685A1CFA605D221A70FB687A68D26DC6
:10DAA0009B1ABB6112E07B681968FA6913465B0038
:10DAB0001344DB000B445B697A68243210469847B4
:10DAC000B86103E0FB690133FB6167E77B685C6A6F
:10DAD0007B68D96D7B689B6ABA690220A04700BF4A
:10DAE0002437BD4690BD90B587B000AFF860B960EF
:10DAF0007A60FB683B6100237B6186E13B691B7AAE
:10DB0000072B21D1BA687B691A443B69D9683B6904
:10DB10001B695C1C386904610B4412781A703B69FC
:10DB20001B693A69526D11463A69D2688A1A9A1A83
:10DB30003B699B6D9A42C0F065813869FFF79CFE96
:10DB40003B6900221A725DE1BA687B6913441B7855
:10DB50003B2B00F0A9803B2B04DC2C2B37D03A2B3D
:10DB600079D01BE13E2B00F0E1807C2B00F0C580DA
:10DB70003C2B40F013813B6901221A723B69002261
:10DB80001A653B691B6D3A690A339B0013440022F6
:10DB90009A603B69002283F860203B6900221A6189
:10DBA0003B6900225A613B6900229A613B6900226D
:10DBB000DA613B6900221A623B6900225A653B69BF
:10DBC00000229A653B690022A3F864201AE13B69B0
:10DBD0001B7A002B00F007813B69DA683B691B69FF
:10DBE000581C39690861134400221A703B691B7A7A
:10DBF000012BC0F2FA80022B0ADD062B00D0F4E0E4
:10DC00003B69DA683B691B691A443B69DA6121E0C8
:10DC10003B6902221A723B69D9683B691A693B6900
:10DC20001B6D5C1C386904650A4439690A339B0022
:10DC30000B449A603B69B3F86400BA687B6913448B
:10DC40000122194605F062FB03461A463B69A3F818
:10DC5000642000BFC9E03B691B7A002B00F0C7803D
:10DC60003B6904221A723B69DA683B691B69581CDC
:10DC700039690861134400221A703B69DA683B690C
:10DC80001B691A443B695A613B69B3F86400BA687E
:10DC90007B6913440122194605F038FB03461A46F6
:10DCA0003B69A3F86420ADE03B691B7A002B00F0D0
:10DCB000A0803B6905221A723B69DA683B691B69DF
:10DCC000581C39690861134400221A703B69DA68EC
:10DCD0003B691B691A443B691A623B69B3F86400EB
:10DCE000BA687B6913440122194605F00FFB03460D
:10DCF0001A463B69A3F8642084E03B691B7A002B39
:10DD000079D03B6906221A723B69DA683B691B6964
:10DD1000581C39690861134400221A703B69DA689B
:10DD20003B691B691A443B699A616BE03B691B7A4A
:10DD3000002B62D03B691B6A002B1ED03B69072277
:10DD40001A723B69DA683B691B69581C39690861BA
:10DD5000134400221A703B69DA683B691B691A4454
:10DD60003B695A653B691B6A10220021184606F080
:10DD70000FF902463B699A6544E03B69DA683B6902
:10DD80001B69581C39690861134400221A703869EC
:10DD9000FFF772FD3B6900221A7233E03B691B7A80
:10DDA000002B2CD0BA687B691A443B69D9683B695F
:10DDB0001B695C1C386904610B4412781A703B695A
:10DDC0001B7A062B1DD03B69B3F86400BA687B69E7
:10DDD00013440122194605F099FA03461A463B6995
:10DDE000A3F864200DE000BF0CE000BF0AE000BF14
:10DDF00008E000BF06E000BF04E000BF02E000BF93
:10DE000000E000BF7B6901337B617A697B689A42DD
:10DE1000FFF474AE00BF1C37BD4690BD80B582B024
:10DE200000AF0C2005F07AFE03467B607B68202261
:10DE30001A60202005F072FE03461A467B689A603D
:10DE40007B6800225A607B689B6800221A707B689E
:10DE500018460837BD4680BD80B584B000AF7860F5
:10DE600039607B681A687B6859683B680B449A4242
:10DE70001ED87B685A683B68134423F01F0303F1E4
:10DE800020027B681A607B681B68184605F046FE16
:10DE90000346FB607B689B681946F86805F064FFE1
:10DEA0007B689B68184605F041FE7B68FA689A60BB
:10DEB00000BF1037BD4680BD80B485B000AF78602C
:10DEC0007B68FB60FB6800225A60FB689B6800224D
:10DED0001A7000BF1437BD465DF8047B704780B4EC
:10DEE00085B000AF78607B68FB60FB689B68184674
:10DEF0001437BD465DF8047B704780B584B000AF31
:10DF0000786039607B68FB603868F2F75BFBB8606B
:10DF1000B968F868FFF7A0FFFB689A68FB685B6860
:10DF200013443968184605F01FFFFB685A68BB6840
:10DF30001A44FB685A60FB689B6818461037BD4658
:10DF400080BD80B485B000AF78600B46FB707B6805
:10DF5000FB60FB689A68FB685B68581CF96848605E
:10DF60001344FA781A70FB689A68FB685B6813447C
:10DF700000221A70FB689B6818461437BD465DF88E
:10DF8000047B704780B586B000AFF860B9607A60F6
:10DF9000FB687B617B6819467869FFF75DFF7B69E9
:10DFA0009A687B695B6813447A68B9681846FFF71A
:10DFB00065FB7B695A687B681A447B695A607B6998
:10DFC0009A687B695B68134400221A707B699B68BE
:10DFD00018461837BD4680BD80B586B000AF786062
:10DFE0007B68D3F88030002B1DD07B68D3F880305D
:10DFF0007B610023FB607B699B6807F10C020121B8
:10E00000184601F035FB38613B69002B0CD0FB68EA
:10E01000002B09D0064B4FF080521A60BFF34F8F90
:10E02000BFF36F8F00E000BF1837BD4680BD00BF53
:10E0300004ED00E080B586B000AF78607B68D3F86F
:10E040008030002B1DD07B68D3F880307B610023AB
:10E05000FB607B699B6807F10C020121184601F007
:10E0600007FB38613B69002B0CD0FB68002B09D003
:10E07000064B4FF080521A60BFF34F8FBFF36F8F84
:10E0800000E000BF1837BD4680BD00BF04ED00E0D2
:10E0900080B584B000AF7860102005F03FFD0346E6
:10E0A000FB60FB68002B09D14FF0500383F311880C
:10E0B000BFF36F8FBFF34F8FBB60FEE710220021CD
:10E0C000F86805F080FD7B689B695B6800209847D5
:10E0D0007B689B691A68FB681A60FB681B68FA68B2
:10E0E000C3F8802001F0E6F80246FB689A60012040
:10E0F00001F0E5FC0246FB68DA607B681B69FA68A0
:10E100005A60002318461037BD4680BD80B584B0E4
:10E1100000AF78607B681B691B7803F00103DBB2FA
:10E12000002B02D14FF0FF3311E07B681B695B6865
:10E13000FB60FB68DB684FF0FF31184601F054FFCD
:10E140007B681A69137843F00203137000231846A2
:10E150001037BD4680BD80B588B002AFF860B960A9
:10E160007A603B60FB681B691B7803F00203DBB23B
:10E17000002B01D1002358E0FB681B695B683B6101
:10E18000FB689B695B693A69127910469847BB68DE
:10E1900003F00203002B0AD03B6918683B689AB26F
:10E1A0003B6A7968F5F78EF90346FB7523E03B6916
:10E1B0001B683A6892B279681846F5F711FF034672
:10E1C000FB75FB7D002BF2D13B6998683B6A00939D
:10E1D00000230122012101F087F80346012B02D11F
:10E1E0000023FB7501E00323FB753B691B689B6CF7
:10E1F0001846F2F713FDBB6803F00103002B0ED1A4
:10E200003B691B681B681A683B691B681B6822F026
:10E2100040021A60FB689B695B6900209847FB7DA0
:10E22000002B01D13B6800E0002318461837BD469B
:10E2300080BD80B588B002AFF860B9607A603B609D
:10E24000FB681B691B7803F00203DBB2002B01D1D2
:10E25000002358E0FB681B695B683B61FB689B69B6
:10E260005B693A69127910469847BB6803F002036C
:10E27000002B0AD03B6918683B689AB23B6A796800
:10E28000F5F754FA0346FB7523E03B6918683B68D1
:10E290009BB27A687968F6F753F90346FB75FB7D04
:10E2A000002BF2D13B6998683B6A0093002301225E
:10E2B000012101F019F80346012B02D10023FB755F
:10E2C00001E00323FB753B691B689B6C1846F2F762
:10E2D000A5FCBB6803F00103002B0ED13B691B6852
:10E2E0001B681A683B691B681B6822F040021A60B1
:10E2F000FB689B695B6900209847FB7D002B01D17F
:10E300003B6800E0002318461837BD4680BD80B545
:10E310008AB002AFF860B9607A603B60FB681B6945
:10E320001B7803F00203DBB2002B01D100236EE067
:10E330000123FB77FB681B695B687B61FB689B695A
:10E340005B697A69127910469847BB6803F002034B
:10E35000002B0DD07B691868FB6A9AB23B6B009367
:10E360001346BA6A7968F5F799FC0346FB7734E0FF
:10E370000023BB6112E07B691868FB6A9BB2BA6A32
:10E380007968F6F7DDF80346FB77FB7F002B09D0B1
:10E39000052002F0CDFFBB690133BB61BB69022BD5
:10E3A000E9DD00E000BFFB7F002B16D17B69986898
:10E3B0003B6B009300230122012100F095FF0346EF
:10E3C000012B02D10023FB7701E00323FB777B695C
:10E3D0001B689B6C1846F2F721FCBB6803F0010335
:10E3E000002B0ED17B691B681B681A687B691B6850
:10E3F0001B6822F040021A60FB689B695B69002081
:10E400009847FB7F002B01D1FB6A00E000231846F0
:10E410002037BD4680BD80B487B000AFF860B960DA
:10E420007A603B60FB681B691B7803F00203DBB278
:10E43000002B01D100231EE0FB681B695B683B6178
:10E44000BB6841F20202934203D0B3F5885F05D066
:10E4500010E07B68DAB23B691A710BE03B68032B72
:10E4600007D93B6904331B681A467B681A6004238A
:10E470007B6100BF7B6918461C37BD465DF8047B95
:10E48000704780B584B000AF78607B681B695B68BB
:10E49000FB607B681B691B7803F00203DBB2002B77
:10E4A00005D07B681A6913786FF341031370FB681A
:10E4B000D86800230022002101F01AFB00BF1037AA
:10E4C000BD4680BD80B584B000AF78607B681B69B5
:10E4D0005B68FB60FB689B68184601F058F8FB68B6
:10E4E000DB68184601F088FEF86805F01FFB00BFE6
:10E4F0001037BD4680BD80B487B000AFF860B9600A
:10E500007A60FB681B691B7803F00203DBB2002B07
:10E5100001D1002308E0FB681B695B687B61BB6875
:10E520001A687B695A60042318461C37BD465DF89B
:10E53000047B704780B586B000AF78600023BB6075
:10E540007B681B6C7B617B69D8687B6903F1180170
:10E5500007F10803202202F052FB38613B69002BCF
:10E560000AD07B6918687B6918333A6992B21946F8
:10E57000F7F746F80346FB73BB68002B07D0064B42
:10E580004FF080521A60BFF34F8FBFF36F8F00BF01
:10E590001837BD4680BD00BF04ED00E080B586B0F1
:10E5A00000AF78607B681B6C7B610023FB607B693C
:10E5B00098687B6903F1140107F10C03012202F052
:10E5C000D2F938617B691433012219467868F7F76C
:10E5D0005CF8FB68002B07D0054B4FF080521A60A7
:10E5E000BFF34F8FBFF36F8F00BF1837BD4680BD9D
:10E5F00004ED00E080B584B000AF78607B681B6CF0
:10E60000FB607B681B685B687B681B681B687B68BA
:10E6100093F83A30DBB2202B06D1FB681433012289
:10E6200019467868F7F731F800BF1037BD4680BD4E
:10E6300080B588B000AF7860382005F06FFA0346E7
:10E64000FB61FB69002B09D14FF0500383F3118864
:10E65000BFF36F8FBFF34F8FBB61FEE738220021FE
:10E66000F86905F0B0FA7B689B691A68FB691A6063
:10E67000FB691B68FA691A6400F01CFE0246FB691C
:10E680005A60002201214FF4807001F0B7FF02466A
:10E69000FB699A60FB699B68002B09D14FF050031E
:10E6A00083F31188BFF36F8FBFF34F8F7B61FEE75A
:10E6B000002201214FF4807001F0A0FF0246FB69A7
:10E6C000DA60FB69DB68002B09D14FF0500383F35C
:10E6D0001188BFF36F8FBFF34F8F3B61FEE70120BF
:10E6E00001F0EDF90246FB691A61FB691B69002B19
:10E6F00009D14FF0500383F31188BFF36F8FBFF33D
:10E700004F8FFB60FEE7FB691868FB691433012239
:10E710001946F6F7BAFF7B681B69FA695A6000234D
:10E7200018462037BD4680BD80B588B000AFF86080
:10E73000B9607A603B60FB681B695B68FB613B68A2
:10E74000002B01D1002335E0FB691B694FF0FF313D
:10E75000184601F049FCFB69D8684FF0FF333A686E
:10E76000796802F037F8B861FB691B6893F83930B3
:10E77000DBB2202B16D1FB69D868FB6903F11801C5
:10E780004FF0FF33202202F0A5F978617B69002B5E
:10E7900008D0FB691868FB6918337A6992B2194688
:10E7A000F6F72EFFFB69186900230022002101F013
:10E7B0009FF9BB6918462037BD4680BD80B586B03D
:10E7C00000AFF860B9607A603B60FB681B695B680A
:10E7D0007B617B6918687B69143301221946F6F75F
:10E7E00054FF7B699B683968184601F08CFF7B6990
:10E7F00098683B6AB3F1FF3F09D03B6A4FF47A72E5
:10E8000002FB03F3074AA2FB03239B0901E04FF03D
:10E81000FF333A68796802F05DF903461846183705
:10E82000BD4680BDD34D621080B487B000AFF860A4
:10E83000B9607A603B60FB681B691B7803F00203D8
:10E84000DBB2002B01D1002304E0FB681B695B688D
:10E850007B613B6918461C37BD465DF8047B7047F9
:10E8600080B584B000AF78607B681B695B68FB6033
:10E87000FB685B68184600F08AFEFB689B681846D8
:10E8800001F01BFFFB68DB68184601F016FFFB6810
:10E890001B69184601F0B0FCF86805F047F900BFA5
:10E8A0001037BD4680BD80B584B000AF78607B680E
:10E8B0001B695B68FB60FB68002B06D0FB689B69EB
:10E8C000FA68D2691046984700E000BF1037BD468D
:10E8D00080BD90B589B002AFF860B9601346FB7196
:10E8E000BB6843F00403BB60BB681B0CDBB23B7529
:10E8F000BB681B0ADBB27B75BB68DBB2BB75FB79FF
:10E90000FB75FB685B699C6807F114024FF4FA63BE
:10E91000009304230221F868A0470346042B01D08A
:10E92000062300E0002318461C37BD4690BD90B575
:10E9300089B002AFF860B9607A60BB681B0CDBB2CB
:10E940003B75BB681B0ADBB27B75BB68DBB2BB7572
:10E95000FB685B699C6807F114024FF4FA6300934B
:10E9600003230321F868A0470346032B01D00623A5
:10E9700010E0FB685B69DC684FF4FA6300930123E5
:10E980007A680221F868A0470346012B01D00623CC
:10E9900000E0002318461C37BD4690BD80B584B00A
:10E9A00000AF7860396007F10D031A46396878685E
:10E9B000FFF7BDFF7B7BFB813B6803F5807307F1AD
:10E9C0000D0219467868FFF7B2FFFB891B029AB265
:10E9D0007B7B9BB21344FB81FB8918461037BD46F5
:10E9E00080BD90B589B002AFF860B9607A607B8075
:10E9F000BB681B0CDBB23B75BB681B0ADBB27B75CB
:10EA0000BB68DBB2BB75FB685B699C6807F11402ED
:10EA10004FF4FA63009303230321F868A0470346E9
:10EA2000032B01D0062328E097F82830002B11D0C3
:10EA3000FB685B69DC687A884FF4FA6300931346DD
:10EA40007A680221F868A04702467B889A4213D070
:10EA5000062312E0FB685B69DC687A884FF4FA638E
:10EA6000009313467A680021F868A04702467B8825
:10EA70009A4201D0062300E0002318461C37BD4609
:10EA800090BD80B584B000AF78600B46FB70FB781A
:10EA90001A464FF484717868FFF71BFF07F10F03E4
:10EAA0001A464FF484717868FFF741FFFB7B002B17
:10EAB00000D0F3E700BF00BF18461037BD4680BD49
:10EAC00090B589B000AF78607B681B691B7803F054
:10EAD0000103DBB2002B01D00023C2E0342000F0A0
:10EAE000C5FBB861BB69002B09D14FF0500383F31C
:10EAF0001188BFF36F8FBFF34F8F7B61FEE7342226
:10EB00000021B86905F05FF8BB6903F12002BB6919
:10EB100000211962BB695A62BB69544A9A617B68D9
:10EB20009B695B68524AFA607A683A6107F10C02A5
:10EB3000104698477B689B691B68184604F0D0FC18
:10EB40000246BB691A60BB691B68002B7FD0BB699A
:10EB50001B685B695C69BB6918687B689B691B7F84
:10EB60001A46002341F20201A047BB691B685B699A
:10EB70005C69BB691868BB691A1D10234FF4885182
:10EB8000A0470246BB695A61322002F0D1FBBB6943
:10EB90001B68102241F608611846FFF79AFEBB6910
:10EBA0001B68102241F608711846FFF792FE0123F8
:10EBB000FB611AE0BB691868FB699B000133DB004D
:10EBC00003F5F05300221946FFF783FEBB6918686E
:10EBD000FB699B000133DB0003F5F8530022194663
:10EBE000FFF777FEFB690133FB61FB69072BE1DD72
:10EBF000BB691B68042208211846FFF76AFEBB693F
:10EC00001B68042242F608411846FFF762FEBB6902
:10EC10001B6801224FF4C0511846FFF75AFEBB692A
:10EC2000012283F83020BB691B685B699B69BA6964
:10EC30001268104698477B681B69BA695A607B68FE
:10EC40001A69137843F001031370002309E000BF31
:10EC5000B86900F01DFB7B681B6900225A604FF009
:10EC6000FF3318462437BD4690BD00BF2D34010840
:10EC7000A7E8000880B489B000AFF860B9607A6096
:10EC80003B60FB681B695B68FB610023BB61BB6980
:10EC900018462437BD465DF8047B704780B584B0C4
:10ECA00000AF78600B46FB700023FB810023BB8123
:10ECB000FB789B000133DB0003F518531946786895
:10ECC000FFF76CFE0346BB81BB89002B0BD0FB78A2
:10ECD0009B000133DB0003F5185319467868FFF7F2
:10ECE0005DFE0346FB81FA89BB899A42E0D1FB892C
:10ECF00018461037BD4680BD90B58BB002AF786026
:10ED00000023FB740023BB8300237B837B681B6889
:10ED10005B695B687A681268104698470346002B67
:10ED200040F0E5807B681B685B691B6A7A68106845
:10ED30007A68111D7A68526998477B681B6807F1E9
:10ED400013024FF402711846FFF7F1FD0346002B42
:10ED500040F0BF80FB7C002B00F0BD807B681B680F
:10ED6000FA7C4FF402711846FFF7B3FD7B681B680D
:10ED700000211846FFF792FF0346FB83FB8B002B15
:10ED800000F0AB807B681B6842F608011846FFF76D
:10ED900005FE03467B8376E07B6818687B8B1B024D
:10EDA00003F1180107F10C02012300930223FFF77E
:10EDB00018FE0346002B6AD13B7B1B021AB27B7BF9
:10EDC0001BB213431BB23B833B8B022B62D93A8BA2
:10EDD000FB8B9A425ED83B8B023B3B83BA8B3B8BCF
:10EDE0001344BB83BB8BB3F5804F52D87B8B02336C
:10EDF0007B83102000F03AFA78617B69002B38D0D1
:10EE00003B8B184600F032FA02467B695A607B69F8
:10EE10005B68002B03D1786900F03AFA29E07B693E
:10EE200000229A603A8B7B69DA607B6818687B8B7A
:10EE30001B0203F118017B695A683C8B0023009385
:10EE40002346FFF7CEFD0346002B0AD17B69002243
:10EE50001A607B685B6A7A691A607A697B685A62B1
:10EE600007E07B695B68184600F012FA786900F0E9
:10EE70000FFA7A8B3B8B13447B83FA8B3B8BD31A31
:10EE80009BB2023BFB83FB8B002B85D102E000BFD2
:10EE900000E000BF7A8BFB8B13447B837B68186890
:10EEA0007B8B1B0A9BB2DBB21A4642F60801FFF7C6
:10EEB00010FD7B681B687A8BD2B242F608111846A7
:10EEC000FFF707FD7B681B6840211846FFF7D9FD57
:10EED00004E000BF02E000BF00E000BF7B681B68E9
:10EEE0005B699B697A6812681046984700E000BF2A
:10EEF0002437BD4690BD80B586B000AFF860B960DC
:10EF00007A603B60FB681B695B687B617B691B6A9D
:10EF10003B613B69002B01D1002310E03B695A683B
:10EF20003B699B6813443A681946786804F027FEE9
:10EF30003B699A683B681A443B699A603B6818468B
:10EF40001837BD4680BD80B584B000AF78607B685F
:10EF50001B6AFB60FB68002B02D17868FFF7CCFED0
:10EF60007B681B6AFB60FB68002B01D1002301E07A
:10EF7000FB68DB6818461037BD4680BD80B584B09D
:10EF800000AF786039600023FB817B681B685B6998
:10EF90005B687A681268104698470346002B62D176
:10EFA0007B681B685B691B6A7A6810687A68111D48
:10EFB0007A68526998473B68013B032B0AD801A243
:10EFC00052F823F0EFEF000809F0000823F00008E2
:10EFD0003DF000087B681B68F8224FF43851184652
:10EFE000FFF777FC7B68012283F8302033E07B68F1
:10EFF0001B68D8224FF438511846FFF76AFC7B682B
:10F00000002283F8302026E07B681B68E0224FF462
:10F0100038511846FFF75DFC7B68002283F83020EA
:10F0200019E07B681B68C8224FF438511846FFF777
:10F0300050FC7B68002283F830200CE07B681B6862
:10F04000C0224FF438511846FFF743FC7B6800227A
:10F0500083F8302000BF7B681B685B699B697A6816
:10F0600012681046984700BF1037BD4680BD00BFEC
:10F0700080B588B000AFF860B9607A603B6000236B
:10F08000FB61FB681B695B68BB61BB69002B01D13D
:10F090000023D5E0BB6848F21102934216D048F233
:10F0A0001102934208D848F20502934241D048F237
:10F0B0000602934230D0C2E049F21002934256D089
:10F0C00049F22102934200F0A880B8E0BB691B68B6
:10F0D0005B695B68BA691268104698470346002B63
:10F0E00040F0A480BB691B685B691B6ABA69106841
:10F0F000BA69111DBA6952699847BB691B68012139
:10F100001846FFF7BEFCBB691B685B699B69BA695F
:10F1100012681046984789E03B68042B40F08880CD
:10F12000B869FFF710FF02467B681A600423FB6191
:10F130007EE0BB691B6A002B7CD0BB691B6A7B61CC
:10F14000BB691B6A1A68BB691A62BB691B6A002B20
:10F1500004D1BB6903F12002BB695A627B695B6819
:10F16000184600F095F8786900F092F862E03B6884
:10F17000012B05D03B68022B02D03B68042B5BD1EE
:10F18000BB691B685B695B68BA691268104698477F
:10F190000346002B50D1BB691B685B691B6ABA69C7
:10F1A0001068BA69111DBA6952699847BB691B6832
:10F1B00007F113024FF438511846FFF7B8FB034626
:10F1C000002B21D13B68FB613B68012B06D1FB7C06
:10F1D00003F00103DAB27B681A7015E03B68022B7A
:10F1E00007D1FB7C9BB203F001039AB27B681A80C3
:10F1F0000AE03B68042B05D1FB7C03F001027B682D
:10F200001A6001E00023FB61BB691B685B699B69B5
:10F21000BA691268104698470EE03B68002B0DD182
:10F220007B681946B869FFF7A9FE07E000BF06E052
:10F2300000BF04E000BF02E000BF00E000BFFB69C8
:10F2400018462037BD4680BD80B582B000AF7860DB
:10F250007B681B695B68184600F01AF87B681B69BD
:10F2600000225A6000BF0837BD4680BD80B584B01B
:10F2700000AF786002F0F8F8786804F04FFC0346BD
:10F28000FB6002F0FFF8FB6818461037BD4680BDF2
:10F2900080B582B000AF78607B68002B06D002F0AA
:10F2A000E3F8786804F042FC02F0ECF800BF08379D
:10F2B000BD4680BD80B582B000AF2020FFF7D6FFED
:10F2C00078607B68002B0AD07B6800221A607B681C
:10F2D0000433184600F0E0F97B6800221A777B6857
:10F2E00018460837BD4680BD80B590B000AFF860C5
:10F2F000B9607A603B60FB687B630023BB630023DB
:10F300003B63FB68002B09D14FF0500383F3118856
:10F31000BFF36F8FBFF34F8F3B62FEE7BB6803F015
:10F320007F43002B09D04FF0500383F31188BFF3C4
:10F330006F8FBFF34F8FFB61FEE7BB68002B09D1D6
:10F340004FF0500383F31188BFF36F8FBFF34F8FDC
:10F35000BB61FEE702F03AFF0346002B02D1BB6C13
:10F36000002B01D1012300E00023002B09D14FF035
:10F37000500383F31188BFF36F8FBFF34F8F7B610F
:10F38000FEE702F071F87B6B1B68FB623A68B968B4
:10F39000F86A00F04AF9B862BB6A002B0ED0FB6A2B
:10F3A000FB630023BB647B68002B28D07B6B1A684F
:10F3B000BB68DB431A407B6B1A6020E0BB6C002B00
:10F3C00004D1FB6AFB6301233B6318E07B68002BDD
:10F3D00003D0BB6B43F08073BB633B68002B03D04F
:10F3E000BB6B43F08063BB637B6B181DBA68BB6B60
:10F3F0001343BA6C194602F0F9FA0023FB6302F0DA
:10F4000041F87862BB6C002B31D07B6A002B07D1AE
:10F41000194B4FF080521A60BFF34F8FBFF36F8FBD
:10F4200003F0BEF8F863FB6B03F00073002B1AD1F6
:10F43000FDF724FE7B6B1B68FB633A68B968F86BC9
:10F4400000F0F3F80346002B09D07B68002B06D0B0
:10F450007B6B1A68BB68DB431A407B6B1A60012325
:10F460003B63FDF739FEFB6B23F07F43FB63FB6BD4
:10F4700018464037BD4680BD04ED00E080B58EB033
:10F4800000AF7860396000233B637B68BB62002378
:10F49000FB627B68002B09D14FF0500383F3118886
:10F4A000BFF36F8FBFF34F8F3B61FEE73B6803F005
:10F4B0007F43002B09D04FF0500383F31188BFF333
:10F4C0006F8FBFF34F8FFB60FEE7BB6A04337B6235
:10F4D0007B6A08333B6201F0C7FF7B6ADB687B63B2
:10F4E000BB6A1A683B681A43BB6A1A603CE07B6BD4
:10F4F0005B68FB617B6B1B68BB610023FB62BB69C4
:10F5000003F07F437B61BB6923F07F43BB617B6971
:10F5100003F08063002B08D1BB6A1A68BB691340F3
:10F52000002B0BD00123FB6208E0BB6A1A68BB69A1
:10F530001340BA699A4201D10123FB62FB6A002B96
:10F5400010D07B6903F08073002B03D03A6BBB694A
:10F5500013433B63BB6A1B6843F000731946786B27
:10F5600002F0B2FBFB697B637A6B3B6A9A42BED1C5
:10F57000BB6A1A683B6BDB431A40BB6A1A6001F036
:10F5800081FFBB6A1B6818463837BD4680BD80B511
:10F5900086B000AF78607B687B617B69002B09D106
:10F5A0004FF0500383F31188BFF36F8FBFF34F8F7A
:10F5B000FB60FEE77B6904333B6101F055FF16E019
:10F5C0003B69DA683B6908339A4209D14FF050032E
:10F5D00083F31188BFF36F8FBFF34F8FBB60FEE7DC
:10F5E0003B69DB684FF00071184602F06DFB3B6928
:10F5F0001B68002BE4D17B691B7F002B02D178694B
:10F60000FFF746FE01F03EFF00BF1837BD4680BD44
:10F6100080B582B000AF7860396039687868FFF7EC
:10F620002DFF00BF0837BD4680BD80B487B000AF56
:10F63000F860B9607A6000237B617B68002B07D19A
:10F64000FA68BB681340002B0AD001237B6107E0F6
:10F65000FA68BB681340BA689A4201D101237B6102
:10F660007B6918461C37BD465DF8047B7047000077
:10F6700080B586B000AFF860B9607A607B68BA6820
:10F68000F968044803F022FE78617B691846183750
:10F69000BD4680BD11F6000880B483B000AF78602D
:10F6A0007B6803F108027B685A607B684FF0FF3289
:10F6B0009A607B6803F108027B68DA607B6803F17B
:10F6C00008027B681A617B6800221A6000BF0C3751
:10F6D000BD465DF8047B704780B483B000AF7860AE
:10F6E0007B6800221A6100BF0C37BD465DF8047BC1
:10F6F000704780B485B000AF786039603B681B68A4
:10F70000BB60BB68B3F1FF3F03D17B681B69FB6043
:10F710000CE07B680833FB6002E0FB685B68FB6021
:10F72000FB685B681B68BA689A42F6D2FB685A6845
:10F730003B685A603B685B683A689A603B68FA6865
:10F740009A60FB683A685A603B687A681A617B681D
:10F750001B685A1C7B681A6000BF1437BD465DF8F1
:10F76000047B704780B485B000AF78607B681B690C
:10F77000FB607B685B687A6892689A607B689B68CC
:10F780007A6852685A60FB685B687A689A4203D16B
:10F790007B689A68FB685A607B6800221A61FB6884
:10F7A0001B685A1EFB681A60FB681B6818461437F2
:10F7B000BD465DF8047B704790B587B000AF7860B8
:10F7C000396001237B617B683B613B69002B09D178
:10F7D0004FF0500383F31188BFF36F8FBFF34F8F48
:10F7E000FB60FEE73B69002B63D03B69DB6B002BC2
:10F7F0005FD03B691A6C3B69DB6B0020A2FB0312F4
:10F800004FF000034FF0000413000024002B00D041
:10F8100001200346002B4CD1FDF730FC3B691A68F0
:10F820003B69DB6B3969096C01FB03F31A443B69E3
:10F830009A603B6900229A633B691A683B695A6087
:10F840003B691A683B69DB6B013B3969096C01FB59
:10F8500003F31A443B69DA603B69FF2283F84420D2
:10F860003B69FF2283F845203B68002B14D13B699C
:10F870001B69002B1AD03B691033184602F04EF971
:10F880000346002B12D0154B4FF080521A60BFF385
:10F890004F8FBFF36F8F09E03B6910331846FFF7B6
:10F8A000FBFE3B6924331846FFF7F6FEFDF714FC18
:10F8B00001E000237B617B69002B09D14FF05003ED
:10F8C00083F31188BFF36F8FBFF34F8FBB60FEE7E9
:10F8D0007B6918461C37BD4690BD00BF04ED00E0B3
:10F8E00080B58CB002AFF860B9607A603B600023ED
:10F8F0007B623B68002B09D14FF0500383F31188E2
:10F90000BFF36F8FBFF34F8F3B62FEE7FB68002BA7
:10F910002FD03B68002B2CD07B68002B02D0BB681B
:10F92000002B26D07B68002B02D1BB68002B20D196
:10F9300050237B617B69502B09D04FF0500383F338
:10F940001188BFF36F8FBFF34F8FFB61FEE77B69B9
:10F950003B687B627B6A012283F8462097F830205F
:10F960007B6A009313467A68B968F86800F06AF811
:10F970000CE07B6A002B09D14FF0500383F3118810
:10F98000BFF36F8FBFF34F8FBB61FEE77B6A1846F3
:10F990002837BD4680BD90B58BB002AFF860B96026
:10F9A0001346FB710023FB61FB68002B38D000205D
:10F9B000BA68FB68A2FB03124FF000034FF000048B
:10F9C00013000024002B00D001200346002B27D178
:10F9D000FB68BA6802FB03F313F1510F20D8FB68F0
:10F9E000BA6802FB03F3BB61BB6950331846FFF7EB
:10F9F0003DFCF861FB69002B1FD0FB697B617B69D3
:10FA000050337B61FB69002283F84620FA79FB6959
:10FA1000009313467A69B968F86800F013F80CE0AF
:10FA2000FB69002B09D14FF0500383F31188BFF31A
:10FA30006F8FBFF34F8F3B61FEE7FB69184624379A
:10FA4000BD4690BD80B584B000AFF860B9607A6003
:10FA5000FB70BB68002B03D1BB69BA691A6002E076
:10FA6000BB697A681A60BB69FA68DA63BB69BA680D
:10FA70001A640121B869FFF79FFEBB69FA7883F821
:10FA80004C2000BF1037BD4680BD80B582B000AFAE
:10FA900078607B68002B0ED07B6800229A607B68C0
:10FAA00000221A607B680022DA6000230022002115
:10FAB000786800F01DF800BF0837BD4680BD80B5EE
:10FAC00086B000AF0346FB7101237B6100233B61DD
:10FAD000FB791A4639697869FFF75DFFF860F868C5
:10FAE000FFF7D3FFFB6818461837BD4680BD0000FE
:10FAF00080B58EB000AFF860B9607A603B600023DB
:10FB00007B63FB683B633B6B002B09D14FF05003D9
:10FB100083F31188BFF36F8FBFF34F8FBB62FEE794
:10FB2000BB68002B03D13B6B1B6C002B01D1012365
:10FB300000E00023002B09D14FF0500383F311881C
:10FB4000BFF36F8FBFF34F8F7B62FEE73B68022BE3
:10FB500003D13B6BDB6B012B01D1012300E00023C0
:10FB6000002B09D14FF0500383F31188BFF36F8F3F
:10FB7000BFF34F8F3B62FEE702F028FB0346002BEA
:10FB800002D17B68002B01D1012300E00023002B70
:10FB900009D14FF0500383F31188BFF36F8FBFF388
:10FBA0004F8FFB61FEE7FDF769FA3B6B9A6B3B6B8E
:10FBB000DB6B9A4202D33B68022B29D13A68B968C1
:10FBC000386B00F053FBF8623B6B5B6A002B10D084
:10FBD0003B6B2433184601F0A1FF0346002B13D0E2
:10FBE0003F4B4FF080521A60BFF34F8FBFF36F8FC0
:10FBF0000AE0FB6A002B07D0394B4FF080521A60A5
:10FC0000BFF34F8FBFF36F8FFDF766FA012363E0F9
:10FC10007B68002B03D1FDF75FFA00235CE07B6B70
:10FC2000002B06D107F11403184602F033F9012323
:10FC30007B63FDF751FA01F017FCFDF71FFA3B6BF0
:10FC400093F844305BB2B3F1FF3F03D13B6B00222A
:10FC500083F844203B6B93F845305BB2B3F1FF3F30
:10FC600003D13B6B002283F84520FDF735FA3A1D9E
:10FC700007F114031146184602F022F90346002B3F
:10FC800024D1386B00F0EAFB0346002B18D03B6B05
:10FC900010337A681146184601F084FE386B00F084
:10FCA00075FB01F0EFFB0346002B7FF47CAF0C4BA0
:10FCB0004FF080521A60BFF34F8FBFF36F8F72E720
:10FCC000386B00F063FB01F0DDFB6CE7386B00F094
:10FCD0005DFB01F0D7FB002318463837BD4680BDD9
:10FCE00004ED00E080B590B000AFF860B9607A60D4
:10FCF0003B60FB68BB63BB6B002B09D14FF050032B
:10FD000083F31188BFF36F8FBFF34F8FBB62FEE7A2
:10FD1000BB68002B03D1BB6B1B6C002B01D10123F3
:10FD200000E00023002B09D14FF0500383F311882A
:10FD3000BFF36F8FBFF34F8F7B62FEE73B68022BF1
:10FD400003D1BB6BDB6B012B01D1012300E000234E
:10FD5000002B09D14FF0500383F31188BFF36F8F4D
:10FD6000BFF34F8F3B62FEE7FDF772FAEFF31182AC
:10FD70004FF0500383F31188BFF36F8FBFF34F8FA2
:10FD8000FA61BB61FB697B63BB6B9A6BBB6BDB6B23
:10FD90009A4202D33B68022B3DD1BB6B93F84530AE
:10FDA00087F83330BB6B9B6BFB623A68B968B86B02
:10FDB00000F05CFA97F93330B3F1FF3F12D1BB6B1F
:10FDC0005B6A002B24D0BB6B2433184601F0A6FEDF
:10FDD0000346002B1CD07B68002B19D07B680122C6
:10FDE0001A6015E097F933307F2B09D14FF050039B
:10FDF00083F31188BFF36F8FBFF34F8F7B61FEE7F3
:10FE000097F833300133DBB25AB2BB6B83F845202D
:10FE10000123FB6301E00023FB637B6B3B613B69D8
:10FE200083F31188FB6B18464037BD4680BD000048
:10FE300080B58CB000AFF860B9607A600023FB62D7
:10FE4000FB68BB62BB6A002B09D14FF0500383F300
:10FE50001188BFF36F8FBFF34F8F3B62FEE7BB6824
:10FE6000002B03D1BB6A1B6C002B01D1012300E0E6
:10FE70000023002B09D14FF0500383F31188BFF307
:10FE80006F8FBFF34F8FFB61FEE702F09FF90346D0
:10FE9000002B02D17B68002B01D1012300E000235D
:10FEA000002B09D14FF0500383F31188BFF36F8FFC
:10FEB000BFF34F8FBB61FEE7FDF7E0F8BB6A9B6BBA
:10FEC0007B627B6A002B1FD0B968B86A00F038FAF1
:10FED0007B6A5A1EBB6A9A63BB6A1B69002B0FD0F0
:10FEE000BB6A1033184601F019FE0346002B07D0F9
:10FEF0003C4B4FF080521A60BFF34F8FBFF36F8FB0
:10FF0000FDF7EAF8012369E07B68002B03D1FDF7D8
:10FF1000E3F8002362E0FB6A002B06D107F110032F
:10FF2000184601F0B7FF0123FB62FDF7D5F801F099
:10FF30009BFAFDF7A3F8BB6A93F844305BB2B3F1C8
:10FF4000FF3F03D1BB6A002283F84420BB6A93F8C9
:10FF500045305BB2B3F1FF3F03D1BB6A002283F8A7
:10FF60004520FDF7B9F83A1D07F110031146184670
:10FF700001F0A6FF0346002B23D1B86A00F058FA1F
:10FF80000346002B17D0BB6A24337A681146184603
:10FF900001F008FDB86A00F0F9F901F073FA0346C0
:10FFA000002B89D10F4B4FF080521A60BFF34F8F57
:10FFB000BFF36F8F80E7B86A00F0E8F901F062FAEA
:10FFC0007AE7B86A00F0E2F901F05CFAB86A00F08A
:10FFD0002FFA0346002B3FF46FAF0023184630374B
:10FFE000BD4680BD04ED00E080B58EB000AF786006
:10FFF000396000237B637B68FB6200233B63FB6A01
:020000040801F1
:10000000002B09D14FF0500383F31188BFF36F8F9A
:10001000BFF34F8F3B62FEE7FB6A1B6C002B09D0DE
:100020004FF0500383F31188BFF36F8FBFF34F8FEF
:10003000FB61FEE702F0CAF80346002B02D13B68E1
:10004000002B01D1012300E00023002B09D14FF048
:10005000500383F31188BFF36F8FBFF34F8FBB61E2
:10006000FEE7FDF70BF8FB6A9B6BBB62BB6A002BDC
:1000700024D0BB6A5A1EFB6A9A63FB6A1B68002B7A
:1000800004D102F0A5FA0246FB6A9A60FB6A1B697A
:10009000002B0FD0FB6A1033184601F03FFD0346DA
:1000A000002B07D0534B4FF080521A60BFF34F8F95
:1000B000BFF36F8FFDF710F8012396E03B68002B2C
:1000C00010D13B6B002B09D04FF0500383F3118804
:1000D000BFF36F8FBFF34F8F7B61FEE7FCF7FCFF31
:1000E000002382E07B6B002B06D107F10C0318463E
:1000F00001F0D0FE01237B63FCF7EEFF01F0B4F9C1
:10010000FCF7BCFFFB6A93F844305BB2B3F1FF3FEE
:1001100003D1FB6A002283F84420FB6A93F8453040
:100120005BB2B3F1FF3F03D1FB6A002283F84520A5
:10013000FCF7D2FF3A4607F10C031146184601F0CE
:10014000BFFE0346002B32D1F86A00F071F9034676
:10015000002B26D0FB6A1B68002B09D1FCF78EFF11
:10016000FB6A9B68184602F04FF83863FCF7B4FF4F
:10017000FB6A24333A681146184601F013FCF86A0A
:1001800000F004F901F07EF90346002B7FF469AF1B
:10019000184B4FF080521A60BFF34F8FBFF36F8F31
:1001A0005FE7F86A00F0F2F801F06CF959E7F86AD5
:1001B00000F0ECF801F066F9F86A00F039F903464E
:1001C000002B3FF44EAF3B6B002B0DD0FCF756FFDE
:1001D000F86A00F033F87862FB6A9B68796A18461F
:1001E00002F036F9FCF778FF002318463837BD4691
:1001F00080BD00BF04ED00E080B584B000AF786042
:100200007B68FB60FB68002B09D14FF0500383F340
:100210001188BFF36F8FBFF34F8FBB60FEE7F868A5
:1002200000F082F9FB6893F84630002B02D1F868A1
:10023000FFF72EF800BF1037BD4680BD80B485B0F3
:1002400000AF78607B685B6A002B06D07B681B6B15
:100250001B68C3F13803FB6001E00023FB60FB680F
:1002600018461437BD465DF8047B704780B586B0EC
:1002700000AFF860B9607A6000237B61FB689B6B1C
:100280003B61FB681B6C002B0DD1FB681B68002BCE
:100290004DD1FB689B68184602F046F87861FB6810
:1002A00000229A6043E07B68002B19D1FB685868F4
:1002B000FB681B6C1A46B96803F061FCFB685A685E
:1002C000FB681B6C1A44FB685A60FB685A68FB6841
:1002D0009B689A422BD3FB681A68FB685A6026E039
:1002E000FB68D868FB681B6C1A46B96803F047FCCA
:1002F000FB68DA68FB681B6C5B421A44FB68DA60D7
:10030000FB68DA68FB681B689A4207D2FB689A6848
:10031000FB681B6C5B421A44FB68DA607B68022B4B
:1003200005D13B69002B02D03B69013B3B613B6936
:100330005A1CFB689A637B6918461837BD4680BD16
:1003400080B582B000AF786039607B681B6C002B91
:1003500018D07B68DA687B681B6C1A447B68DA60AB
:100360007B68DA687B689B689A4203D37B681A686B
:100370007B68DA607B68D9687B681B6C1A463868D2
:1003800003F0FDFB00BF0837BD4680BD80B584B0DB
:1003900000AF7860FCF772FE7B6893F84530FB7322
:1003A00011E07B685B6A002B12D07B68243318460F
:1003B00001F0B4FB0346002B01D001F0E5FDFB7B0F
:1003C000013BDBB2FB7397F90F30002BE9DC00E057
:1003D00000BF7B68FF2283F84520FCF77DFEFCF719
:1003E0004DFE7B6893F84430BB7311E07B681B695A
:1003F000002B12D07B681033184601F08FFB0346A8
:10040000002B01D001F0C0FDBB7B013BDBB2BB7315
:1004100097F90E30002BE9DC00E000BF7B68FF227B
:1004200083F84420FCF758FE00BF1037BD4680BD5E
:1004300080B584B000AF7860FCF720FE7B689B6BD2
:10044000002B02D10123FB6001E00023FB60FCF7DD
:1004500043FEFB6818461037BD4680BD80B584B0AA
:1004600000AF7860FCF70AFE7B689A6B7B68DB6BF9
:100470009A4202D10123FB6001E00023FB60FCF7FC
:100480002BFEFB6818461037BD4680BD80B487B090
:1004900000AF7860396000233B617B68002B09D195
:1004A0004FF0500383F31188BFF36F8FBFF34F8F6B
:1004B000FB60FEE73B68002B24D000237B611EE03D
:1004C000184A7B69DB0013445B687A689A4205D15D
:1004D0007B69DB00134A13443B6113E03B69002B4B
:1004E0000AD1104A7B6952F83330002B04D17B6962
:1004F000DB000C4A13443B617B6901337B617B6900
:10050000072BDDD93B69002B05D03B693A681A609F
:100510003B697A685A6000BF1C37BD465DF8047BB2
:10052000704700BF200E032080B485B000AF786014
:100530007B68002B09D14FF0500383F31188BFF380
:100540006F8FBFF34F8FBB60FEE70023FB6016E0A9
:100550000F4AFB68DB0013445B687A689A420BD150
:100560000B4AFB68002142F83310094AFB68DB00A4
:10057000134400225A6005E0FB680133FB60FB680E
:10058000072BE5D900BF1437BD465DF8047B7047E3
:10059000200E032080B586B000AFF860B9607A60A5
:1005A000FB687B61FCF76AFD7B6993F844305BB2C2
:1005B000B3F1FF3F03D17B69002283F844207B69BC
:1005C00093F845305BB2B3F1FF3F03D17B69002262
:1005D00083F84520FCF780FD7B699B6B002B06D1DF
:1005E0007B6924337A68B968184601F053FA786950
:1005F000FFF7CCFE00BF1837BD4680BD80B58CB07C
:1006000002AFF860B9607A607B68012B0FD10123DB
:1006100087F82330FB68042B19D84FF0500383F37D
:100620001188BFF36F8FBFF34F8FFB61FEE700238D
:1006300087F82330FB68002B09D14FF0500383F378
:100640001188BFF36F8FBFF34F8FBB61FEE7BA68AE
:10065000FB689A4209D94FF0500383F31188BFF326
:100660006F8FBFF34F8F7B61FEE7BB68002B01D11B
:100670000123BB60FB6813F1260F09D8FB68013327
:10068000FB60FB6824331846FEF7F0FD786201E05A
:1006900000237B627B6A002B0AD07B6A03F1240172
:1006A00097F823300093BB68FA68786A00F041FC41
:1006B0007B6A18462837BD4680BD80B584B000AF40
:1006C00078607B68FB60FB68002B09D14FF050031A
:1006D00083F31188BFF36F8FBFF34F8FBB60FEE7CB
:1006E000FB681B7F03F00203002B03D1F868FEF7C1
:1006F000CFFD04E024220021F86803F064FA00BF73
:100700001037BD4680BD80B487B000AF78603960D7
:100710007B683B613B69002B09D14FF0500383F3A9
:100720001188BFF36F8FBFF34F8FFB60FEE73B680D
:10073000002B01D101233B603B699B683A689A42D8
:1007400005D23B693A68DA6001237B6101E000234E
:100750007B617B6918461C37BD465DF8047B70479A
:1007600080B487B000AF78607B683B613B69002B49
:1007700009D14FF0500383F31188BFF36F8FBFF39C
:100780004F8FBB60FEE73B691B68FB603B699A6863
:100790003B691B6813447B613B695B687A69D31AC8
:1007A0007B613B691B68FA689A42ECD17B69013B2B
:1007B0007B613B699B687A699A4204D33B699B6879
:1007C0007A69D31A7B617B6918461C37BD465DF890
:1007D000047B704780B592B002AFF860B9607A6070
:1007E0003B60FB687B630023FB637B68BB63002388
:1007F0003B63BB68002B09D14FF0500383F3118892
:10080000BFF36F8FBFF34F8FBB62FEE77B6B002B95
:1008100009D14FF0500383F31188BFF36F8FBFF3FB
:100820004F8F7B62FEE77B6B9B68013B3B637B6B7F
:100830001B7F03F00103002B17D0BB6B0433BB639A
:10084000BA6B7B689A4209D84FF0500383F3118842
:10085000BFF36F8FBFF34F8F3B62FEE7BA6B3B6B0B
:100860009A4208D900233B6005E0BA6B3B6B9A4281
:1008700001D93B6BBB633B68002B40D007F11403ED
:10088000184601F0E1FAFCF7F9FB786BFFF768FF17
:10089000F863FA6BBB6B9A4217D20021002002F07A
:1008A000B3F97B6B5B69002B09D04FF0500383F3E6
:1008B0001188BFF36F8FBFF34F8FFB61FEE701F02D
:1008C00075FC02467B6B5A6102E0FCF705FC16E002
:1008D000FCF702FC3B68009300230022002100206B
:1008E00001F08AFE7B6B00225A613A4607F114033D
:1008F0001146184601F0E4FA0346002BC3D0FB6B07
:10090000002B03D1786BFFF72BFFF863BB6B0093D1
:10091000FB6B7A68B968786B00F095F8F862FB6A4F
:10092000002B1BD0786B00F0E4FA02467B6BDB688F
:100930009A4213D300F098FD7B6B1B69002B0BD000
:100940007B6B18690023009300230022002101F033
:10095000D7FE7B6B00221A6100F094FDFB6A1846FB
:100960004037BD4680BD80B590B002AFF860B96039
:100970007A603B60FB683B637B687B63BB68002BF2
:1009800009D14FF0500383F31188BFF36F8FBFF38A
:100990004F8F3B62FEE73B6B002B09D14FF05003BA
:1009A00083F31188BFF36F8FBFF34F8FFB61FEE7B7
:1009B0003B6B1B7F03F00103002B02D07B6B0433E6
:1009C0007B63386BFFF7CCFEF8627B6B0093FB6AAE
:1009D0007A68B968386B00F036F8B862BB6A002BE9
:1009E0002CD0386B00F085FA02463B6BDB689A42EC
:1009F00024D3EFF311824FF0500383F31188BFF338
:100A00006F8FBFF34F8FBA617B61BB697B623B6BBA
:100A10001B69002B0DD03B6B18693B6801930023C9
:100A2000009300230022002101F090FF3B6B002285
:100A30001A617B6A3B613B6983F31188BB6A184684
:100A40003837BD4680BD80B588B000AFF860B9606A
:100A50007A603B60FB685B68FB61FB681B7F03F0AF
:100A60000103002B1FD07B687B617B697A689A4207
:100A700009D04FF0500383F31188BFF36F8FBFF39A
:100A80004F8FBB61FEE73A68BB6A9A4208D307F111
:100A90001401FB690422F86800F05AF9F86108E0D3
:100AA00000237B6005E07A683B68934228BF1346C9
:100AB0007B607B68002B08D0FB697A68B968F868AE
:100AC00000F046F90246FB685A607B6818462037FA
:100AD000BD4680BD80B58EB002AFF860B9607A6067
:100AE0003B60FB683B620023FB62BB68002B09D1C3
:100AF0004FF0500383F31188BFF36F8FBFF34F8F15
:100B0000FB61FEE73B6A002B09D14FF0500383F3F2
:100B10001188BFF36F8FBFF34F8FBB61FEE73B6A56
:100B20001B7F03F00103002B02D004237B6201E052
:100B300000237B623B68002B36D0FCF79FFA386AB3
:100B400000F0D7F9B862BA6A7B6A9A4216D80021D7
:100B5000002002F059F83B6A1B69002B09D04FF0C6
:100B6000500383F31188BFF36F8FBFF34F8F7B6107
:100B7000FEE701F01BFB02463B6A1A61FCF7ACFA88
:100B8000BA6A7B6A9A4213D83B680093002300221A
:100B90000021002001F030FD3B6A00221A61386A12
:100BA00000F0A7F9B86203E0386A00F0A2F9B86271
:100BB000BA6A7B6A9A421DD9BB6A7A68B968386A90
:100BC00000F089F8F862FB6A002B13D000F04CFCAF
:100BD0003B6A5B69002B0BD03B6A5869002300938A
:100BE00000230022002101F08BFD3B6A00225A61A4
:100BF00000F048FCFB6A18463037BD4680BD80B522
:100C000090B002AFF860B9607A603B60FB68FB624D
:100C100000237B63BB68002B09D14FF0500383F3A3
:100C20001188BFF36F8FBFF34F8F3B62FEE7FB6A04
:100C3000002B09D14FF0500383F31188BFF36F8F5E
:100C4000BFF34F8FFB61FEE7FB6A1B7F03F00103DD
:100C5000002B02D004233B6301E000233B63F86ACE
:100C600000F047F9B862BA6A3B6B9A422ED9BB6A68
:100C70007A68B968F86A00F02EF878637B6B002B0D
:100C800024D0EFF311824FF0500383F31188BFF3A8
:100C90006F8FBFF34F8FBA617B61BB697B62FB6A69
:100CA0005B69002B0DD0FB6A58693B6801930023F8
:100CB000009300230022002101F048FEFB6A00227D
:100CC0005A617B6A3B613B6983F311887B6B1846F1
:100CD0003837BD4680BD80B588B000AFF860B960D8
:100CE0007A603B60FB681B68BB61FB681B7F03F09D
:100CF0000103002B13D007F11001BB690422F8682F
:100D000000F090F8B8613B69FB613B68043B3B60D5
:100D1000FA697B689A4204D90023FB6101E07B6891
:100D2000FB613A68FB69934228BF13467B617B698C
:100D3000002B08D0BB697A69B968F86800F072F8CE
:100D40000246FB681A607B6918462037BD4680BDA5
:100D500080B588B000AFF860B9607A603B607B68AE
:100D6000002B09D14FF0500383F31188BFF36F8F2D
:100D7000BFF34F8FBB61FEE7FB689A683B68D31AED
:100D80007A68934228BF1346FB613A68FB691A44AC
:100D9000FB689B689A4209D94FF0500383F311888E
:100DA000BFF36F8FBFF34F8F7B61FEE7FB689A69DC
:100DB0003B681344FA69B968184602F0E0FE7A68A5
:100DC000FB699A421BD97A68FB69D21AFB689B6857
:100DD0009A4209D94FF0500383F31188BFF36F8F04
:100DE000BFF34F8F3B61FEE7FB689869BA68FB6908
:100DF000D1187A68FB69D31A1A4602F0C0FE3A6825
:100E00007B6813443B60FB689B683A689A4204D352
:100E1000FB689B683A68D31A3B603B6818462037EA
:100E2000BD4680BD80B588B000AFF860B9607A601B
:100E30003B607B68002B09D14FF0500383F311888E
:100E4000BFF36F8FBFF34F8FBB61FEE7FB689A68FC
:100E50003B68D31A7A68934228BF1346FB61FA694C
:100E60007B689A4209D94FF0500383F31188BFF38E
:100E70006F8FBFF34F8F7B61FEE73A68FB691A44BF
:100E8000FB689B689A4209D94FF0500383F311889D
:100E9000BFF36F8FBFF34F8F3B61FEE7FB689A692B
:100EA0003B681344FA691946B86802F068FE7A682C
:100EB000FB699A420AD9BA68FB69D018FB6899693C
:100EC0007A68FB69D31A1A4602F059FE3A687B68C1
:100ED00013443B60FB689B683A689A4204D3FB6802
:100EE0009B683A68D31A3B603B6818462037BD467A
:100EF00080BD80B485B000AF78607B689A687B68FD
:100F00005B681344FB607B681B68FA68D31AFB605C
:100F10007B689B68FA689A4204D37B689B68FA688E
:100F2000D31AFB60FB6818461437BD465DF8047B96
:100F3000704780B586B000AFF860B9607A603B60FA
:100F400055237B617A687969B86802F03CFE0246F5
:100F5000BB68934209D04FF0500383F31188BFF36D
:100F60006F8FBFF34F8F3B61FEE724220021F868AB
:100F700002F029FEFB68BA689A61FB687A689A6099
:100F8000FB683A68DA60FB6897F820201A7700BFA0
:100F90001837BD4680BD80B58EB004AFF860B9602B
:100FA0007A603B607B6B002B09D14FF0500383F3D9
:100FB0001188BFF36F8FBFF34F8F3B62FEE7BB6BB0
:100FC000002B09D14FF0500383F31188BFF36F8FCB
:100FD000BFF34F8FFB61FEE75C233B613B695C2BFA
:100FE00009D04FF0500383F31188BFF36F8FBFF325
:100FF0004F8FBB61FEE73B69BB6B002B23D07B6B44
:10100000002B20D0BB6B7B625C220021786A02F04F
:10101000DAFD7B6A7A6B1A637B6A022283F85920B5
:10102000002303937B6A029307F1140301933B6B44
:1010300000933B687A68B968F86800F055F8786AF8
:1010400000F0DEF801E000237B617B691846283759
:10105000BD4680BD80B58CB004AFF860B9603B6020
:101060001346FB80FB889B001846FEF7FFF878616B
:101070007B69002B13D05C20FEF7F8F8F861FB6960
:10108000002B08D05C220021F86902F09CFDFB696E
:101090007A691A6305E07869FEF7FAF801E000233F
:1010A000FB61FB69002B17D0FB69002283F85920F4
:1010B000FA8800230393FB690293FB6A0193BB6ADE
:1010C00000933B68B968F86800F00EF8F86900F022
:1010D00097F80123BB6102E04FF0FF33BB61BB69AE
:1010E00018462037BD4680BD80B588B000AFF86097
:1010F000B9607A603B603B6B186B7B689B001A465B
:10110000A52102F060FD3B6B1A6B7B6803F1804305
:10111000013B9B001344BB61BB6923F00703BB6128
:10112000BB6903F00703002B09D04FF0500383F392
:101130001188BFF36F8FBFF34F8F7B61FEE7BB68F2
:10114000002B1ED00023FB6112E0BA68FB69134438
:1011500019783A6BFB69134434330A461A70BA683B
:10116000FB6913441B78002B06D0FB690133FB613C
:10117000FB690F2BE9D900E000BF3B6B002283F82D
:101180004320BB6A372B09D94FF0500383F31188F2
:10119000BFF36F8FBFF34F8F3B61FEE7BB6A372B07
:1011A00001D93723BB623B6BBA6ADA623B6BBA6A1E
:1011B000DA643B6B04331846FEF78EFA3B6B183348
:1011C0001846FEF789FA3B6B3A6B1A61BB6AC3F1AA
:1011D00038023B6B9A613B6B3A6B5A623A68F9682A
:1011E000B869FBF711FE02463B6B1A60FB6A002BE5
:1011F00002D0FB6A3A6B1A6000BF2037BD4680BD43
:1012000080B584B000AF7860FBF738FF414B1B68B6
:101210000133404A1360404B1B68002B09D13E4A02
:101220007B6813603B4B1B68012B10D100F0D0FE94
:101230000DE03A4B1B68002B09D1374B1B68DA6A6B
:101240007B68DB6A9A4202D8334A7B681360344B6E
:101250001B680133324A1360314B1A687B685A6449
:101260007B68DA6A2F4B1B689A4203D97B68DB6A7A
:101270002C4A13607B68DA6A2B4913469B0013449F
:101280009B000B4404331B68FB607B68FA689A6020
:10129000FB689A687B68DA60FB689B687A6804324E
:1012A0005A607B681A1DFB689A607B68DA6A13468D
:1012B0009B0013449B001C4A1A447B685A617B685C
:1012C000DA6A194913469B0013449B000B441B68C0
:1012D000591C154813469B0013449B000344196096
:1012E000FBF7FAFE0D4B1B68002B0ED00A4B1B6858
:1012F000DA6A7B68DB6A9A4207D20C4B4FF0805265
:101300001A60BFF34F8FBFF36F8F00BF1037BD461A
:1013100080BD00BF0C900220388B02201890022064
:1013200028900220149002203C8B022004ED00E063
:1013300080B584B000AF78600023FB607B68002B31
:1013400016D0134B1B68002B09D04FF0500383F3CA
:101350001188BFF36F8FBFF34F8FBB60FEE700F0C4
:1013600083F80021786801F087FC00F08BF8F860C2
:10137000FB68002B07D1074B4FF080521A60BFF378
:101380004F8FBFF36F8F00BF1037BD4680BD00BFCA
:101390003490022004ED00E080B58AB004AF002351
:1013A000BB6000237B603A46391D07F108031846ED
:1013B000FBF78CFF39687B68BA68029201930023BF
:1013C000009300230A4621492148FFF7E4FD024625
:1013D000204B1A601F4B1B68002B02D001237B613E
:1013E00001E000237B617B69012B02D101F0B2FC9B
:1013F00078617B69012B15D14FF0500383F311887D
:10140000BFF36F8FBFF34F8F3B61134B4FF0FF3232
:101410001A60124B01221A60114B00221A60FBF76E
:101420007FFD0DE07B69B3F1FF3F09D14FF0500321
:1014300083F31188BFF36F8FBFF34F8FFB60FEE71D
:10144000084B1B6800BF1837BD4680BDA04D010882
:10145000A11F0108309002202C9002201890022039
:10146000109002202000002080B400AF044B1B68C5
:101470000133034A136000BFBD465DF8047B70472B
:101480003490022080B588B000AF0023FB610023B8
:10149000BB61714B1B68002B09D14FF0500383F3E4
:1014A0001188BFF36F8FBFF34F8F7B60FEE7FBF7B1
:1014B000E5FD694B1B68013B674A1360664B1B687F
:1014C000002B40F0C180654B1B68002B00F0BC80F6
:1014D0008BE0634BDB68DB68FB61FB699B6A3B610C
:1014E000FB69DB69FA69126A9A60FB691B6AFA692F
:1014F000D2695A603B695A68FB6918339A4203D132
:10150000FB691A6A3B695A60FB6900229A623B696F
:101510001B685A1E3B691A60FB695B69FB60FB69CB
:101520009B68FA69D2689A60FB69DB68FA6992681D
:101530005A60FB685A68FB6904339A4203D1FB691D
:10154000DA68FB685A60FB6900225A61FB681B6815
:101550005A1EFB681A60FB69DA6A424B1B689A42A2
:1015600003D9FB69DB6A3F4A1360FB69DA6A3E49CB
:1015700013469B0013449B000B4404331B68BB6061
:10158000FB69BA689A60BB689A68FB69DA60BB68F5
:101590009B68FA6904325A60FB691A1DBB689A603D
:1015A000FB69DA6A13469B0013449B002E4A1A44D7
:1015B000FB695A61FB69DA6A2B4913469B001344A5
:1015C0009B000B441B68591C274813469B0013447F
:1015D0009B0003441960FB69DA6A244B1B68DB6AD1
:1015E0009A4202D3224B01221A601D4B1B68002B2A
:1015F0007FF46FAFFB69002B01D000F0BBFD1D4BEA
:101600001B687B617B69002B10D000F047F8034614
:10161000002B02D0164B01221A607B69013B7B61D3
:101620007B69002BF1D1134B00221A60104B1B6811
:10163000002B09D00123BB610F4B4FF080521A6081
:10164000BFF34F8FBFF36F8FFBF746FDBB691846A3
:101650002037BD4680BD00BF349002200C90022090
:10166000CC8F0220149002203C8B0220388B022069
:10167000209002201C90022004ED00E080B483B092
:1016800000AF054B1B687B607B6818460C37BD4676
:101690005DF8047B704700BF1090022080B58AB0CF
:1016A00000AF00237B627D4B1B68002B40F0EC8079
:1016B0007B4B1B6801333B62794A3B6A13603B6A90
:1016C000002B1FD1774B1B681B68002B09D04FF0F4
:1016D000500383F31188BFF36F8FBFF34F8F7B608D
:1016E000FEE7704B1B68FB616F4B1B686D4A136014
:1016F0006D4AFB6913606D4B1B6801336B4A1360C5
:1017000000F038FD6A4B1B683A6A9A42C0F0A78025
:10171000644B1B681B68002B04D1654B4FF0FF32F4
:101720001A609CE05F4B1B68DB68DB68BB61BB69D0
:101730005B687B613A6A7B699A4203D25C4A7B6947
:1017400013608CE0BB695B693B61BB699B68BA69EC
:10175000D2689A60BB69DB68BA6992685A603B6973
:101760005A68BB6904339A4203D1BB69DA683B69A2
:101770005A60BB6900225A613B691B685A1E3B696B
:101780001A60BB699B6A002B1ED0BB699B6AFB6019
:10179000BB69DB69BA69126A9A60BB691B6ABA697C
:1017A000D2695A60FB685A68BB6918339A4203D100
:1017B000BB691A6AFB685A60BB6900229A62FB68BF
:1017C0001B685A1EFB681A60BB69DA6A394B1B68D2
:1017D0009A4203D9BB69DB6A364A1360BB69DA6A8D
:1017E000354913469B0013449B000B4404331B688C
:1017F000BB60BB69BA689A60BB689A68BB69DA600B
:10180000BB689B68BA6904325A60BB691A1DBB6821
:101810009A60BB69DA6A13469B0013449B00264A10
:101820001A44BB695A61BB69DA6A234913469B00B3
:1018300013449B000B441B68591C1F4813469B0014
:1018400013449B0003441960BB69DA6A1B4B1B6895
:10185000DB6A9A42FFF45CAF01237B6258E7174BC7
:101860001B68DA6A144913469B0013449B000B441F
:101870001B68012B01D901237B62114B1B68002BD4
:1018800007D001237B6204E00E4B1B6801330D4A35
:1018900013607B6A18462837BD4680BD349002200D
:1018A00010900220C48F0220C88F022024900220B2
:1018B0002C900220149002203C8B0220388B0220B6
:1018C000209002201C90022080B584B000AF304BE5
:1018D0001B68002B03D02F4B01221A6053E02D4BC5
:1018E00000221A602C4B1B681A682B4B1B681B6B61
:1018F00003F5C0739A4208D8274B1A68264B1B6819
:1019000034331946104601F0C7FE244B1B68FB60B8
:101910000FE0FB68002B09D14FF0500383F31188CF
:10192000BFF36F8FBFF34F8F7B60FEE7FB68013B18
:10193000FB601B49FA6813469B0013449B000B4451
:101940001B68002BE5D0FA6813469B0013449B00EC
:10195000134A1344BB60BB685B685A68BB685A6033
:10196000BB685A68BB6808339A4204D1BB685B689D
:101970005A68BB685A60BB685B68DB68064A1360DC
:10198000064AFB68136000BF1037BD4680BD00BF2C
:101990003490022020900220388B022014900220E4
:1019A0003C8B022080B584B000AF786039607B68E2
:1019B000002B09D14FF0500383F31188BFF36F8FD1
:1019C000BFF34F8FFB60FEE7074B1B6818331946C8
:1019D0007868FDF78EFE0121386801F04DF900BFEF
:1019E0001037BD4680BD00BF388B022080B588B05F
:1019F00000AFF860B9607A60FB68002B09D14FF046
:101A0000500383F31188BFF36F8FBFF34F8FBB6118
:101A1000FEE71E4B1B68002B09D14FF0500383F3E8
:101A20001188BFF36F8FBFF34F8F7B61FEE7184BB9
:101A30001B68BA6842F000429A61FB685B68FB6110
:101A4000134B1B68FA69DA61114B1B68FA699268DB
:101A50001A620F4B1A68FB699B6818325A600C4B6C
:101A60001B6803F11802FB699A60094B1B68FA684E
:101A70009A62FB681B685A1CFB681A60012178682F
:101A800001F0FAF800BF2037BD4680BD3490022037
:101A9000388B022080B586B000AFF860B9607A60FC
:101AA000FB68002B09D14FF0500383F31188BFF37B
:101AB0006F8FBFF34F8F3B61FEE7FB685B687B6115
:101AC000154B1B687A69DA61134B1B687A69926857
:101AD0001A62114B1A687B699B6818325A600E4B68
:101AE0001B6803F118027B699A600B4B1B68FA684C
:101AF0009A62FB681B685A1CFB681A607B68002BA3
:101B000002D04FF0FF33BB607968B86801F0B4F8D9
:101B100000BF1837BD4680BD388B022080B48BB023
:101B200000AF78607B68DB68DB683B623B6A002B58
:101B300009D14FF0500383F31188BFF36F8FBFF3C8
:101B40004F8FFB60FEE73B6A9B6AFB613B6ADB6988
:101B50003A6A126A9A603B6A1B6A3A6AD2695A60A8
:101B6000FB695A683B6A18339A4203D13B6A1A6A86
:101B7000FB695A603B6A00229A62FB691B685A1E25
:101B8000FB691A604A4B1B68002B5FD13B6A5B699B
:101B90007B613B6A9B683A6AD2689A603B6ADB6801
:101BA0003A6A92685A607B695A683B6A04339A427F
:101BB00003D13B6ADA687B695A603B6A00225A614A
:101BC0007B691B685A1E7B691A603B6ADA6A394B6B
:101BD0001B689A4203D93B6ADB6A364A13603B6A48
:101BE000DA6A354913469B0013449B000B440433C7
:101BF0001B683B613B6A3A699A603B699A683B6A39
:101C0000DA603B699B683A6A04325A603B6A1A1D83
:101C10003B699A603B6ADA6A13469B0013449B0057
:101C2000254A1A443B6A5A613B6ADA6A22491346DA
:101C30009B0013449B000B441B68591C1E48134611
:101C40009B0013449B00034419601BE01B4B5B6823
:101C5000BB613B6ABA69DA61BB699A683B6A1A621E
:101C6000BB699B683A6A18325A603B6A03F11802F2
:101C7000BB699A603B6A114A9A62104B1B68013338
:101C80000E4A13603B6ADA6A0D4B1B68DB6A9A42A4
:101C900005D901237B620B4B01221A6001E000236E
:101CA0007B627B6A18462C37BD465DF8047B704723
:101CB00034900220149002203C8B0220CC8F022012
:101CC000388B02202090022080B489B000AF786069
:101CD0003960584B1B68002B09D14FF0500383F338
:101CE0001188BFF36F8FBFF34F8FFB60FEE73B6838
:101CF00043F000427B681A607B68DB68FB61FB692C
:101D0000002B09D14FF0500383F31188BFF36F8F7D
:101D1000BFF34F8FBB60FEE77B681B69BB617B68CD
:101D20005B687A6892689A607B689B687A68526898
:101D30005A60BB695B687A689A4203D17B689A688B
:101D4000BB695A607B6800221A61BB691B685A1E16
:101D5000BB691A60FB695B697B61FB699B68FA6917
:101D6000D2689A60FB69DB68FA6992685A607B699D
:101D70005A68FB6904339A4203D1FB69DA687B69CC
:101D80005A60FB6900225A617B691B685A1E7B6995
:101D90001A60FB69DA6A284B1B689A4203D9FB690F
:101DA000DB6A254A1360FB69DA6A244913469B0003
:101DB00013449B000B4404331B683B61FB693A6985
:101DC0009A603B699A68FB69DA603B699B68FA69CB
:101DD00004325A60FB691A1D3B699A60FB69DA6A32
:101DE00013469B0013449B00144A1A44FB695A6132
:101DF000FB69DA6A114913469B0013449B000B44AC
:101E00001B68591C0D4813469B0013449B00034458
:101E10001960FB69DA6A0A4B1B68DB6A9A4202D9CD
:101E2000084B01221A6000BF2437BD465DF8047BD1
:101E3000704700BF34900220149002203C8B022097
:101E4000388B02202090022080B584B000AF7860EB
:101E50007B68002B09D14FF0500383F31188BFF347
:101E60006F8FBFF34F8FFB60FEE7FBF707F9074B60
:101E70001A687B681A60064B1A687B685A60FBF721
:101E80002BF900BF1037BD4680BD00BF2490022053
:101E90001090022080B483B000AF7860064B1A68BF
:101EA0007B681A60054B1A687B685A6000BF0C3764
:101EB000BD465DF8047B70472490022010900220FC
:101EC00080B588B000AF786039607B68002B09D19D
:101ED0004FF0500383F31188BFF36F8FBFF34F8F21
:101EE0003B61FEE73B68002B09D14FF0500383F3C1
:101EF0001188BFF36F8FBFF34F8FFB60FEE7FBF7D7
:101F0000BDF81F4B1B68BB617B685B68BA69D31A5D
:101F10007B613B681B68B3F1FF3F02D10023FB618B
:101F200026E07B681A68174B1B689A420AD07B68C8
:101F30005B68BA699A4205D30123FB613B680022C2
:101F40001A6015E03B681B687A699A420BD23B68BD
:101F50001A687B69D21A3B681A607868FFF79AFFA3
:101F60000023FB6104E03B6800221A600123FB614F
:101F7000FBF7B2F8FB6918462037BD4680BD00BFAD
:101F8000109002202490022080B400AF034B012265
:101F90001A6000BFBD465DF8047B704720900220A8
:101FA00080B582B000AF786000F052F8064B1B6835
:101FB000012BF9D9054B4FF080521A60BFF34F8FB8
:101FC000BFF36F8FF0E700BF3C8B022004ED00E011
:101FD00080B582B000AF00237B600CE07A681346C6
:101FE0009B0013449B00124A13441846FDF754FB10
:101FF0007B6801337B607B68372BEFD90D48FDF799
:102000004BFB0D48FDF748FB0C48FDF745FB0C4822
:10201000FDF742FB0B48FDF73FFB0B4B054A1A60EF
:102020000A4B054A1A6000BF0837BD4680BD00BF95
:102030003C8B02209C8F0220B08F0220CC8F02208C
:10204000E08F0220F88F0220C48F0220C88F022068
:1020500080B582B000AF19E0FBF710F80F4BDB68DA
:10206000DB687B607B6804331846FDF77BFB0C4B19
:102070001B68013B0A4A13600A4B1B68013B094A73
:102080001360FBF729F8786800F046F8054B1B68E9
:10209000002BE1D100BF0837BD4680BDE08F022094
:1020A0000C900220F48F022080B485B000AF7860DD
:1020B0000023FB6005E07B6801337B60FB68013334
:1020C000FB607B681B78A52BF5D0FB689B08FB6049
:1020D000FB689BB218461437BD465DF8047B704719
:1020E00080B586B000AF78607B68002B02D1094BC9
:1020F0001B6800E07B687B617B691B6B3B61386917
:10210000FFF7D2FF0346FB60FB6818461837BD4651
:1021100080BD00BF388B022080B584B000AF7860EE
:102120007B6893F85930002B08D17B681B6B1846ED
:10213000FDF7AEF87868FDF7ABF817E07B6893F829
:102140005930012B03D17868FDF7A2F80EE07B68C7
:1021500093F85930022B09D04FF0500383F31188C4
:10216000BFF36F8FBFF34F8FFB60FEE700BF1037E9
:10217000BD4680BD80B400AF0A4B1B681B68002BB6
:1021800004D1094B4FF0FF321A6005E0054B1B6884
:10219000DB681B68044A136000BFBD465DF8047B22
:1021A000704700BFC48F02202C90022080B483B0FF
:1021B00000AF054B1B687B607B6818460C37BD463B
:1021C0005DF8047B704700BF388B022080B483B079
:1021D00000AF0B4B1B68002B02D101237B6008E092
:1021E000084B1B68002B02D102237B6001E0002317
:1021F0007B607B6818460C37BD465DF8047B7047F2
:10220000189002203490022080B586B000AF78602C
:102210007B683B6100237B617B68002B79D03B6945
:10222000DA6A3E4B1B68DB6A9A4269D23B699B695A
:10223000002B06DB394B1B68DB6AC3F138023B69B4
:102240009A613B6959693B69DA6A13469B001344FA
:102250009B00334A134499424AD13B6904331846E0
:10226000FDF780FA2D4B1B68DA6A3B69DA623B693D
:10227000DA6A2C4B1B689A4203D93B69DB6A294A0C
:1022800013603B69DA6A264913469B0013449B009E
:102290000B4404331B68FB603B69FA689A60FB6877
:1022A0009A683B69DA60FB689B683A6904325A6055
:1022B0003B691A1DFB689A603B69DA6A13469B000A
:1022C00013449B00164A1A443B695A613B69DA6A17
:1022D000134913469B0013449B000B441B68591C75
:1022E0000F4813469B0013449B000344196004E00D
:1022F0000A4B1B68DA6A3B69DA6201237B6108E0FA
:102300003B69DA6C054B1B68DB6A9A4201D20123F8
:102310007B617B6918461837BD4680BD388B02202B
:102320003C8B02201490022080B588B000AF78600A
:102330007B68BB610023FB617B68002B7CD0414B39
:102340001B68BA699A4209D04FF0500383F3118891
:10235000BFF36F8FBFF34F8F3B61FEE7BB691B6D10
:10236000002B09D14FF0500383F31188BFF36F8F17
:10237000BFF34F8FFB60FEE7BB691B6D5A1EBB6945
:102380001A65BB69DA6ABB69DB6C9A4254D0BB69D7
:102390001B6D002B50D1BB6904331846FDF7E2F9E1
:1023A000BB69DA6CBB69DA62BB69DB6AC3F138020C
:1023B000BB699A61BB69DA6A234B1B689A4203D9ED
:1023C000BB69DB6A204A1360BB69DA6A1F4913469E
:1023D0009B0013449B000B4404331B687B61BB6967
:1023E0007A699A607B699A68BB69DA607B699B68E5
:1023F000BA6904325A60BB691A1D7B699A60BB696D
:10240000DA6A13469B0013449B00104A1A44BB69C6
:102410005A61BB69DA6A0D4913469B0013449B005D
:102420000B441B68591C094813469B0013449B002E
:10243000034419600123FB61FB6918462037BD4640
:1024400080BD00BF388B0220149002203C8B0220FC
:1024500080B58AB000AF786039607B683B62012349
:10246000FB617B68002B00F091803B6A1B6D002BA9
:1024700009D14FF0500383F31188BFF36F8FBFF37F
:102480004F8F3B61FEE73B6ADB6C3A689A4202D9A8
:102490003B687B6202E03B6ADB6C7B623B6ADB6A27
:1024A0007A6A9A4272D03B6A1B6DFA699A426DD180
:1024B000384B1B683A6A9A4209D14FF0500383F3B4
:1024C0001188BFF36F8FBFF34F8FFB60FEE73B6A4E
:1024D000DB6ABB613B6A7A6ADA623B6A9B69002B02
:1024E00004DB7B6AC3F138023B6A9A613B6A596933
:1024F000BA6913469B0013449B00274A1344994230
:1025000044D13B6A04331846FDF72CF93B6ADA6A7A
:10251000224B1B689A4203D93B6ADB6A1F4A13604D
:102520003B6ADA6A1C4913469B0013449B000B4428
:1025300004331B687B613B6A7A699A607B699A689D
:102540003B6ADA607B699B683A6A04325A603B6A8C
:102550001A1D7B699A603B6ADA6A13469B00134432
:102560009B000D4A1A443B6A5A613B6ADA6A0A497F
:1025700013469B0013449B000B441B68591C0648E0
:1025800013469B0013449B000344196000BF283787
:10259000BD4680BD388B02203C8B02201490022067
:1025A00080B483B000AF094B1B689B697B60074B0D
:1025B0001B68DA6A054B1B68C2F138029A617B68B6
:1025C00018460C37BD465DF8047B7047388B0220F7
:1025D00080B400AF074B1B68002B04D0054B1B6871
:1025E0001A6D01321A65034B1B681846BD465DF82B
:1025F000047B7047388B022080B586B000AFF8604E
:10260000B9607A603B60FB68002B09D04FF0500343
:1026100083F31188BFF36F8FBFF34F8F3B61FEE7EA
:10262000FAF72CFD344B1A68FB68134458331B78B7
:10263000DBB2022B24D0304B1A68FB6814339B00AA
:1026400013445968BB68DB431940FB6814339B0093
:1026500013445960284B1A68FB681344583301220D
:102660001A703B6A002B0BD00121386A00F004FB82
:10267000224B4FF080521A60BFF34F8FBFF36F8F22
:10268000FAF72AFDFAF7FAFC3B68002B08D01A4B40
:102690001A68FB6814339B0013445A683B681A603D
:1026A000154B1A68FB68134458331B78DBB2022BB6
:1026B00002D000237B6110E00F4B1A68FB681433D3
:1026C0009B00134459687B68DB431940FB68143353
:1026D0009B001344596001237B61074B1A68FB6818
:1026E0001344583300221A70FAF7F6FC7B69184637
:1026F0001837BD4680BD00BF388B022004ED00E0D6
:1027000080B58EB000AFF860B9607A60FB700123CD
:102710007B63BB68002B09D04FF0500383F3118813
:10272000BFF36F8FBFF34F8F3B62FEE7FB68002B59
:1027300009D14FF0500383F31188BFF36F8FBFF3BC
:102740004F8FFB61FEE7FB683B63FAF797FC3B6C3E
:10275000002B07D03A6BBB6814339B0013445A68B4
:102760003B6C1A603A6BBB68134458331B7887F88C
:102770002F303A6BBB681344583302221A70FB782F
:10278000042B41D801A252F823F000BF25280108EC
:10279000A1270108BF270108DB270108EB27010853
:1027A0003A6BBB6814339B0013445A687B681A4326
:1027B000396BBB6814339B000B445A6035E03A6BAD
:1027C000BB6814339B0013445B685A1C396BBB68AD
:1027D00014339B000B445A6027E03A6BBB681433F8
:1027E0009B0013447A685A601FE097F82F30022B41
:1027F00007D03A6BBB6814339B0013447A685A6065
:1028000013E000237B6310E04B4B1B68002B0BD0C5
:102810004FF0500383F31188BFF36F8FBFF34F8FD7
:10282000BB61FEE700BF00E000BF97F82F30012B2F
:102830007BD13B6B5B69BB623B6B9B683A6BD2683D
:102840009A603B6BDB683A6B92685A60BB6A5A6865
:102850003B6B04339A4203D13B6BDA68BB6A5A6024
:102860003B6B00225A61BB6A1B685A1EBB6A1A6026
:102870003B6BDA6A314B1B689A4203D93B6BDB6ACC
:102880002E4A13603B6BDA6A2D4913469B001344B2
:102890009B000B4404331B687B623B6B7A6A9A6033
:1028A0007B6A9A683B6BDA607B6A9B683A6B04329E
:1028B0005A603B6B1A1D7B6A9A603B6BDA6A13465F
:1028C0009B0013449B001E4A1A443B6B5A613B6BAE
:1028D000DA6A1B4913469B0013449B000B441B6898
:1028E000591C174813469B0013449B00034419606E
:1028F0003B6B9B6A002B09D04FF0500383F3118888
:10290000BFF36F8FBFF34F8F7B61FEE73B6BDA6ADC
:102910000C4B1B68DB6A9A4207D90B4B4FF0805275
:102920001A60BFF34F8FBFF36F8FFAF7D5FB7B6B46
:1029300018463837BD4680BD109002201490022002
:102940003C8B0220388B022004ED00E080B592B071
:1029500000AFF860B9607A60FB7001237B64FB68AC
:10296000002B09D14FF0500383F31188BFF36F8F11
:10297000BFF34F8FBB62FEE7BB68002B09D04FF05F
:10298000500383F31188BFF36F8FBFF34F8F7B62C8
:10299000FEE7FAF75DFCFB683B64EFF311824FF052
:1029A000500383F31188BFF36F8FBFF34F8F3A62E9
:1029B000FB613B6AFB633B6D002B07D03A6CBB6845
:1029C00014339B0013445A683B6D1A603A6CBB6821
:1029D000134458331B7887F83B303A6CBB68134478
:1029E000583302221A70FB78042B41D801A252F806
:1029F00023F000BF8D2A0108092A0108272A0108AF
:102A0000432A0108532A01083A6CBB6814339B001F
:102A100013445A687B681A43396CBB6814339B00B3
:102A20000B445A6035E03A6CBB6814339B00134486
:102A30005B685A1C396CBB6814339B000B445A60AA
:102A400027E03A6CBB6814339B0013447A685A60E1
:102A50001FE097F83B30022B07D03A6CBB68143369
:102A60009B0013447A685A6013E000237B6410E0F3
:102A70005E4B1B68002B0BD04FF0500383F3118883
:102A8000BFF36F8FBFF34F8FBB61FEE700BF00E066
:102A900000BF97F83B30012B40F09E803B6C9B6A57
:102AA000002B09D04FF0500383F31188BFF36F8FD1
:102AB000BFF34F8F7B61FEE74D4B1B68002B5FD14F
:102AC0003B6C5B693B633B6C9B683A6CD2689A6079
:102AD0003B6CDB683A6C92685A603B6B5A683B6CA3
:102AE00004339A4203D13B6CDA683B6B5A603B6C0F
:102AF00000225A613B6B1B685A1E3B6B1A603B6C91
:102B0000DA6A3C4B1B689A4203D93B6CDB6A394A50
:102B100013603B6CDA6A384913469B0013449B00F0
:102B20000B4404331B68FB623B6CFA6A9A60FB6AD5
:102B30009A683B6CDA60FB6A9B683A6C04325A60B4
:102B40003B6C1A1DFB6A9A603B6CDA6A13469B0069
:102B500013449B00284A1A443B6C5A613B6CDA6A66
:102B6000254913469B0013449B000B441B68591CCA
:102B7000214813469B0013449B00034419601BE04B
:102B80001E4B5B687B633B6C7A6BDA617B6B9A688C
:102B90003B6C1A627B6B9B683A6C18325A603B6CD8
:102BA00003F118027B6B9A603B6C144A9A62134BD8
:102BB0001B680133114A13603B6CDA6A104B1B68C7
:102BC000DB6A9A4208D97B6D002B02D07B6D012213
:102BD0001A600C4B01221A60FB6B3B613B6983F36B
:102BE00011887B6C18464837BD4680BD1090022086
:102BF00034900220149002203C8B0220CC8F0220C3
:102C0000388B02202090022080B586B000AF78601B
:102C100039603B68002B09D04FF0500383F31188D3
:102C2000BFF36F8FBFF34F8FFB60FEE77B68002B16
:102C300002D1104B1B6800E07B683B61FAF71EFA7B
:102C40003A693B68134458331B78DBB2022B08D136
:102C50003A693B681344583300221A7001237B61A0
:102C600001E000237B61FAF737FA7B6918461837D1
:102C7000BD4680BD388B022080B586B000AF78603D
:102C800039602E4B1B687B612D4B1B680433184643
:102C9000FCF768FD7B68B3F1FF3F24D13B68002B54
:102CA00021D0284B5B683B61254B1B683A699A60D1
:102CB000234B1B683A699268DA60214B1A683B69BA
:102CC0009B6804325A601E4B1B681A1D3B699A6050
:102CD0001B4B1B681B4A5A611A4B1B680133194A6C
:102CE000136000BF26E07A697B681344FB60144BD5
:102CF0001B68FA685A60FA687B699A4209D2124BDB
:102D00001A680F4B1B68043319461046FCF7F1FC98
:102D100010E00E4B1A680A4B1B6804331946104624
:102D2000FCF7E7FC0A4B1B68FA689A4202D2084A91
:102D3000FB68136000BF1837BD4680BD10900220AD
:102D4000388B0220F88F0220C88F0220C48F022007
:102D50002C90022080B58AB004AF00237B6100F084
:102D600075FA1C4B1B68002B21D00023FB6000234D
:102D7000BB603A1D07F1080107F10C031846FAF78A
:102D8000BFFA7968BB68FA68029201930223009344
:102D900000230A4610491148FEF7FDF80246104B81
:102DA0001A600F4B1B68002B01D001237B617B69EC
:102DB000002B09D14FF0500383F31188BFF36F8FBD
:102DC000BFF34F8F3B61FEE77B6918461837BD465E
:102DD00080BD00BF68900220A84D0108852E010823
:102DE0006C90022080B584B000AFF860B9607A6062
:102DF00008E0FB689B69BA681344BB60FB681B6A08
:102E0000F8689847FB689A69BB68D118BB687A680C
:102E1000F86800F0DBF80346002BEAD100BF10375A
:102E2000BD4680BD80B584B000AF78603960144B7A
:102E30001B68DB68DB68FB60FB6804331846FCF743
:102E400091FCFB6893F8283003F00403002B05D0B5
:102E50003A687968F868FFF7C5FF08E0FB6893F8FF
:102E6000283023F00103DAB2FB6883F82820FB68DE
:102E70001B6AF868984700BF1037BD4680BD00BF89
:102E80006090022080B584B000AF786007F108033D
:102E9000184600F057F8F860BB681946F86800F06B
:102EA00003F800F0D5F8F1E780B584B000AF7860A2
:102EB0003960FEF7D9FA07F10803184600F066F802
:102EC000F860BB68002B30D13B68002B0AD17A68D0
:102ED000FB689A4206D8FEF7D5FAF9687868FFF7DA
:102EE000A1FF24E03B68002B08D0134B1B681B6834
:102EF000002B01D1012300E000233B600F4B186839
:102F00007A68FB68D31A3A681946FDF743FBFEF767
:102F1000B9FA0346002B0AD1094B4FF080521A60D0
:102F2000BFF34F8FBFF36F8F01E0FEF7ABFA00BF27
:102F30001037BD4680BD00BF64900220689002201B
:102F400004ED00E080B485B000AF78600E4B1B68E4
:102F50001B68002B01D1012200E000227B681A606F
:102F60007B681B68002B05D1074B1B68DB681B685F
:102F7000FB6001E00023FB60FB6818461437BD4688
:102F80005DF8047B704700BF6090022080B584B07C
:102F900000AF7860FEF772FBF8600B4B1B68FA68B5
:102FA0009A4205D200F02CF97B6801221A6002E0F7
:102FB0007B6800221A60044AFB681360FB681846AD
:102FC0001037BD4680BD00BF7090022080B586B02E
:102FD00000AFF860B9607A603B6000237B61FB68FA
:102FE000BA685A60FB68FA681A61BA687B689A42E4
:102FF00012D87A683B68D21AFB689B699A4202D35E
:1030000001237B611BE0104B1A68FB6804331946EF
:103010001046FCF76EFB12E07A683B689A4206D2D3
:10302000BA683B689A4202D301237B6107E0074BF1
:103030001A68FB68043319461046FCF75AFB7B6993
:1030400018461837BD4680BD64900220609002206B
:1030500080B58AB000AFC1E07B68002B17DA3B1D5A
:1030600004337B627B6A002B09D14FF0500383F35A
:103070001188BFF36F8FBFF34F8FBB61FEE77B6A91
:103080001B687A6A50687A6A9268114698477B682A
:10309000002BC0F2A280FB683B623B6A5B69002B9D
:1030A00004D03B6A04331846FCF75CFB3B461846E9
:1030B000FFF76CFFF8617B68013B082B00F28E8004
:1030C00001A252F823F000BFED300108ED300108F5
:1030D0005531010869310108B1310108ED300108AD
:1030E000ED30010855310108693101083B6A93F858
:1030F000283043F00103DAB23B6A83F82820BA682B
:103100003B6A9B69D118BB68FA69386AFFF75EFFB2
:103110000346002B62D03B6A93F8283003F0040387
:10312000002B09D0BA683B6A9B691344FA691946B7
:10313000386AFFF757FE08E03B6A93F8283023F01F
:103140000103DAB23B6A83F828203B6A1B6A386ABB
:10315000984743E03B6A93F8283023F00103DAB242
:103160003B6A83F8282039E03B6A93F8283043F023
:103170000103DAB23B6A83F82820BA683B6A9A6195
:103180003B6A9B69002B09D14FF0500383F31188F0
:10319000BFF36F8FBFF34F8F7B61FEE73B6A9A6986
:1031A000FB69D118FB69FA69386AFFF70FFF15E070
:1031B0003B6A93F8283003F00203002B03D1386AEE
:1031C000FCF766F80AE03B6A93F8283023F0010325
:1031D000DAB23B6A83F8282000E000BF074B1B6887
:1031E000391D00221846FCF723FE0346002B7FF40E
:1031F00033AF00BF2837BD4680BD00BF68900220B6
:1032000080B582B000AF09E00E4B1B68DB681B681D
:103210003B604FF0FF313868FFF704FE094B1B6835
:103220001B68002BF0D1074B1B687B60064B1B68AB
:10323000044A1360044A7B68136000BF0837BD4628
:1032400080BD00BF609002206490022080B582B0F3
:1032500002AFF9F713FF154B1B68002B20D1144860
:10326000FCF71AFA1348FCF717FA134B104A1A60C6
:10327000124B104A1A6000230093114B114A10217F
:103280000A20FCF72DFB0246084B1A60074B1B680F
:10329000002B05D0054B1B680B491846FDF7F6F8C7
:1032A000F9F71AFF00BFBD4680BD00BF689002203D
:1032B000389002204C9002206090022064900220FE
:1032C0001491022074900220B04D010880B58AB09C
:1032D00000AFF860B9607A603B606FF001037B611A
:1032E000FB68BB61BB68FB617B683B62064B18688F
:1032F00007F1140100233A68FCF7F4FC78627B6A5A
:1033000018462837BD4680BD68900220B0B483B00F
:1033100000AF03463960FB801346BB80002419E0F0
:10332000FB881B0A9AB23B68591C39601B789BB218
:1033300053409BB2DBB29DB2FB881B021AB22946F6
:10334000094B33F811301BB253401BB2FB802346AC
:1033500001339CB2BB88A342E2D8FB8818460C37E5
:10336000BD46B0BC704700BFB84D010880B400AF87
:1033700000BFBD465DF8047B704780B483B000AFEA
:1033800078607B681B691B7803F00103DBB2002BBC
:1033900002D14FF0FF3310E07B681B691B7803F00C
:1033A0000203DBB2002B01D0102306E07B681A6910
:1033B000137843F002031370002318460C37BD4600
:1033C0005DF8047B704780B485B000AFF860B960E9
:1033D0007A603B60002318461437BD465DF8047BD5
:1033E000704780B483B000AF78607B681B691B783E
:1033F00003F00203DBB2002B05D07B681A69137857
:103400006FF34103137000BF0C37BD465DF8047BBA
:10341000704780B485B000AFF860B9607A6000236F
:1034200018461437BD465DF8047B704780B483B0FE
:1034300000AF786000BF0C37BD465DF8047B704775
:1034400080B400AF00231846BD465DF8047B70478A
:1034500080B483B000AF0346FB7100BF0C37BD469C
:103460005DF8047B704780B483B000AF78600023C0
:1034700018460C37BD465DF8047B704780B584B0B4
:1034800000AF78600023FB6002E0FB680133FB6063
:10349000124AFB685B01134414331B68002B0AD0EB
:1034A000FB685B010D4A134419467868EDF780F814
:1034B0000346002BE9D1094AFB685B01134414332E
:1034C0001B68002B04D0FB685B01044A134400E036
:1034D000002318461037BD4680BD00BF8C50010840
:1034E00080B584B000AF78607868FFF7C7FFF860F8
:1034F000FB68002B01D100230AE0FB685B695B6875
:10350000F86898470346002B01D1FB6800E00023D0
:1035100018461037BD4680BD90B587B002AFF86041
:10352000B9607A603B60FB68002B01D100230AE0A0
:10353000FB685B69DC683B6A00933B687A68B96842
:10354000F868A047034618461437BD4690BD90B5AD
:1035500085B000AFF860B9607A603B60FB68002B13
:1035600001D1002308E0FB685B695C693B687A680D
:10357000B968F868A047034618461437BD4690BDA1
:1035800080B582B000AF78607B68002B05D07B6887
:103590005B699B697868984700E000BF0837BD46C3
:1035A00080BD80B400AF00BFBD465DF8047B7047AE
:1035B00080B582B000AF00237B6031E01E4A7B689B
:1035C0005B01134410331B6808220021184600F0E9
:1035D000FAFA194A7B685B0113441C331B6803F039
:1035E0000103002B19D1144A7B685B011344143387
:1035F0001B681B687A6852010F490A4410469847B5
:103600000346002B09D10C4A7B685B01134410333D
:103610001A68137843F0010313707B6801337B60F1
:10362000054A7B685B01134414331B68002BC5D12A
:1036300000BF0837BD4680BD8C50010880B584B0FE
:1036400000AF7860FFF7ADFFFFF7B2FF00F016F9AB
:103650007B68FB60FB680020984700BF1037BD46C1
:1036600080BD000080B584B002AF786039603B68EF
:103670009AB200230193012300937B680449054813
:10368000FDF7E8FCFDF788FE00BF0837BD4680BDAA
:10369000B84F01083D36010880B584B000AF7860AE
:1036A00039607868FEF71CFDF86000BF1037BD4632
:1036B00080BD000080B584B000AF786039600F4BEA
:1036C0001B68FB6011E0FB68053319467868ECF76E
:1036D0006FFF0346002B05D1FB681A793B681A700F
:1036E000012306E0FB681B68FB60FB68002BEAD146
:1036F000002318461037BD4680BD00BF64910220EC
:1037000090B58DB002AFF860B9607A603B60364A20
:1037100007F1140392E80300186004331980FB6872
:1037200087F8273007F113031946B868FFF7C2FF7F
:10373000034683F00103DBB2002B02D02B4B1B7836
:10374000FB742A4B1B7897F827209A4248D84FF4ED
:103750008070FBF78BFD38623B6A002B3FD097F8F7
:10376000273007F12802134413F8143C1C46FDF7D8
:1037700085FF0246BB680093134622461C49386AFF
:1037800000F0D2FA386AECF71DFFF8613A6AFB697B
:10379000D018FB69C3F580713B687A6800F03AFC89
:1037A000386AECF70FFFF8613A6AFB6913440D229F
:1037B0001A70FB6901333A6A13440A221A700D4BDE
:1037C0005B699C68FB699A1C0023009313463A6A64
:1037D00000210848A047386AFBF75AFD00E000BF07
:1037E0002C37BD4690BD00BFD04F010824000020FB
:1037F000C04F01088C5001080CB480B584B000AFF4
:103800007860396007F11C03FB607868FB68BA696F
:103810003968FFF775FF00BF1037BD46BDE880402F
:1038200002B0704790B587B002AFF860B9607A60B7
:103830003B60BB68013B104A52F823301B695B694F
:103840009C68BB68013B0C4A52F823301869BB687E
:10385000013B094A52F823309969BB68013B064A8B
:1038600052F823305B6900933B687A68A0470346AF
:1038700018461437BD4690BD6891022080B582B0CD
:1038800000AF00237B6007E0134A7B68002142F809
:1038900023107B6801337B607B681F2BF4DD1C20C9
:1038A00000F03CF903461A460B4B1A600A4B1B68A2
:1038B0000A4A5A60084B1B68094A1A61064B1B6882
:1038C0004FF47A725A61044B1B6800229A6100BF60
:1038D0000837BD4680BD00BF689102202538010829
:1038E0008C500108DFF834D0002103E00C4B5B580A
:1038F000435004310B480C4B42189A42F6D30B4A02
:1039000002E0002342F8043B094B9A42F9D3F5F751
:1039100099FD00F0DBF8F4F723FB7047000004206A
:103920009C520108000000203002002030020020DC
:10393000880E0320FEE7000080B582B000AF03468A
:10394000FB80FB88B3F5807F05D1054B1B68044ADB
:1039500052681046984700BF0837BD4680BD00BF7B
:1039600028000020B0B58CB000AF7860124B07F192
:103970001C041D460FCD0FC42B68236007F11C03E8
:1039800019460E48EDF7C8FE0D4B07F108041D4619
:103990000FCD0FC42B68236007F1080319460948AF
:1039A000EDF7BAFE054B10229A61064B80229A6110
:1039B00000BF3037BD46B0BDDC4F010800000240FB
:1039C000F04F01080004024080B483B000AF03460A
:1039D000FB71FB79812B07D10F4B80229A610F4B32
:1039E0004FF480129A6110E0FB79822B07D10B4BC8
:1039F00010229A61084B4FF400029A6105E0074BD0
:103A000010229A61044B80229A6100BF0C37BD4698
:103A10005DF8047B704700BF0004024000000240D4
:103A2000B0B588B000AF78600E4B07F10C041D46AE
:103A30000FCD0FC42B68236007F10C0319460A4809
:103A4000EDF76AFE084B4FF000629A610220FDF725
:103A50006FFC054B4FF400629A6100BF2037BD46F2
:103A6000B0BD00BF1C50010800000240B0B588B0D6
:103A700000AF78600E4B07F10C041D460FCD0FC44C
:103A80002B68236007F10C0319460A48EDF744FE42
:103A9000084B4FF080729A610220FDF749FC054BFC
:103AA0004FF480729A6100BF2037BD46B0BD00BFA1
:103AB00058500108000002400A22002100F0D8B945
:103AC000014B1868704700BF6000002070B50D4EB4
:103AD0000D4CA41BA4100025A54209D10B4E0C4C83
:103AE00000F0BEFDA41BA4100025A54205D170BDA9
:103AF00056F8253098470135EEE756F825309847B7
:103B00000135F2E7945201089452010894520108D9
:103B100098520108D0F8EC0070470000024B0146B3
:103B2000186800F0A7B800BF60000020024B0146F3
:103B3000186800F051B800BF6000002082B001B9E1
:103B400001A942B14BB113780B601278101C18BF59
:103B5000012002B070471046FBE76FF00100F8E764
:103B600030B50024A24201D1002007E0035D0134FA
:103B70000D1915F8015CAB42F4D0581B30BD10B5DF
:103B8000431E0A44914200D110BD11F8014B03F8C5
:103B9000014FF7E7884210B501EB020307D8421E38
:103BA00099420AD011F8014B02F8014FF8E783421D
:103BB000F5D98118D21AD34200D110BD13F8014DA6
:103BC00001F8014DF7E702440346934200D17047E4
:103BD00003F8011BF9E7000038B50546002945D078
:103BE00051F8043C0C1F002BB8BFE41800F02DFA6C
:103BF0001F4A1368104633B9636014602846BDE855
:103C0000384000F023BAA3420CD9216862189342CD
:103C100004BF1A685B68636004BF521822600460C6
:103C2000ECE713465A680AB1A242FAD91968581843
:103C3000A0420BD120680144581882421960DDD19E
:103C4000106852685A6001441960D7E702D90C2302
:103C50002B60D3E7206821188A4204BF116852689C
:103C6000626004BF091821605C60C7E738BD00BF0F
:103C7000E891022070B5CD1C25F0030508350C2D08
:103C800038BF0C25002D064601DBA94203D90C23C1
:103C90003360002070BD00F0D8F9214A1468214635
:103CA00091B9204C23681BB93046F9F743FB2060DB
:103CB00029463046F9F73EFB431C24D10C233360E0
:103CC000304600F0C3F9E4E70B685B1B18D40B2BFC
:103CD0000FD90B60CD50CC18304600F0B7F904F185
:103CE0000B00231D20F00700C31AD3D05A42E25024
:103CF000D0E78C424B6816BF636013600C46EBE75D
:103D00000C464968CCE7C41C24F00304A04205D04B
:103D1000211A3046F9F70EFB0130CFD02560DBE7E2
:103D2000E8910220EC9102200EB400B59CB01DABCE
:103D3000029006906FF000410948079104910949EB
:103D400053F8042B05910068019302A900F0DAF9F9
:103D5000029B00221A701CB05DF804EB03B07047A0
:103D6000600000200802FFFF034611F8012B03F852
:103D7000012B002AF9D170472DE9F047804689468A
:103D800092461E460F463D46089815F8014BFFF730
:103D9000C1FE2044437813F0080332D12D2C32D1D8
:103DA0007C78BD1C0122002E5DD0102E09D1302C54
:103DB00007D12B7803F0DF03582B4FD16C781026F6
:103DC0000235002A14BF4FF000416FF00041002778
:103DD000B1FBF6FC384606FB1C1EA4F13003092B90
:103DE00017D81C46A64223DD7B1C07D084451CD374
:103DF00001D1A64519DB00FB0640012715F8014B50
:103E0000EBE72F46BFE72B2C04BFBD1C7C781A467E
:103E1000C9E7A4F14103192B01D8373CE2E7A4F12B
:103E20006103192B04D8573CDCE74FF0FF37E5E777
:103E30007B1C08D12223C8F800300846BAF1000FD5
:103E400007D1BDE8F08702B14042BAF1000FF8D0C7
:103E50000FB105F1FF39CAF80090F2E73024002EC7
:103E6000AFD10826ADE7302CA3D00A26A9E7000081
:103E7000084B37B51C68084D236A002B08BF2B463A
:103E8000009313460A4601462046FFF775FF03B02C
:103E900030BD00BF60000020C40000202DE9F047C5
:103EA0008046894692461E460F463D46089815F8BC
:103EB000014BFFF72FFE2044437813F0080330D165
:103EC0002D2C30D17C78BD1C0121002E5CD0102E11
:103ED00009D1302C07D12B7803F0DF03582B4ED1BA
:103EE0006C78102602354FF0FF320023B2FBF6F259
:103EF00006FB02FC6FEA0C0C1846A4F13007092FF0
:103F000017D83C46A64223DD002B1EDB82421CD381
:103F100001D1A44519DB00FB0640012315F8014B34
:103F2000EBE72F46C1E72B2C04BFBD1C7C7819465C
:103F3000CBE7A4F14107192F01D8373CE2E7A4F100
:103F40006107192F04D8573CDCE74FF0FF33E5E752
:103F5000002B09DA2223C8F800304FF0FF30BAF105
:103F6000000F07D1BDE8F08701B14042BAF1000F60
:103F7000F8D00BB105F1FF39CAF80090F2E7302410
:103F8000002EB0D10826AEE7302CA4D00A26AAE72E
:103F9000084B37B51C68084D236A002B08BF2B4619
:103FA000009313460A4601462046FFF777FF03B009
:103FB00030BD00BF60000020C400002030B5141EDA
:103FC00005469BB0184605DA8B232B604FF0FF3077
:103FD0001BB030BD4FF40273ADF80C3014BF04F1C8
:103FE000FF332346029305934FF6FF73009104912C
:103FF000ADF80E3002461E9B6946284600F082F856
:10400000431CBCBF8B232B60002CE1D0009B002203
:104010001A70DDE707B5009313460A4601460348C8
:104020000068FFF7CBFF03B05DF804FB60000020E1
:1040300049B1FF2A85BF8A2303600A704FF0FF3021
:1040400098BF0120704708467047704770472DE9B8
:10405000F0478E689E4282460C469046994637D875
:104060008A8912F4906F31D0256809696F1A6569E1
:10407000022305EB450595FBF3F509F101033B44EC
:104080009D4238BF1D46530530D52946FFF7F2FD46
:10409000064650B90C23CAF80030A38943F0400308
:1040A000A3814FF0FF30BDE8F0873A462169FFF762
:1040B00066FDA38923F4906343F08003A381266106
:1040C00065613E44ED1B2660A5604E464E4500D915
:1040D0004E46324641462068FFF75CFDA3689B1BB5
:1040E000A36023681E4426600020DCE72A4600F017
:1040F00089FA06460028E2D121695046FFF76CFD97
:10410000C8E700002DE9F04F1D468B891F069DB0C2
:1041100080460C4616460FD50B696BB94021FFF758
:10412000A9FD2060206128B90C23C8F800304FF0A9
:10413000FF30C8E0402363610023099320238DF8FA
:10414000293030238DF82A3003954FF0010B374684
:104150003D4615F8013B0BB1252B3ED1B7EB060AC6
:104160000BD05346324621464046FFF770FF0130E0
:1041700000F0A480099B534409933B78002B00F086
:104180009D8000234FF0FF32CDE905230493079370
:104190008DF853301A932F46052217F8011B50480B
:1041A000ECF71EFA049BD0B9D90644BF20228DF843
:1041B00053201A0744BF2B228DF853202A782A2A2D
:1041C00015D0079A2F4600200A25394611F8013BE1
:1041D000303B092B4DD9B8B10FE02F46B8E7404A24
:1041E000801A0BFA00F0184304903D46D3E7039A77
:1041F000111D12680391002A01DB079204E052426C
:1042000043F00203079204933B782E2B0CD17B786A
:104210002A2B33D1039B1A1D1B680392002BB8BFB6
:104220004FF0FF33023705932E4D3978032228468D
:10423000ECF7D6F938B14023401B03FA00F0049B99
:10424000034301370493397827488DF82810062254
:104250007E1CECF7C5F9002838D0244B13BB039B18
:10426000073323F0070308330393099B4B44099357
:104270006DE705FB023201200F46A6E70023013758
:10428000059319460A25384610F8012B303A092AB9
:1042900003D9002BC8D00591C6E705FB01210123F6
:1042A0000746F0E703AB00932246114B04A94046B2
:1042B000AFF30080B0F1FF3F8146D6D1A3895B0602
:1042C0003FF535AF09981DB0BDE8F08F03AB009303
:1042D0002246074B04A9404600F082F8EAE700BFF7
:1042E000575201085D5201086152010800000000A8
:1042F0004F4001082DE9F04791461F468A680B6937
:10430000DDF820809342B8BF1346C9F8003091F819
:10431000432006460C4612B10133C9F80030236829
:10432000990642BFD9F800300233C9F80030256839
:1043300015F0060507D104F1190AE368D9F8002041
:104340009B1AAB4228DC94F843302268003318BF34
:10435000012392062DD404F1430239463046C0476A
:10436000013020D02368E568D9F8002003F0060367
:10437000042B08BFAD1AA36822690CBF25EAE575B6
:1043800000259342C4BF9B1AED184FF000091A3460
:104390004D451AD1002008E00123524639463046E7
:1043A000C047013003D14FF0FF30BDE8F087013541
:1043B000C3E7E1185A1C302081F84300224494F8E6
:1043C000451082F843100233C5E7012322463946DF
:1043D0003046C0470130E6D009F10109D8E70000B6
:1043E0002DE9F04301F1430C0C46097E85B06E299E
:1043F0001746064698460C9A00F0B38022D86329E7
:1044000036D00AD8002900F0B980582900F08380FE
:1044100004F1420584F8421032E0642901D0692990
:10442000F6D120681368050603F104012AD51B683C
:104430001160002B03DA2D225B4284F843206F4881
:104440000A2239E0732900F09D8008D86F2920D016
:104450007029DDD1236843F02003236003E0752930
:1044600017D07829D4D1782384F84530644855E0B2
:104470001368191D1B68116004F1420584F842306D
:1044800001238CE01B68116010F0400F18BF1BB2B5
:10449000CFE713682568181D1060280601D51B6832
:1044A00002E06806FBD51B8854486F2914BF0A2216
:1044B0000822002184F843106568A560002DC0F231
:1044C0009580216821F004012160002B3DD1002D51
:1044D00040F08E806546082A0BD12368DB0708D59B
:1044E000236962689A42DEBF302305F8013C05F17A
:1044F000FF35ACEB05032361CDF800803B4603AAF2
:1045000021463046FFF7F6FE01304DD14FF0FF3027
:1045100005B0BDE8F083394884F845101368216878
:104520001D1D1B6815600A060BD5CA0744BF41F064
:10453000200121601BB9226822F020022260102293
:10454000B7E74D0648BF9BB2EFE76546B3FBF2F114
:1045500002FB1133C35C05F8013D0B460029F5D180
:10456000B9E7136825686169181D106028061B6883
:1045700001D5196002E06A06FBD51980002323618A
:104580006546B9E71368191D11601D68626800214E
:104590002846ECF725F808B1401B6060636823618A
:1045A000002384F84330A7E723692A46394630467A
:1045B000C0470130AAD023689B0713D4E068039B4F
:1045C0009842B8BF1846A3E701234A463946304609
:1045D000C04701309AD00135E368039A9B1AAB4279
:1045E000F2DCEBE7002504F11909F5E7002BACD16B
:1045F000037884F8423004F142056CE76852010800
:1046000079520108F8B5074614460E4621B91146FD
:10461000BDE8F840FFF72EBB22B9FFF7DDFA2546CB
:104620002846F8BD00F014F8A0420FD221463846C3
:10463000FFF720FB05460028F2D031462246FFF75F
:104640009EFA31463846FFF7C7FAE9E73546E7E70D
:1046500051F8043C181F002BBCBF0B58C018704702
:10466000F8B500BFF8BC08BC9E467047F8B500BF5F
:08467000F8BC08BC9E4670472F
:104678000006101600061016302E302E30000000EE
:104688004D41494E000000002057454C434F4D45D1
:10469800204349535F444358580D0A00554152542A
:1046A8003200000055415254310000000000000063
:1046B80000000000010203040607080900000000CA
:1046C800010203044349535F444358580000000063
:1046D8005B49434D502C52582C253032582C2530EC
:1046E80032582C25645D00005B49434D502C5458CA
:1046F8002C253032582C253032582C25645D00008A
:104708006162636465666768696A6B6C6D6E6F7019
:1047180071727374757677616263646566676869D8
:1047280000000000636D643D25642C20696E64659B
:10473800783D25642C206C656E3D25642C207763BC
:104748003D25640045544831000000004554483276
:1047580000000000656361745F6672616D655F6388
:104768006170747275650000492D3E4F28256429D3
:104778000000000020202000202000004F2D3E498E
:1047880028256429000000005541525431000000DA
:104798005541525432000000656361745F66726D62
:1047A8005F6361700000000064656275675F736530
:1047B8007269616C0000000073657269616C0000C9
:1047C800534653202564000054455354000000000C
:1047D80061726776202573004200000052000000D5
:1047E800540000002C253038640000005B53475308
:1047F8002C25642C25642C25640000007C2530328F
:10480800585D00002C20616363656C5820253034A6
:10481800782C20616363656C5920253034782C200E
:10482800616363656C5A20253034782C206779726F
:104838006F5820253034782C206779726F592025DD
:104848003034782C206779726F5A202530347800FC
:10485800312E302E310000002C2573002C25732CAE
:10486800257300002C25642C257300002C25642C4E
:10487800256400002C2564000A01020304050607CC
:1048880008090001020304050607080900010203DC
:1048980004050607080900010203040506070809BC
:1048A80000010203040506070809000102030405C4
:1048B80006070809000102030405060708090001A4
:1048C8000203040506070809000102030405060798
:1048D8000809000102030405060708090B01020381
:1048E800040506070809000102030405060708096C
:1048F8000001020304050607080900010203040574
:104908000607080900010203040506070809000153
:104918000203040506070809000102030405060747
:10492800080900010203040506070809000102033B
:10493800040506070809000102030405060708091B
:104948000C01020304050607080900010203040517
:104958000607080900010203040506070809000103
:1049680002030405060708090001020304050607F7
:1049780008090001020304050607080900010203EB
:1049880004050607080900010203040506070809CB
:1049980000010203040506070809000102030405D3
:1049A800060708090D0102030405060708090001A6
:1049B80002030405060708090001020304050607A7
:1049C800080900010203040506070809000102039B
:1049D800040506070809000102030405060708097B
:1049E8000001020304050607080900010203040583
:1049F8000607080900010203040506070809000163
:104A080002030405060708092C25642C2530327892
:104A1800000000006D3D0000494F544855425F4476
:104A28004155474854455200763D0000633D00001B
:104A380053657020313920323032350031343A3400
:104A4800303A3531000000002C25642C25642F25D0
:104A5800642F25642F25642C25303258000000006F
:104A68002C25642C25642F25642F25642F256400AC
:104A78007B636D643D3078253032582C696E6465EF
:104A8800783D3078253034582C6C656E3D25642C83
:104A980077633D25647D0D0A000000004F494E46AE
:104AA80000000000000000000000000003000000FB
:104AB800D5B1000853465300000000000000000074
:104AC800000000000300000041B2000853465000F7
:104AD80000000000000000000000000003000000CB
:104AE800D5B4000853475300000000000000000040
:104AF800000000000300000019B6000853464700F4
:104B0800000000000000000000000000030000009A
:104B1800A5B6000853474700000000000000000049
:104B2800000000000300000015B700084745545670
:104B380045520000000000000000000003000000D3
:104B4800E1B7000853455448575645520000000045
:104B5800000000000300000059B90008545747003E
:104B6800000000000000000000000000030000003A
:104B78009DBB00085245534554000000000000004A
:104B88000000000003000000FDBB0008545541521E
:104B980054000000000000000000000003000000B6
:104BA80085BC000854535049000000000000000074
:104BB8000000000003000000DDBC0008544143432E
:104BC800454C000000000000000000000300000049
:104BD80099BD00085454454D5000000000000000E5
:104BE800000000000300000019BE0008544C4544B2
:104BF80000000000000000000000000003000000AA
:104C080099BE000854445541525400000000000069
:104C1800000000000200000019C0000854455000C0
:104C28000000000000000000000000000300000079
:104C38008DC00008474554554152544D4F4E000011
:104C4800000000000300000045BA00085345545511
:104C58004152544D4F4E0000000000000300000078
:104C6800B9BA000841494E460000000000000000A3
:104C78000000000003000000E5C00008504B544C41
:104C88004F47000000000000000000000100000085
:104C980069C20008504B5449434D500000000000C1
:104CA8000000000002000000FDC20008504B5449FB
:104CB800434D5032000000000000000001000000D9
:104CC80075C400085354415400000000000000005F
:104CD8000000000003000000C9C50008504B544CF8
:104CE800454E000000000000000000000300000026
:104CF80059C80008504B54524157000000000000AA
:104D08000000000003000000CDC9000800000000FA
:104D1800000000000000000000000000000000008B
:104D28000000000091E000080DE1000857E10008CC
:104D380033E200080FE3000817E4000883E40008E2
:104D4800C5E40008F7E4000831E600087B330108F1
:104D580029E70008BDE70008C733010829E800086B
:104D6800E333010861E8000813340108573535308A
:104D780030000000C1EA00087B33010875EC000828
:104D8800F7EE0008C733010871F00008E3330108A3
:104D980049F200081334010849444C45000000005A
:104DA800546D722053766300546D725100000000F8
:104DB800000005800F800A001B801E00140011806F
:104DC800338036003C00398028002D80278022005F
:104DD800638066006C00698078007D80778072004F
:104DE800500055805F805A004B804E00440041803F
:104DF800C380C600CC00C980D800DD80D780D2002F
:104E0800F000F580FF80FA00EB80EE00E400E1801E
:104E1800A000A580AF80AA00BB80BE00B400B1800E
:104E2800938096009C00998088008D8087808200FE
:104E3800838186018C01898198019D8197819201E6
:104E4800B001B581BF81BA01AB81AE01A401A181D6
:104E5800E001E581EF81EA01FB81FE01F401F181C6
:104E6800D381D601DC01D981C801CD81C781C201B6
:104E7800400145814F814A015B815E0154015181A6
:104E8800738176017C01798168016D816781620196
:104E9800238126012C01298138013D813781320186
:104EA800100115811F811A010B810E010401018176
:104EB800038306030C03098318031D831783120356
:104EC800300335833F833A032B832E032403218346
:104ED800600365836F836A037B837E037403718336
:104EE800538356035C03598348034D834783420326
:104EF800C003C583CF83CA03DB83DE03D403D18316
:104F0800F383F603FC03F983E803ED83E783E20305
:104F1800A383A603AC03A983B803BD83B783B203F5
:104F2800900395839F839A038B838E0384038183E5
:104F3800800285828F828A029B829E0294029182DD
:104F4800B382B602BC02B982A802AD82A782A202CD
:104F5800E382E602EC02E982F802FD82F782F202BD
:104F6800D002D582DF82DA02CB82CE02C402C182AD
:104F7800438246024C02498258025D82578252029D
:104F8800700275827F827A026B826E02640261828D
:104F9800200225822F822A023B823E02340231827D
:104FA800138216021C02198208020D82078202026D
:104FB8006D61696E0000000025632028256C752945
:104FC8002025733A2000000045574944564F0000F9
:104FD8002A0000001000000001000000000000008E
:104FE8000300000000000000800000000100000035
:104FF80000000000030000000000000050920220A2
:10500800653901086D3301086734010800000000A4
:10501800C939010800080000010000000000000074
:105028000300000000000000535049310000000058
:1050380030500108213A01086D330108673401082E
:10504800005A62024134010851340108810000000D
:105058000001000001000000000000000300000043
:1050680000000000305001086D3A01086D33010856
:1050780067340108005A62024134010851340108BA
:105088008200000055415254310000000000000029
:1050980000000000600E0320504D01083000002081
:1050A800000000005541525432000000000000008A
:1050B80000000000680E0320504D01084800002041
:1050C80000000000535049310000000000000000BB
:1050D80000000000700E03202C4D01080450010848
:1050E80000000000455448310000000000000000A6
:1050F80000000000780E03207C4D0108385001089C
:105108000000000045544832000000000000000084
:1051180000000000800E03207C4D01086C5001083F
:105128000000000000000000000000000000000077
:105138000000000000000000000000000000000067
:10514800000000004300504F534958002E00002033
:10515800202020202020202028282828282020201F
:1051680020202020202020202020202020202088CF
:105178001010101010101010101010101010100433
:105188000404040404040404041010101010101083
:105198004141414141410101010101010101010177
:1051A800010101010101010101011010101010108D
:1051B8004242424242420202020202020202020247
:1051C8000202020202020202020210101010200063
:1051D80000000000000000000000000000000000C7
:1051E80000000000000000000000000000000000B7
:1051F80000000000000000000000000000000000A7
:105208000000000000000000000000000000000096
:105218000000000000000000000000000000000086
:105228000000000000000000000000000000000076
:105238000000000000000000000000000000000066
:105248000000000000000000000000000000002333
:105258002D302B2000686C4C00656667454647007A
:105268003031323334353637383941424344454694
:10527800003031323334353637383961626364652A
:0452880066000000BC
:08528C0054B0FE7F0100000098
:04529400F501000818
:04529800D101000838
:10529C001000000001000000010000008846010819
:1052AC000024F400CC46010808470108AAAAAAAABF
:1052BC0037000000050000002D340108000000003C
:1052CC00C00A0320010000006D3301086D33010892
:1052DC006D3301086D330108A8960220010000000F
:1052EC006D3301086D3301086D3301086D3301080E
:1052FC00640000200000000000000000000000001E
:10530C000000000000000000000000000000000091
:10531C000000000000000000000000000000000081
:10532C000000000000000000000000000000000071
:10533C000000000000000000000000000000000061
:10534C000000000000000000000000000000000051
:10535C0000000000430000000000000000000000FE
:10536C000000000000000000000000000000000031
:10537C0000000000430000000000000000000000DE
:10538C000000000000000000000000000000000011
:10539C0000000000430000000000000000000000BE
:1053AC0000000000000000000000000000000000F1
:1053BC00000000004300000000000000000000009E
:1053CC0000000000000000000000000000000000D1
:1053DC00000000004300000000000000000000007E
:1053EC0000000000000000000000000000000000B1
:1053FC00000000004300000000000000000000005E
:10540C000000000000000000000000000000000090
:10541C00000000004300000000000000000000003D
:10542C000000000000000000000000000000000070
:10543C0000000000314001083D3B01080000000065
:10544C0056510108545101085C5201085C52010884
:10545C005C5201085C5201085C5201085C52010864
:10546C005C5201085C5201085C520108FFFFFFFF0F
:10547C00FFFFFFFFFFFFFFFFFFFF00000100415395
:10548C00434949000000000000000000000000003B
:10549C00000000000000000000000000000041536C
:1054AC00434949000000000000000000000000001B
:1054BC0000000000000000000000000000000000E0
:04000005080138E5D1
:00000001FF
