:020000040800F2
:10000000000004200D7F0008F17B0008F37B00084E
:10001000F57B0008F77B0008F97B00080000000072
:10002000000000000000000000000000FB7B000852
:10003000FD7B000800000000FF7B0008017C000839
:100040005D7F00085D7F00085D7F00085D7F000820
:100050005D7F00085D7F00085D7F00085D7F000810
:100060005D7F00085D7F00085D7F00085D7F000800
:100070005D7F00088D7D00085D7F00089D7D000884
:100080005D7F00085D7F00085D7F00085D7F0008E0
:100090005D7F00085D7F00085D7F0008157E000819
:1000A0005D7F00085D7F00085D7F00085D7F0008C0
:1000B0005D7F00085D7F0008097C00085D7F000807
:1000C0005D7F00085D7F00085D7F00085D7F0008A0
:1000D0005D7F0008657D0008717D00085D7F000878
:1000E000AD7D00085D7F00085D7F00085D7F000832
:1000F0005D7F00085D7F00085D7F00085D7F000870
:10010000000000005D7F00085D7F00085D7F000843
:1001100000000000000000005D7F00085D7F000817
:100120007D7D00085D7F00085D7F00085D7F000821
:100130005D7F00085D7F00085D7F00085D7F00082F
:100140005D7F00085D7F00085D7F00085D7F00081F
:100150005D7F00085D7F00085D7F00085D7F00080F
:100160005D7F00085D7F00080000000000000000C7
:10017000000000000000000000000000000000007F
:100180005D7F00085D7F00080000000000000000A7
:100190005D7F00085D7F0008000000000000000097
:1001A000000000000000000000000000000000004F
:1001B0000000000000000000000000005D7F00085B
:0401C0005D7F000857
:1001D00010B5054C237833B9044B13B10448AFF381
:1001E00000800123237010BD60000020000000008B
:1001F000F08A000808B5034B1BB103490348AFF36D
:10020000008008BD0000000064000020F08A0008A3
:1002100010F8012B11F8013B012A28BF9A42F7D0B0
:10022000D01A7047034613F8012B002AFBD1181A85
:1002300001387047000000000000000000000000CE
:1002400001F0FF01102A2BDB10F0070F08D010F887
:10025000013B013A8B422DD010F0070F42B3F6D18B
:10026000F0B441EA012141EA014122F007047FF0A4
:1002700000070023F0E80256083C85EA010586EAFB
:10028000010685FA47F5A3FA87F586FA47F6A5FA37
:1002900087F68EB9EED1F0BC01F0FF0102F0070243
:1002A00032B110F8013B013A83EA010313B1F8D1EE
:1002B0000020704701387047002D06BF35460338CF
:1002C000073815F0010F07D1013015F4807F02BF08
:1002D000013015F4C03F0130F0BC0138704700BF59
:1002E0007BB972B90029BEBF00204FF0004106E083
:1002F00008BF00281CBF6FF000414FF0FF3000F036
:10030000BBB9ADF1080C6DE904CE002909DB002B67
:100310001ADB00F04DF8DDF804E0DDE9022304B05B
:100320007047404261EB4101002B1BDB00F040F8BD
:10033000DDF804E0DDE9022304B0404261EB410155
:10034000524263EB43037047524263EB430300F0B6
:100350002FF8DDF804E0DDE9022304B0404261EB50
:1003600041017047524263EB430300F021F8DDF88E
:1003700004E0DDE9022304B0524263EB430370471B
:1003800053B94AB9002908BF00281CBF4FF0FF31FC
:100390004FF0FF3000F070B9ADF1080C6DE904CEFC
:1003A00000F006F8DDF804E0DDE9022304B0704750
:1003B0002DE9F047089E0D4604460F46002B4AD112
:1003C0008A42944665D9B2FA82F343B102FA03FC39
:1003D000C3F120029F4020FA02F217439C404FEAEB
:1003E0001C4E1FFA8CF5B7FBFEF1220C0EFB1177A9
:1003F00042EA074201FB05F090420AD91CEB0202D7
:1004000001F1FF3780F01C81904240F219810239DE
:100410006244121AA4B2B2FBFEF00EFB102244EAB0
:10042000024400FB05F5A5420AD91CEB040400F1C7
:10043000FF3280F00781A54240F204816444023813
:1004400040EA0140641B00211EB1DC400023C6E9E4
:100450000043BDE8F0878B4208D9002E00F0ED8004
:100460000021C6E900050846BDE8F087B3FA83F12C
:10047000002949D1AB4202D3824200F2F880841AAB
:1004800065EB030201201746002EE2D0C6E90047C3
:10049000DFE702B9FFDEB2FA82F3002B40F0908072
:1004A0008A1A4FEA1C471FFA8CFE0121B2FBF7F5AE
:1004B00007FB1520220C42EA00420EFB05F0904299
:1004C00008D91CEB020205F1FF3802D2904200F27B
:1004D000CB804546121AA4B2B2FBF7F007FB1022FC
:1004E00044EA02440EFB00FEA64508D91CEB0404B6
:1004F00000F1FF3202D2A64500F2BB801046A4EB09
:100500000E0440EA05409FE7C1F120078B4022FA24
:1005100007FC4CEA030C05FA01F420FA07F3FD404E
:100520004FEA1C492343B5FBF9F81FFA8CFE09FB7F
:1005300018551C0C44EA054408FB0EF5A54202FAC6
:1005400001F200FA01F00BD91CEB040408F1FF3AA8
:1005500080F08880A54240F28580A8F102086444BA
:10056000641B9DB2B4FBF9F309FB134445EA044450
:1005700003FB0EFEA64508D91CEB040403F1FF356E
:100580006CD2A6456AD9023B644443EA0843A3FB04
:100590000295A4EB0E04AC42C846AE4656D353D0E7
:1005A00056B1B0EB080264EB0E0404FA07F7CA4038
:1005B000CC401743C6E9007418460021BDE8F08717
:1005C000C3F1200102FA03FC20FA01F225FA01F13D
:1005D0009D402A434FEA1C471FFA8CFEB1FBF7F0FF
:1005E00007FB1015110C41EA054100FB0EF58D4289
:1005F00004FA03F408D91CEB010100F1FF382FD2F3
:100600008D422DD902386144491B92B2B1FBF7F5F6
:1006100007FB151142EA014205FB0EF1914208D990
:100620001CEB020205F1FF3816D2914214D9023DAB
:100630006244521A45EA004138E73146304608E73D
:100640003946E6E61046FBE64845A9D2B9EB020872
:1006500065EB0C0E013BA3E74546EAE72B4694E722
:100660004046D1E7D0467BE7023D624432E7084688
:100670000AE76444023842E7704700BF10B50446F9
:100680000E4B1A784FF47A73B3FBF2F30C4A1068EE
:10069000B0FBF3F000F0AEF868B90F2C01D90120DF
:1006A0000AE0002221464FF0FF3000F05DF8034BD6
:1006B0005C60002000E0012010BD00BF00000020B1
:1006C0000C00002008B50B4B1A6842F400721A6047
:1006D0001A6842F480621A601A6842F480721A60E2
:1006E000032000F02FF80020FFF7C8FF06F0FEFF00
:1006F000002008BD003C0240034A1168034B1B78F0
:100700000B441360704700BF7C00002000000020F5
:10071000014B1868704700BF7C00002038B50446C4
:10072000FFF7F6FF0546B4F1FF3F02D0044B1B78FC
:100730001C44FFF7EDFF401BA042FAD338BD00BFB9
:1007400000000020074AD36823F4E0631B041B0C5D
:10075000000200F4E060034343F0BF6343F400335E
:10076000D360704700ED00E000B5194BDB68C3F3C0
:100770000223C3F1070CBCF1040F28BF4FF0040C97
:1007800003F1040EBEF1060F18D9033B4FF0FF3EF4
:100790000EFA0CFC21EA0C0199400EFA03FE22EA43
:1007A0000E020A4300280BDB1201D2B200F16040B6
:1007B00000F5614080F800235DF804FB0023E5E7C5
:1007C00000F00F001201D2B2024B1A54F4E700BF3E
:1007D00000ED00E014ED00E0002807DB00F01F0250
:1007E000400901239340024A42F82030704700BF7D
:1007F00000E100E00138B0F1807F0BD24FF0E02340
:100800005861054AF02182F82310002098610722E0
:100810001A6170470120704700ED00E030B40568B0
:100820002C6824F480242C60046863608368402B67
:1008300005D0036899600368DA6030BC70470368CC
:100840009A600368D960F8E710B40368D9B2103928
:100850000C4AA2FB014212090B4CA25CC2655F2943
:1008600009D923F47F7323F0030304338365806D78
:100870005DF8044B704723F47F7323F00303836513
:10088000F5E700BFABAAAAAA088B0008836A8269B1
:1008900092B9012B0AD0022B02D00BB10020704775
:1008A000C36A13F0807F28D100207047C36AB3F178
:1008B000C07F24D000207047B2F5005F09D0022B22
:1008C00025D9032B25D1C36A13F0807F23D10020C3
:1008D0007047032B03D8DFE803F01404140A002048
:1008E0007047C36A13F0807F0DD100207047C36A40
:1008F000B3F1C07F09D0002070470120704701206C
:100900007047012070470120704701207047012087
:1009100070470020704701207047000070B5044602
:10092000FFF7F6FE002C53D00546002384F8343040
:10093000022384F835302268136823F00103136022
:1009400023681A6812F0010F0AD0FFF7E1FE431B7B
:10095000022BF5D920236365032084F8350070BD90
:100960001A681C4911406268A0680243E0680243AB
:100970002069024360690243A0690243E0690243BF
:10098000206A02430A431A602668756925F0070544
:10099000636A1D43042B07D1A36A1D43E36A1BB19D
:1009A0002046FFF773FF68B975612046FFF74CFFDB
:1009B000E26D3F239340836000206065012384F84B
:1009C0003530CCE740236365012084F83500C6E765
:1009D0000120C4E73F8010F070B50446FFF798FE91
:1009E000002C5BD00546002384F83430022384F8C1
:1009F00035302268136823F00103136023681A68F6
:100A000012F0010F0AD0FFF783FE431B052BF5D927
:100A100020236365032084F8350070BD1A682049DF
:100A200011406268A0680243E06802432069024303
:100A300060690243A0690243E0690243206A0243FD
:100A40000A43616A04291ED01A602668756925F078
:100A50000705636A1D43042B07D1A36A1D43E36A9C
:100A60001BB12046FFF712FF90B975612046FFF7D2
:100A7000EBFEE26D3F23934083600020606501231D
:100A800084F83530C9E7E16A206B01430A43DBE7AC
:100A900040236365012084F83500BEE70120BCE7F0
:100AA0003F8010F070B50446856D90F83400012841
:100AB00024D0012084F8340094F83500C0B2012815
:100AC00004D0002384F83430022070BD022084F862
:100AD0003500002666652046FFF7A0FEE26D3F2345
:100AE0009340AB602268136843F0160313602268DA
:100AF000136843F0010313603046E6E70220E4E7A1
:100B000070B50446866D3568C26D102393402B4244
:100B10002FD00268126812F0080F1DD0B36003686E
:100B20001A6812F4802F0BD01B6813F4002F03D126
:100B3000036C8BB198470FE0836C6BB198470BE067
:100B40001A6812F4807F03D11A6822F008021A6032
:100B5000236C0BB1204698473B4B5B684BB903F1C4
:100B6000804303F502334FF080429A61364B0122F5
:100B70005A74E26D202393402B4260D022681268A1
:100B800012F0100F4FD0B36094F83530DBB2052B64
:100B90000ED023681A6812F4802F32D01B6813F429
:100BA000002F29D1636C002B3DD0204698473AE0B6
:100BB0002268136823F0160313602268536923F038
:100BC00080035361236C9BB12268136823F00803F0
:100BD0001360E26D3F239340B360002384F8343008
:100BE000012384F83530236D4BB32046984726E027
:100BF000A36C002BE8D1ECE7E36BA3B12046984748
:100C000011E01A6812F4807F09D11A6822F01002EC
:100C10001A60002384F83430012384F83530E36B04
:100C20000BB120469847084B5B7C012B08D1064B43
:100C300000225A741A74054A13680133136070BD98
:100C400006F0D2FCF7E700BFC01F0020A03E022044
:100C500010B5826D11682023C46DA3400B425AD099
:100C60003E4B1021996103681B6813F0100F4ED0A2
:100C7000C16D20238B40936090F83530DBB2052B9B
:100C80000DD003681A6812F4802F2FD01B6813F45C
:100C9000002F27D1436C002B39D0984737E00168EB
:100CA0000B6823F016030B6001684B6923F0800387
:100CB0004B61036C93B101680B6823F008030B6070
:100CC000C16D3F238B409360002380F834300123B3
:100CD00080F83530036DF3B198471CE0836C002B2E
:100CE000E9D1EDE7C36B93B1984710E01A6812F4AD
:100CF000807F09D11A6822F010021A60002380F860
:100D00003430012380F83530C36B03B19847144B5E
:100D10001B78012B00D010BD124B1878122811D966
:100D200003F0B2FA104B02221A700E4B00221A7016
:100D30004FF4AC710D4806F07BFC0D4A136801338B
:100D40001360E8E703F0A0FA03F056FA054C2078A8
:100D500003F02CFA237801332370DCE70000024013
:100D6000601B0020611B0020BA1F0020001C002017
:100D7000B01F002038B5846D2268C16D08238B40F8
:100D8000134210D00368196811F0040F0BD01968D2
:100D900021F004011960C16D08238B40A360436DED
:100DA00043F001034365C16D20238B40134266D09D
:100DB0000268126812F0100F4CD0A36090F8353022
:100DC000DBB2052B0DD003681A6812F4802F30D0E7
:100DD0001B6813F4002F28D1436C002B3AD098479E
:100DE00038E00268136823F0160313600268536941
:100DF00023F080035361036C9BB10268136823F0F6
:100E000008031360C26D3F239340A360002380F862
:100E10003430012380F83530036D002B2FD09847F4
:100E20002DE0836C002BE8D1ECE7C36B93B19847BE
:100E300010E01A6812F4807F09D11A6822F01002BB
:100E40001A60002380F83430012380F83530C36BFA
:100E500003B19847184B1B78012B11D0174B4FF457
:100E600000429A61164B01221A7003F09DFF06F0B2
:100E700013F803F0C1F9134B187803F097F938BD54
:100E80000D4B00221A7001230F4A13700C4A137085
:100E90000A4A93610D4D29460D4803F071FD0D4C32
:100EA0000D4B22462946072003F084FD204603F01F
:100EB00083FE05F099FEE2E7BB1F00200000024020
:100EC000BE1F0020611B0020BD1F0020BC1B002096
:100ED000651B0020C81B0020941B002000230F2B43
:100EE00000F2BD80F0B583B09DE085685E0003240C
:100EF000B44025EA0405CC68B4402C4384604468BF
:100F000024EA02044A68C2F300129A402243426073
:100F1000C5684FEA430E032202FA0EF2D44325EAD3
:100F200002058A6802FA0EF22A43C2604A68022A5F
:100F300001D0122A0FD1DD08083550F8257003F0D2
:100F40000706B6000F22B24027EA02070A69B2403C
:100F50003A4340F82520026814404A6802F0030230
:100F600002FA0EF2224302604A6812F0805F57D004
:100F7000002201923A4A546C44F480445464526C06
:100F800002F480420192019A9C08A51C354A52F84D
:100F9000256003F00305AD000F22AA4026EA0206F1
:100FA000314A904255D002F58062904253D002F50A
:100FB000806290424BD00722AA4032430234294D2E
:100FC00045F82420294A14686FEA0C0224EA0C052B
:100FD0004E6816F4803F01D04CEA0405234C25608E
:100FE000646802EA04054E6816F4003F01D04CEA3A
:100FF00004051E4C6560A46802EA04054E6816F4F8
:10100000801F01D04CEA0405184CA560E46822401A
:101010004D6815F4001F01D04CEA0402134CE26045
:1010200001330F2B19D801229A400C6804EA020CF4
:1010300032EA0404F4D14C68651E012D7FF655AFE9
:10104000112C3FF452AF122C7FF462AF4DE7022215
:10105000B2E70022B0E70122AEE703B0F0BD70476F
:10106000003802400038014000000240003C0140CE
:101070007047000008B5054B5B69034200D108BD0D
:10108000024B5861FFF7F4FFF9E700BF003C014055
:1010900003685A6912F4806F01D1002070476FF421
:1010A00080625A6100230363202280F83D2080F88B
:1010B0003E30026C42F00402026480F83C300120B1
:1010C00070472DE9F04107460D4690461E4624E044
:1010D000FFF71EFB069BC01AB04200D8EEB90023F2
:1010E0003B63202287F83D2087F83E303A6C42F07F
:1010F00020023A6487F83C3001201EE03B689C697E
:1011000025EA040C1FFA8CFCBCFA8CFC4FEA5C1C30
:10111000E04511D1B6F1FF3FDAD1C5F30743012B0A
:10112000ECD13B685B6925EA030C1FFA8CFCBCFA26
:101130008CFC4FEA5C1CEBE70020BDE8F0812DE958
:10114000F04105460E46174698463DE01A6842F4BF
:1011500000721A602B686FF480625A6100232B635F
:10116000202285F83D2085F83E302A6C42F00402AA
:101170002A6485F83C30012034E0FFF7C9FAA0EB7F
:101180000800B84200D8FFB900232B63202285F85D
:101190003D2085F83E302A6C42F020022A6485F812
:1011A0003C3001201EE02B689C6926EA0404A4B2AE
:1011B000003C18BF0124A4B12B685A6912F4806F57
:1011C000C4D1B7F1FF3FD8D1C6F30743012BEAD111
:1011D0002B685C6926EA0404A4B2003C18BF012411
:1011E000E9E70020BDE8F08170B504460D461646DB
:1011F00023685B6913F0800F1CD12046FFF748FF7E
:10120000D0B9B5F1FF3FF3D0FFF782FA801BA842B7
:1012100001D8002DECD100232363202284F83D2047
:1012200084F83E30226C42F02002226484F83C3084
:10123000012000E0002070BD0120FCE72DE9F04313
:1012400085B004460D4691461F46DDF830800D9E60
:101250000368196841F480711960009643460022C2
:101260004FF00111FFF72DFF60B9236805F0FE056F
:101270001D613346424626492046FFF760FF68B1AC
:10128000012008E023681B6813F4807F02D04FF42C
:1012900000732364032005B0BDE8F08300230393AB
:1012A00023685A6903929B690393039B3246414624
:1012B0002046FFF799FF30B9012F0FD123685FFA5D
:1012C00089F61E61E7E7236C042B01D00120E2E7D9
:1012D0002268136843F400731360F7E723684FEA4A
:1012E00019221A61324641462046FFF77DFF20B998
:1012F00023685FFA89F61E61CDE7236C042B01D0C9
:101300000120C8E72268136843F400731360F7E70D
:10131000020001002DE9F04784B004460D46164650
:1013200099460C9FDDF834800268136843F48063AB
:1013300013600368196841F480711960CDF800806A
:101340003B4600224FF00111FFF7BBFE70B95FFA78
:1013500085FA236805F0FE051D6143463A4641497A
:101360002046FFF7ECFE68B1012008E023681B6807
:1013700013F4807F02D04FF400732364032004B081
:10138000BDE8F0870023039323685A6903929B69A1
:101390000393039B424639462046FFF725FF80B959
:1013A000B9F1010F18D12368F6B21E6142463946E1
:1013B0002046FFF719FF68B3236C042B24D00120CB
:1013C000DDE7236C042B01D00120D8E722681368E5
:1013D00043F400731360F7E72368320A1A61424648
:1013E00039462046FFF700FF18B92368F6B21E61A0
:1013F000DCE7236C042B01D00120C0E722681368CE
:1014000043F400731360F7E72268136843F4007332
:101410001360D4E72268136843F480731360CDF837
:1014200000803B4600224FF001112046FFF749FEA5
:1014300068B922684AF00103136143463A460949F4
:101440002046FFF77CFE002899D0012097E723680B
:101450001B6813F4807F02D04FF4007323640320D1
:101460008DE700BF0200010070B504460D46164628
:1014700023685B6913F0040F1CD12046FFF708FEB8
:10148000D0B9B5F1FF3FF3D0FFF742F9801BA84276
:1014900001D8002DECD100232363202284F83D20C5
:1014A00084F83E30226C42F02002226484F83C3002
:1014B000012000E0002070BD0120FCE770B505466A
:1014C0000C4616462B68596911F0400F29D159690D
:1014D00011F0100F15D1FFF71BF9801BA04201D8A6
:1014E000002CEFD100232B63202285F83D2085F8C6
:1014F0003E302A6C42F020022A6485F83C300120FC
:1015000070BD6FF010025A6100232B63202285F812
:101510003D2085F83E302A6C2A6485F83C30012055
:10152000EEE70020ECE70000002800F0CC8070B56A
:10153000044690F83D30002B77D0242384F83D30CA
:101540002268136823F0010313602268136843F4D0
:10155000004313602268136823F40043136000F013
:1015600009FC62685A4B9A4264D85A4B98428CBF25
:1015700000230123002B40F0A8805749A1FB003134
:101580008B0C25686A6822F03F0242EA91426A6049
:1015900021680A6A22F03F0266684D4DAE424FD87C
:1015A000013313430B622168CA6922F44F4222F0CF
:1015B000FF026568464B9D424CD8431E6D00B3FB4D
:1015C000F5F3013340F6FC70034278D0C3F30B030C
:1015D0001A43CA6121680B6823F0C003E269206ADC
:1015E000024313430B6021688B6823F4034323F009
:1015F000FF032269E068024313438B602168CB68D4
:1016000023F0FF036269A06902431343CB602268A1
:10161000136843F00103136000202064202384F842
:101620003D30206384F83E0070BD80F83C3006F009
:1016300079F882E7294B98428CBF0023012399E770
:101640004FF4967505FB03F3254DA5FB03539B094A
:101650000133A6E7A668BEB9431E05EB450CB3FBF4
:10166000FCF30133C3F30B03B3FA83F35B0943BB0E
:10167000C6B9431E05EB4505B3FBF5F30133C3F3D0
:101680000B0343F40043A3E7431E05EB850C0CEB6F
:101690008C0CB3FBFCF30133C3F30B03B3FA83F3FA
:1016A0005B09E4E7431E05EB850505EB8505B3FB08
:1016B000F5F30133C3F30B0343F4404388E70423FA
:1016C00086E7012384E7012070470120ACE700BFD3
:1016D000A08601007F841E0083DE1B43FF083D00BF
:1016E000D34D62102DE9F04383B004460F46904677
:1016F00099460C9EFFF70CF8054694F83D00C0B2E1
:10170000202803D0022003B0BDE8F0830095192300
:1017100001224B492046FFF7D4FC002840F0898085
:1017200094F83C30012B00F08680012384F83C3093
:1017300023681A6812F0010F03D11A6842F00102FF
:101740001A602268136823F400631360212384F86D
:101750003D30402384F83E30002323640A9B6362BB
:10176000BDF82C306385638D2385364BE36201958C
:1017700000964B46424639462046FFF75FFD00285B
:101780005BD1238D002B35D02A4631462046FFF70A
:101790002BFD20BB626A236812781A61626A531CAF
:1017A0006362218D013989B22185638D9BB2013B32
:1017B0009BB263852368586910F0040FE1D00029BB
:1017C000DFD052781A61636A01336362238D013B73
:1017D0002385638D9BB2013B9BB26385D1E7236C6C
:1017E000042B01D001208EE72268136843F40073B4
:1017F0001360F7E72A4631462046FFF735FE50B121
:10180000236C042B01D001207DE72268136843F488
:1018100000731360F7E72268136843F400731360E2
:10182000202384F83D30002384F83E3084F83C3097
:1018300069E7022067E7022065E7012063E700BF50
:10184000020010000000FFFF2DE9F04387B00446BE
:101850000F4690469946109EFEF75AFF054694F8AB
:101860003D00C0B2202804D00227384607B0BDE8AA
:10187000F08300951923012288492046FFF721FCB7
:10188000002840F0438194F83C30012B00F0408167
:10189000012384F83C3023681A6812F0010F03D149
:1018A0001A6842F001021A602268136823F4006388
:1018B0001360222384F83D30402384F83E30002317
:1018C00023640E9B6362BDF83C306385638D238582
:1018D000734BE362019500964B46424639462046DB
:1018E000FFF718FD0746002840F01481238D5BB9EF
:1018F000029323685A6902929A690292029A1A68BC
:1019000042F400721A6075E0012B0AD0022B1AD043
:101910000023059323685A6905929B690593059BEB
:1019200068E02268136823F4806313600023039344
:1019300023685A6903929A690392039A1A6842F4D7
:1019400000721A6056E02268136823F48063136003
:101950002268136843F40063136000230493236830
:101960005A6904929B690493049B43E02A463146DA
:101970002046FFF7A3FD002840F0CE8023681A69B7
:10198000636A1A70636A01336362238D013B2385A6
:10199000638D9BB2013B9BB263852BE00095334680
:1019A000002240492046FFF78CFB002840F0B6801B
:1019B0002268136843F40073136023681A69636A2A
:1019C0001A70626A531C6362238D013B2385638D09
:1019D0009BB2013B9BB2638523681B695370636AAA
:1019E00001336362238D013B2385638D9BB2013BF1
:1019F0009BB26385238D002B7FD0032B54D8012B02
:101A0000B4D0022BCAD00095334600222549204687
:101A1000FFF757FB002840F083802268136823F407
:101A20008063136023681A69636A1A70636A0133FA
:101A30006362238D013B2385638D9BB2013B9BB287
:101A4000638500953346002216492046FFF739FB8F
:101A5000002867D12268136843F400731360236879
:101A60001A69636A1A70626A531C6362238D013BB0
:101A70002385638D9BB2013B9BB2638523681B6901
:101A80005370636A01336362238D013B2385638D49
:101A90009BB2013B9BB26385ACE700BF0200100024
:101AA0000000FFFF040001002A4631462046FFF7F0
:101AB00005FD002838D123681A69636A1A70626AC2
:101AC000531C6362238D013B2385638D9BB2013BD5
:101AD0009BB263852368596911F0040F8AD01B6992
:101AE0005370636A01336362238D013B2385638DE9
:101AF0009BB2013B9BB263857CE7202384F83D3099
:101B0000002384F83E3084F83C30AEE60227ACE691
:101B10000227AAE60127A8E60127A6E60127A4E6F0
:101B20000127A2E60127A0E601279EE608B5334B70
:101B30009B6803F00C03042B5BD0082B5BD12F4B6D
:101B40005A6802F03F025B6813F4800F2CD02B4BD5
:101B50005868C0F388104FEA401CBCEB000C6EEBD9
:101B60000E0E4FEA8E1343EA9C634FEA8C11B1EBE1
:101B70000C0163EB0E03DB0043EA5173C90011EB68
:101B8000000C43F10003190200234FEA0C2041EA44
:101B90001C61FEF7F5FB194B5B68C3F3014301338E
:101BA0005B00B0FBF3F027E0144B5868C0F38810DB
:101BB0004FEA401CBCEB000C6EEB0E0E4FEA8E138E
:101BC00043EA9C634FEA8C11B1EB0C0163EB0E030B
:101BD000DB0043EA5173C90011EB000C43F1000331
:101BE000990200234FEA8C2041EA9C51FEF7C8FB82
:101BF000D1E7034800E0034808BD00BF00380240B9
:101C000000093D000024F400002800F09B8070B51E
:101C10000D4604464F4B1B6803F00F038B4208D25E
:101C2000CBB24C4A1370136803F00F038B4240F0A1
:101C30008B80236813F0020F17D013F0040F04D029
:101C4000454A936843F4E0539360236813F0080F08
:101C500004D0414A936843F4604393603E4A9368DA
:101C600023F0F003A1680B439360236813F0010F86
:101C700032D06368012B21D09A1E012A25D9364A19
:101C8000126812F0020F61D033498A6822F0030211
:101C900013438B60FEF73CFD06462F4B9B6803F019
:101CA0000C036268B3EB820F16D0FEF731FD801B88
:101CB00041F288339842F0D9032042E0264A126864
:101CC00012F4003FE0D101203BE0234A126812F0F9
:101CD000007FD9D1012034E01E4B1B6803F00F03B5
:101CE000AB4207D9EAB21B4B1A701B6803F00F0313
:101CF000AB422DD1236813F0040F06D0164A936827
:101D000023F4E053E1680B439360236813F0080F5A
:101D100007D0114A936823F46043216943EAC10361
:101D20009360FFF703FF0C4B9B68C3F303130B4A4D
:101D3000D35CD8400A4B18600A4B1868FEF79EFC2B
:101D4000002070BD012070470120FAE70120F8E76C
:101D50000120F6E7003C02400038024050940008A1
:101D60000C00002004000020014B1868704700BFE1
:101D70000C00002008B5FFF7F7FF044B9B68C3F386
:101D80008223034AD35CD84008BD00BF003802401C
:101D90006094000808B5FFF7E7FF044B9B68C3F3A6
:101DA0004233034AD35CD84008BD00BF003802402C
:101DB0006094000870B582B00446036813F0010F08
:101DC0003BD09F4B9B6803F00C03042B2CD09C4B07
:101DD0009B6803F00C03082B21D06368B3F5803FA8
:101DE0004FD0B3F5A02F52D0954B1A6822F4803211
:101DF0001A601A6822F480221A606368002B50D09F
:101E0000FEF786FC05468E4B1B6813F4003F14D189
:101E1000FEF77EFC401B6428F5D903208BE1884B3C
:101E20005B6813F4800FD8D0854B1B6813F4003F18
:101E300003D06368002B00F07981236813F0020F50
:101E400054D07F4B9B6813F00C0F3ED07C4B9B68AB
:101E500003F00C03082B33D0E368002B68D0794BD8
:101E600001221A60FEF754FC0546754B1B6813F0FF
:101E7000020F54D1FEF74CFC401B0228F5D9032079
:101E800059E16F4A136843F480331360B5E76C4B34
:101E90001A6842F480221A601A6842F480321A608A
:101EA000ABE7FEF735FC0546654B1B6813F4003FB6
:101EB000C3D0FEF72DFC401B6428F5D903203AE17E
:101EC0005F4B5B6813F4800FC6D15D4B1B6813F04A
:101ED000020F03D0E368012B40F02A81584A1368AF
:101EE00023F0F803216943EAC1031360236813F068
:101EF000080F42D063696BB3524B0122C3F8802EA6
:101F0000FEF706FC05464E4B5B6F13F0020F34D113
:101F1000FEF7FEFB401B0228F5D903200BE1484ADF
:101F2000136823F0F803216943EAC1031360DDE776
:101F3000444B00221A60FEF7EBFB0546404B1B6842
:101F400013F0020FD2D0FEF7E3FB401B0228F5D9B5
:101F50000320F0E03B4B0022C3F8802EFEF7D8FBB5
:101F60000546374B5B6F13F0020F06D0FEF7D0FB30
:101F7000401B0228F5D90320DDE0236813F0040F8D
:101F800076D02F4B1B6C13F0805F33D1002301936D
:101F90002B4B1A6C42F080521A641B6C03F0805376
:101FA0000193019B0125284B1B6813F4807F23D0EC
:101FB000A368012B34D0052B38D0214B1A6F22F0A7
:101FC00001021A671A6F22F004021A67A368002B35
:101FD0003CD0FEF79DFB0646194B1B6F13F0020F1A
:101FE00045D1FEF795FB801B41F288339842F3D927
:101FF0000320A0E00025D6E7134A136843F480735A
:102000001360FEF785FB06460F4B1B6813F4807FB9
:10201000CED1FEF77DFB801B0228F5D903208AE094
:10202000074A136F43F001031367CFE7044B1A6F9E
:1020300042F004021A671A6F42F001021A67C5E7FC
:10204000003802400000474200700040FEF760FB8D
:1020500006463B4B1B6F13F0020F08D0FEF758FBF0
:10206000801B41F288339842F3D9032063E0E5B93D
:10207000A369002B5ED0324A926802F00C02082A53
:102080005BD0022B17D02F4B00221A66FEF740FBC5
:1020900004462B4B1B6813F0007F45D0FEF738FB3E
:1020A000001B0228F5D9032045E0254A136C23F0D4
:1020B00080531364DCE7234B00221A66FEF728FBEB
:1020C00005461F4B1B6813F0007F06D0FEF720FB70
:1020D000401B0228F5D903202DE0E369226A13434F
:1020E000626A43EA8213A26A5208013A43EA02434F
:1020F000E26A43EA0263226B43EA0273104A5360C6
:10210000104B01221A66FEF703FB04460C4B1B68BA
:1021100013F0007F06D1FEF7FBFA001B0228F5D969
:10212000032008E0002006E0002004E0012002E097
:10213000012000E0002002B070BD0120FBE700BFDD
:1021400000380240000047422DE9F041064688462B
:1021500017461D463468A46838EA04040CBF0124FD
:102160000024BC4237D0B5F1FF3FF3D0FEF7D0FAE0
:10217000069BC01AA84201D2002DEBD132685368E9
:1021800023F0E00353607368B3F5827F0BD0B36A2A
:10219000B3F5005F14D0012386F85130002386F890
:1021A0005030032018E0B368B3F5004F02D0B3F508
:1021B000806FECD13268136823F040031360E6E7C8
:1021C0003268136823F4005313603268136843F4D1
:1021D00000531360DFE70020BDE8F08110B584B044
:1021E0000446164B1868164BA3FB0030400D4FF405
:1021F0007A7303FB00F003906368B3F5827F0BD022
:10220000039BBBB1039B013B039323689B6813F0C3
:10221000800FF5D100200EE000920B4600228021B5
:102220002046FFF791FF30B1636D43F020036365F3
:10223000032000E0002004B010BD00BF0C0000200F
:10224000819F5E1610B582B004460B464168B1F519
:10225000827F14D06168B1F5827F2AD1A168B1F57F
:10226000806F19D00092002280212046FFF76CFF7A
:1022700030B3636D43F020036365032020E0816881
:10228000B1F5004F02D0B1F5806FE3D1206801684D
:1022900021F040010160DDE700920022012120468B
:1022A000FFF752FF60B1636D43F0200363650320C5
:1022B00006E00092002201212046FFF745FF08B901
:1022C00002B010BD636D43F0200363650320F7E7A0
:1022D00000283BD010B504460023836290F85130AB
:1022E000002B2ED0022384F851302268136823F08B
:1022F000400313606368A2681343E26813432269D2
:10230000134362691343A26902F400721343E26942
:102310001343226A1343A16A22680B431360638B41
:1023200003F00403616A22680B4353602268D36997
:1023300023F40063D36100206065012384F85130E9
:1023400010BD80F8503005F03BFACBE70120704714
:102350002DE9F04383B091461F460A9D8D4B4FF403
:1023600080329A6190F85030012B00F011810446C0
:102370008846012380F85030FEF7CAF9064694F8E3
:102380005130DBB26268012B0AD0B2F5827F40F097
:10239000E380A268002A40F0EB80042B40F0EA8042
:1023A000B8F1000F00F0E880B9F1000F00F0E6800E
:1023B000002F00F0E58094F85130DBB2042B02D0FE
:1023C000052384F8513000236365C4F83890E7870B
:1023D000A787C4F83080E786A786236463642368F0
:1023E0001A6812F0400F03D11A6842F040021A60D6
:1023F000E368B3F5006F11D063680BB1012F0BD107
:10240000226B236812781A73236B01332363E38EE4
:102410009BB2013B9BB2E38601276BE063680BB183
:10242000012F0BD1226B23681288DA60236B0233F1
:102430002363E38E9BB2013B9BB2E38601271CE042
:1024400023689A6812F0010F0ED0E28F92B25AB14F
:10245000DA68A36B1A80A36B0233A363E38F9BB28A
:10246000013B9BB2E3870127FEF752F9801BA8428C
:1024700003D3B5F1FF3F40F08580E38E9BB21BB9DB
:10248000E38F9BB2002B53D023689A6812F0020F9F
:10249000D6D0E28E92B2002AD2D0002FD0D0226BBA
:1024A0001288DA60236B02332363E38E9BB2013B15
:1024B0009BB2E3860027C3E723689A6812F0010FF6
:1024C0000ED0E28F92B25AB1DA68A36B1A70A36B86
:1024D0000133A363E38F9BB2013B9BB2E3870127E8
:1024E000FEF716F9831BAB4202D3B5F1FF3F4BD188
:1024F000002D4BD0E38E9BB213B9E38F9BB2BBB1DF
:1025000023689A6812F0020FD6D0E28E92B2002AA7
:10251000D2D0002FD0D0226B12781A73236B0133E4
:102520002363E38E9BB2013B9BB2E3860027C3E7A4
:10253000324629462046FFF751FE48B9A36863B9E1
:1025400001932368DA6801929B680193019B04E080
:1025500020236365012000E00220012384F851302C
:10256000002284F850200B4A936103B0BDE8F08349
:102570000220F2E70220F0E70120EEE70120ECE77D
:102580000120EAE70320E8E70320E6E70320E4E789
:102590000220EAE7000002402DE9F04383B01F4625
:1025A0000A9D90F85030012B00F0108104468846B7
:1025B0009146012380F85030FEF7AAF8064694F8B9
:1025C0005130DBB26268012B0AD0B2F5827F40F055
:1025D000E380A268002A40F0E980042B40F0E88004
:1025E000B8F1000F00F0E680B9F1000F00F0E480D0
:1025F000002F00F0E38094F85130DBB2042B02D0BE
:10260000052384F8513000236365C4F83890E787C8
:10261000A787C4F83080E786A786236463642368AD
:102620001A6812F0400F03D11A6842F040021A6093
:10263000E368B3F5006F11D063680BB1012F0BD1C4
:10264000226B236812781A73236B01332363E38EA2
:102650009BB2013B9BB2E38601276BE063680BB141
:10266000012F0BD1226B23681288DA60236B0233AF
:102670002363E38E9BB2013B9BB2E38601271CE000
:1026800023689A6812F0010F0ED0E28F92B25AB10D
:10269000DA68A36B1A80A36B0233A363E38F9BB248
:1026A000013B9BB2E3870127FEF732F8801BA8426B
:1026B00003D3B5F1FF3F40F08380E38E9BB21BB99B
:1026C000E38F9BB2002B53D023689A6812F0020F5D
:1026D000D6D0E28E92B2002AD2D0002FD0D0226B78
:1026E0001288DA60236B02332363E38E9BB2013BD3
:1026F0009BB2E3860027C3E723689A6812F0010FB4
:102700000ED0E28F92B25AB1DA68A36B1A70A36B43
:102710000133A363E38F9BB2013B9BB2E3870127A5
:10272000FDF7F6FF831BAB4202D3B5F1FF3F49D162
:10273000002D49D0E38E9BB213B9E38F9BB2BBB19E
:1027400023689A6812F0020FD6D0E28E92B2002A65
:10275000D2D0002FD0D0226B12781A73236B0133A2
:102760002363E38E9BB2013B9BB2E3860027C3E762
:10277000324629462046FFF731FD48B9A36863B9C0
:1027800001932368DA6801929B680193019B04E03E
:1027900020236365012000E00220012384F85130EA
:1027A000002384F8503003B0BDE8F0830220F4E742
:1027B0000220F2E70120F0E70120EEE70120ECE73C
:1027C0000320EAE70320E8E70320E6E70220EAE740
:1027D0002DE9F04383B00446884691461D46406883
:1027E000B0F5827F38D094F85030012B00F0A980EA
:1027F000012384F85030FDF78BFF074694F85160B1
:10280000F6B2012E40F08A80B8F1000F00F0878008
:10281000B9F1000F00F08380042384F851300023C5
:102820006365C4F83880A4F83C90A4F83E90236314
:10283000A386E38623646364A368B3F5004F19D0CD
:1028400023681A6812F0400F03D11A6842F0400260
:102850001A60E368F3B13CE0A368002BC3D1042302
:1028600084F85130009513460A462046FFF794FE3F
:1028700006465AE02268136823F480431360DFE7BA
:10288000FDF746FFC01BA84202D3B5F1FF3F50D170
:10289000002D50D0E38F9BB2002B33D023689A6871
:1028A00012F0010FECD0A26B1B7B1370A36B0133F2
:1028B000A363E38F9BB2013B9BB2E387EAE7FDF79B
:1028C00027FFC01BA84202D3B5F1FF3F35D1002D31
:1028D00035D0E38F9BB2ABB123689A6812F0010F39
:1028E000EDD0DA68A36B1A80A36B0233A363B4F84C
:1028F0003EC01FFA8CFC0CF1FF3C1FFA8CFCA4F8C4
:102900003EC0E6E73A4629462046FFF79BFC08B161
:1029100020236365636D13B9002600E002260123BE
:1029200084F85130002384F85030304603B0BDE8BD
:10293000F0830326F3E70326F1E70326EFE70326F8
:10294000EDE70226F1E7000038B590F85030012B92
:102950005CD00446012380F8503090F85150EDB21D
:102960009D424DD100294CD0002A4AD0032380F843
:1029700051300023436501638286C28683634364CA
:1029800003648387C3878368B3F5004F2AD0A36CA1
:102990001F4A1A64A36C1F4ADA63A36C1E4ADA64E6
:1029A000A36C00221A652268E38E9BB20C32216B65
:1029B000A06CFEF777F80146D0B923681A6812F0C8
:1029C000400F03D11A6842F040021A60226853682F
:1029D00043F0200353602268536843F002035360BE
:1029E0000D460EE00268136843F480431360CEE79F
:1029F000636D43F010036365012384F8513000E0F8
:102A00000225002384F85030284638BD0225FBE714
:102A1000032E0008492E0008272E000838B504466A
:102A200090F85000012800F09280012084F85000B6
:102A300094F85100C0B26568012807D0B5F5827FCF
:102A40007CD1A568002D7ED104287ED194F8510058
:102A5000C0B2042802D0052084F85100002060652F
:102A60002163A386E386A263A387E387206460646F
:102A700094F85130DBB2042B1CD0E36C354A1A6455
:102A8000E36C354ADA63E36C344ADA64E36C0022BF
:102A90001A652168E38F9BB2A26B0C31E06CFEF7E4
:102AA00001F870B1636D43F010036365012084F891
:102AB000510044E0E36C2A4A1A64E36C294ADA6361
:102AC000E1E72268536843F001035360A26C0023DE
:102AD0001364A26CD363A26CD364A26C13652268E6
:102AE000E38E9BB20C32216BA06CFDF7DBFFE8B9E3
:102AF00023681A6812F0400F03D11A6842F04002AE
:102B00001A602268536843F020035360164B012279
:102B10001A70164B00221A70154B4FF480329A61CE
:102B20002268536843F00203536008E0636D43F08A
:102B300010036365012084F8510000E002200023A7
:102B400084F8503038BD0220F9E70220F7E7022070
:102B5000F8E700BF1B2E0008072F0008272E0008EB
:102B60000F2E0008B12E0008BB1F0020BE1F002042
:102B70000000024038B5044690F85000012800F0EB
:102B80008C80012084F8500094F85100C0B2656830
:102B9000012807D0B5F5827F76D1A568002D78D1C0
:102BA000042878D194F85100C0B2042802D005203E
:102BB00084F85100002060652163A386E386A26348
:102BC000A387E3872064606494F85130DBB2042B60
:102BD0001CD0E36C324A1A64E36C324ADA63E36C69
:102BE000314ADA64E36C00221A652168E38F9BB2F4
:102BF000A26B0C31E06CFDF755FF70B1636D43F0D3
:102C000010036365012084F851003EE0E36C274A1D
:102C10001A64E36C264ADA63E1E72268536843F0FA
:102C200001035360A26C00231364A26CD363A26CF3
:102C3000D364A26C13652268E38E9BB20C32216BC5
:102C4000A06CFDF72FFFB8B923681A6812F0400F87
:102C500003D11A6842F040021A602268536843F0B8
:102C600020035360134B4FF000429A61226853686F
:102C700043F00203536008E0636D43F010036365A3
:102C8000012084F8510000E00220002384F8503035
:102C900038BD0220F9E70220F7E70220F8E700BF7D
:102CA0001B2E0008072F0008272E00080F2E0008F3
:102CB000B12E00080000024038B5044690F85000DC
:102CC000012800F08C80012084F8500094F8510015
:102CD000C0B26568012807D0B5F5827F76D1A568B6
:102CE000002D78D1042878D194F85100C0B204287E
:102CF00002D0052084F85100002060652163A3867E
:102D0000E386A263A387E3872064606494F851306C
:102D1000DBB2042B1CD0E36C324A1A64E36C324AF7
:102D2000DA63E36C314ADA64E36C00221A652168E5
:102D3000E38F9BB2A26B0C31E06CFDF7B3FE70B178
:102D4000636D43F010036365012084F851003EE099
:102D5000E36C274A1A64E36C264ADA63E1E72268E7
:102D6000536843F001035360A26C00231364A26C08
:102D7000D363A26CD364A26C13652268E38E9BB20A
:102D80000C32216BA06CFDF78DFEB8B923681A6870
:102D900012F0400F03D11A6842F040021A60226814
:102DA000536843F020035360134B4FF480129A6131
:102DB0002268536843F00203536008E0636D43F0F8
:102DC00010036365012084F8510000E00220002315
:102DD00084F8503038BD0220F9E70220F7E70220DE
:102DE000F8E700BF1B2E0008072F0008272E000859
:102DF0000F2E0008B12E00080000024070477047F7
:102E0000704708B5806BFFF7FBFF08BD704708B53A
:102E1000806BFFF7FBFF08BD704708B5806BFFF7BD
:102E2000FBFF08BD704708B5806B0268536823F04C
:102E300003035360436D43F010034365012380F89F
:102E40005130FFF7EFFF08BD00B583B0836B026818
:102E5000126812F4807F19D119684A6822F02002A2
:102E60004A6019684A6822F002024A609A6832B9D8
:102E700001921A68D168019192680192019A002228
:102E8000DA86012283F851205A6D32B91A68074B4D
:102E90009A4206D003B05DF804FB1846FFF7C2FF64
:102EA000F8E70A2004F0EEF9F4E700BF003800402C
:102EB00038B50546846BFDF72BFC2B681B6813F4B3
:102EC000807F18D1024621684B6823F020034B60B5
:102ED00021684B6823F003034B6064212046FFF711
:102EE000B1F908B1202363650023E387012384F847
:102EF0005130636D1BB92046FFF780FF38BD204677
:102F0000FFF790FFFAE738B50546846BFDF700FC44
:102F10002B681B6813F4807F1BD1024621684B6825
:102F200023F020034B6064212046FFF757F918B1C6
:102F3000636D43F0200363652268536823F0030345
:102F400053600023E386E387012384F85130636DE7
:102F50001BB92046FFF753FF38BD2046FFF762FF3D
:102F6000FAE710B4036A046A24F001040462846975
:102F700024F0F00C4CEA021223F00A030B438261A6
:102F800003625DF8044B704710B4036A23F010032A
:102F900003628469036A24F4704C4CEA023223F021
:102FA000A00343EA0113826103625DF8044B70479A
:102FB000836823F070030B4343F00703836070477B
:102FC0000268D36843F00103D3600268936803F09A
:102FD0000703062B03D0136843F00103136000209E
:102FE00070477047704770477047704710B5044688
:102FF00003681A6912F0020F11D0DA6812F0020F9A
:103000000DD06FF002021A610123037703689B69F8
:1030100013F0030F70D0FFF7E6FF00232377236838
:103020001A6912F0040F12D0DA6812F0040F0ED0F1
:103030006FF004021A610223237723689B6913F45B
:10304000407F5FD02046FFF7CEFF00232377236821
:103050001A6912F0080F12D0DA6812F0080F0ED0B9
:103060006FF008021A61042323772368DB6913F0E9
:10307000030F4ED02046FFF7B6FF002323772368C7
:103080001A6912F0100F12D0DA6812F0100F0ED079
:103090006FF010021A61082323772368DB6913F4A9
:1030A000407F3DD02046FFF79EFF00232377236813
:1030B0001A6912F0010F03D0DA6812F0010F36D14D
:1030C00023681A6912F0800F03D0DA6812F0800FBB
:1030D00034D123681A6912F0400F03D0DA6812F075
:1030E000400F32D123681A6912F0200F03D0DA683A
:1030F00012F0200F30D110BDFFF774FF2046FFF70C
:1031000073FF8AE72046FFF76DFF2046FFF76CFF4D
:103110009BE72046FFF766FF2046FFF765FFACE719
:103120002046FFF75FFF2046FFF75EFFBDE76FF029
:1031300001021A612046FFF754FFC1E76FF08002D9
:103140001A61204600F04FF9C3E76FF040021A61A0
:103150002046FFF74AFFC5E76FF020021A612046BC
:1031600000F040F9C7E700000368304A904212D0EF
:10317000B0F1804F0FD0A2F57C4290420BD002F507
:103180008062904207D002F58062904203D002F53F
:103190007842904203D123F070034A681343234AD4
:1031A00090422AD0B0F1804F27D0A2F57C429042C5
:1031B00023D002F5806290421FD002F580629042D7
:1031C0001BD002F57842904217D002F5705290421F
:1031D00013D002F5806290420FD002F580629042D7
:1031E0000BD0A2F59832904207D002F5806290424F
:1031F00003D002F58062904203D123F44073CA6881
:10320000134323F080034A69134303608B68C3624E
:103210000B688362054B984203D003F580639842A4
:1032200001D10B6903630123436170470000014032
:10323000B0B110B5044690F83D3063B1022384F874
:103240003D30214651F8040BFFF78EFF012384F82F
:103250003D30002010BD80F83C3004F0E7FBEDE786
:103260000120704710B4846824F47F4C42EA0322A2
:103270000A4342EA0C0282605DF8044B704790F802
:103280003C30012B66D010B50446012380F83C3059
:10329000022380F83D300268936823F47F4323F0D3
:1032A000770393600B68602B40D022D8402B47D027
:1032B0000BD9502B0ED1CA6849680068FFF751FE40
:1032C00050212068FFF774FE04E0202B0CD008D9B1
:1032D000302B09D0012384F83D30002084F83C00D5
:1032E00010BD0BB1102BF5D119462068FFF760FE19
:1032F000F0E7702B0ED0B3F5005FEBD1CB684A68D6
:1033000089680068FFF7AEFF2268936843F4804342
:103310009360DFE7CB684A6889680068FFF7A2FF1F
:103320002268936843F077039360D3E7CA684968DB
:103330000068FFF729FE60212068FFF739FEC9E722
:10334000CA6849680068FFF70CFE40212068FFF753
:103350002FFEBFE70220704790F83C20012A3DD0A5
:1033600010B40346012280F83C20022280F83D2060
:1033700002685068946820F0700C086840EA0C00FD
:1033800050601A68164882421AD0B2F1804F17D0A6
:10339000A0F57C40824213D000F5806082420FD0BD
:1033A00000F5806082420BD000F57840824207D061
:1033B00000F57050824203D0A0F59430824204D1CF
:1033C00024F08004496821439160012283F83D2064
:1033D000002083F83C005DF8044B704702207047E2
:1033E000000001407047704710B504460268136939
:1033F00023F44053C1680B431361836802691A4385
:1034000043691A43C3691A430168CB6823F416431E
:1034100023F00C031343CB600268536923F4407319
:1034200081690B435361C369B3F5004F35D003681D
:10343000604A934200F0918002F58062934200F06E
:103440008C80FEF797FC0021031849411B1841F1BD
:103450000001C90041EA5371DB00181863684FEAA4
:1034600083024FEA937341F10001FCF789FF524A4E
:10347000A2FB00314909642303FB11031B01323312
:10348000A2FB03235B0903F0F00202EB011203F03D
:103490000F03216813448B608AE00368454A934216
:1034A0002FD002F5806293422BD0FEF763FC0023FD
:1034B000021843EB0301121841F10001C90041EA6F
:1034C0005271D200101841F10001626892185B41FC
:1034D000FCF756FF384AA2FB00314909642303FB7D
:1034E0001103DB003233A2FB03235B095A0002F411
:1034F000F87202EB011203F00703216813448B609A
:1035000056E0FEF747FC0023021843EB03011218B4
:1035100041F10001C90041EA5271D200101841F195
:103520000001626892185B41FCF72AFF224AA2FB65
:1035300000314909642303FB1103DB003233A2FB92
:1035400003235B095A0002F4F87202EB011203F044
:103550000703216813448B602AE0FEF71BFC00215F
:10356000031849411B1841F10001C90041EA537198
:10357000DB00181863684FEA83024FEA937341F146
:103580000001FCF7FDFE0C4AA2FB0031490964234F
:1035900003FB11031B013233A2FB03235B0903F07E
:1035A000F00202EB011203F00F03216813448B6059
:1035B00010BD00BF001001401F85EB512DE9F843FD
:1035C00005460F4616469946DDF820802B681C6894
:1035D00037EA04040CBF01240024B4421FD1B8F11F
:1035E000FF3FF3D0B8F1000F05D0FDF791F8A0EB45
:1035F00009004045EAD92A68D36823F4D073D36020
:103600002A68536923F001035361202385F8393078
:1036100085F83A30002385F83830032000E0002098
:10362000BDE8F88358B310B5044690F839300BB3B1
:10363000242384F839302268D36823F40053D360FC
:103640002046FFF7D1FE2268136923F490431361EB
:103650002268536923F02A0353612268D36843F434
:103660000053D3600020E063202384F8393084F8CD
:103670003A3010BD80F8383004F02AFAD8E701203B
:1036800070472DE9F04383B01E4690F83930DBB225
:10369000202B56D104460D469046002955D0002ACD
:1036A00055D090F83830012B53D0012380F83830B2
:1036B0004FF00009C0F83C90212380F83930FDF725
:1036C00027F80746A4F82480A4F8268084F83890C8
:1036D00010E000963B46002280212046FFF76EFF57
:1036E000002838D12B882268C3F30803536023696C
:1036F000CBB90235E38C9BB2BBB1E28C92B2013AFA
:1037000092B2E284A368B3F5805FE2D000963B46B4
:10371000002280212046FFF751FFF0B915F8012B58
:1037200023685A60E6E70135E4E700963B4600224D
:1037300040212046FFF742FF88B9202384F8393022
:1037400000E0022003B0BDE8F0830120FAE7012089
:10375000F8E70220F6E70320F4E70320F2E703206E
:10376000F0E788B110B5044604F030FAE368226847
:1037700043F080031360236962681343A1682268E1
:103780000B435360002010BD012070470368C268DE
:103790001A6000207047000000B585B04FF47A73BE
:1037A000029392B20192009102230246A2210348A1
:1037B000FDF798FF05B05DF804FB00BF941D0020E5
:1037C00000B585B04FF47A73029392B201920091E2
:1037D00002230246A2210348FEF736F805B05DF841
:1037E00004FB00BF941D002010B584B04FF47A7420
:1037F00002949BB20193009202230A4601460348B9
:10380000FEF722F8002004B010BD00BF941D002078
:1038100070B584B04FF4897004F0A6FB04464FF4F1
:10382000897201460020FFF7CBFFB4F90030B3F1F5
:10383000FF3F04D1B4F90230B3F1FF3F4DD03E4D0C
:103840002E684FF48972214606F13C0004F0BCFD5D
:103850004FF4807322464FF40051306800F05EFB55
:103860002868102304F5807242F20101006800F01C
:1038700055FB14B1204604F07FFB012301AA4FF44D
:103880003071A220FFF7B0FF2C4C052322464FF4E5
:103890002071A220FFF7A8FF2378FF2B02D16378C5
:1038A000FF2B31D0254A002313759DF80430537542
:1038B0004FF42071A220FFF797FF012301AA4FF4D4
:1038C0004071A220FFF790FF9DF80430012B2ED00D
:1038D0001A4B00229A7504B070BD204602F086FE95
:1038E000154D28684FF4807322464FF4005100684C
:1038F00000F014FB2868102304F5807242F20101E5
:10390000006800F00BFBB4E7A378FF2BCAD1E37883
:10391000FF2BC7D12379FF2BC4D1094A92E80300BA
:103920002060A1800122227505226275C5E7034B44
:1039300001229A75CFE700BFB41F0020800000204D
:1039400068940008002303614361C360C0F8083431
:10395000704770B504460E460023C0F8003400F0EE
:103960000BFA012812D0A56885B1B5F5806F01DD8D
:103970004FF480653146284600F048FAD4F8003408
:103980002B44C4F80034A3685B1BA360002070BD07
:1039900070B504460E460023C0F8003400F0F6F976
:1039A000012812D0A56885B1B5F5806F01DD4FF40F
:1039B00080653146284600F051FAD4F800342B4493
:1039C000C4F80034A3685B1BA360002070BD002313
:1039D0001A4603E010F803C0624401338B42F9DB5E
:1039E000D0B2704710B41A4B0022A3F80624A3F8F3
:1039F0000824A3F80A241A804FF4806058801A71B2
:103A0000A3F81028A3F80E2483F80C2411490C689D
:103A1000E16841F02001E160A3F81A2CA3F81C2C06
:103A2000A3F81E2CA3F81428A3F8160883F8182866
:103A300003F580518A84A3F8222C83F8202C064BAE
:103A40001A68D36843F02003D3605DF8044B7047D5
:103A5000180A0020701F0020E81D0020454B1B683D
:103A60001968DA6802F0200211F0200F22D00AB3A0
:103A70005968C9B26FF020021A603F4B1B79BBB97D
:103A80003D4B5A8882B1184601230371038800EB2D
:103A9000030C8CF8051001339BB20380C3F30903B8
:103AA0000380013A428005E0334B02221A7101E0A3
:103AB000012B1FD02F4B1B681968DA6802F08002B7
:103AC00011F0800F05D022B12B4A92F80C24012A64
:103AD00026D01968DA6802F0400211F0400F08D0D1
:103AE0003AB16FF040021A60234B93F80C34022B6A
:103AF00033D07047204B5A8872B118461B8800EBB0
:103B0000030C8CF8051001339BB20380C3F3090347
:103B10000380013A4280CDE7174B02221A71C9E7B0
:103B2000154AB2F80E14481CA2F80E04114491F87C
:103B300010145960B2F80E14B2F810289142C8D18E
:103B40000D4A022182F80C14DA6822F08002DA6051
:103B5000DA6842F04002DA60BBE7074B002283F8E4
:103B60000C24A3F81028034B1A68D36823F04003F1
:103B7000D360BEE7701F0020180A00204D4B1B6861
:103B80001968DA6802F0200211F0200F2AD04AB337
:103B90005968C9B26FF020021A60474B93F8183881
:103BA000F3B9454BB3F81628AAB11846012380F89B
:103BB0001838B0F8143800EB030C8CF819180133DE
:103BC0009BB2A0F81438C3F30903A0F81438013AE3
:103BD000A0F8162806E0384B022283F8182801E0E6
:103BE000012B1FD0334B1B681968DA6802F0800282
:103BF00011F0800F05D022B12F4A92F8202C012A13
:103C00002CD01968DA6802F0400211F0400F08D099
:103C10003AB16FF040021A60274B93F8203C022B18
:103C20003AD07047244BB3F8162892B11846B3F82F
:103C3000143800EB030C8CF8191801339BB2A0F870
:103C40001438C3F30903A0F81438013AA0F8162871
:103C5000C8E7194B022283F81828C3E7164AB2F8BE
:103C6000221C481CA2F8220C114491F8241C596013
:103C7000B2F8221C02F58052928C9142C1D10E4AB8
:103C8000022182F8201CDA6822F08002DA60DA6809
:103C900042F04002DA60B4E7074B002283F8202CA0
:103CA00003F580539A84034B1A68D36823F04003CA
:103CB000D360B6E7E81D0020180A0020144B1B79DA
:103CC000012B02D0022B16D07047114A002313712A
:103CD0001388A2F80834B2F80624934204D99B1A38
:103CE0000B4AA2F80A3470479B1A03F58063084A0E
:103CF000A2F80A347047064B00221A71B3F8082460
:103D00001A80B3F80A24C2F580625A80DCE700BF4B
:103D1000180A0020174B93F81838012B02D0022BF9
:103D200018D07047134A002382F81838B2F81438B4
:103D3000A2F81C3CB2F81A2C934204D99B1A0D4AE3
:103D4000A2F81E3C70479B1A03F58063094AA2F84B
:103D50001E3C7047074B002283F81828B3F81C2C30
:103D6000A3F81428B3F81E2CC2F58062A3F8162815
:103D7000D7E700BF180A0020034B93F80C340BB9A7
:103D80000020704701207047180A0020034B93F869
:103D9000203C0BB90020704701207047180A002012
:103DA000064B012283F80C240022A3F80E24044BB6
:103DB0001A68D36843F08003D3607047180A002064
:103DC000701F0020064B012283F8202C0022A3F84C
:103DD000222C044B1A68D36843F08003D3607047E9
:103DE000180A0020E81D002038B50C46064D0A468A
:103DF000014605F5826004F0E7FAB5F810381C4476
:103E0000A5F8104838BD00BF180A0020094A92F8EA
:103E10000C240AB10120704710B50346084600245F
:103E2000044AA2F810481946FFF7DEFFFFF7B8FF73
:103E3000204610BD180A002038B50C46064D0A462B
:103E4000014605F6244004F0BFFA05F58055AB8C19
:103E50001C44AC8438BD00BF180A0020094A92F8FF
:103E6000202C0AB10120704710B5034608460024F3
:103E7000054A94841946FFF7DFFFFFF7A3FF2046AA
:103E800010BD00BF180A0020181A00200F4BB3F80D
:103E90000A34CBB10D4BB3F806241A4452790270A0
:103EA000B3F80624013292B2A3F80624C2F3090241
:103EB000A3F80624B3F80A24013AA3F80A245A887E
:103EC00001325A800020704701207047180A0020F4
:103ED000114BB3F81E3CE3B10F4BB3F81A2C1A4444
:103EE00092F819280270B3F81A2C013292B2A3F892
:103EF0001A2CC2F30902A3F81A2CB3F81E2C013AAB
:103F0000A3F81E2CB3F816280132A3F816280020B7
:103F100070470120704700BF180A002038B51546C9
:103F2000B1F5005F05D042F2010081420FD00020C0
:103F300038BDFF2B22D90AB90020F9E74FF480746D
:103F4000224629460F4804F03FFA2046F0E70F2B9F
:103F500016D90AB90020EBE70B4C1068516892683B
:103F6000EB680FC4094B1B682C686868A968EA688D
:103F70009C61D86119625A621020D9E70020D7E706
:103F80000020D5E7401A0020401B0020B41F00206D
:103F900010B5642003F076F90E4B02229A619A6103
:103FA0004FF400319961996199619A619A614FF476
:103FB000F06003F067F9084C4FF48013A3614FF4ED
:103FC0007A73102205490648FEF702FC1023A3610C
:103FD00010BD00BF0004024000000240501B002042
:103FE000681E002070B5194C1025A5614FF00066C1
:103FF000A661A6614FF40063A3614FF4F06003F083
:1040000041F9A6614FF4F06003F03CF9104B022235
:104010009A619A614FF400319961996199619A614D
:104020009A614FF4F06003F02DF94FF48013A3610F
:104030004FF47A732A4607490748FEF7C9FBA56182
:10404000FFF7A6FFFFF7A4FF70BD00BF000002400E
:1040500000040240501B0020681E002010B50E4BCB
:1040600002229A619A614FF40031996199619961D4
:104070009A619A61052003F005F9084C4FF480130A
:10408000A3614FF47A73102205490648FEF7A0FB9E
:104090001023A361082010BD00040240000002406C
:1040A000501B0020681E00202DE9F0410D461446EB
:1040B0001E463A4B02229A619A614FF4003199618F
:1040C000996199619A619A614FF4F06003F0DAF8AE
:1040D000DFF8D4804FF48013C8F818304FF47A73A7
:1040E000B2B221462E48FEF773FB07461023C8F8EC
:1040F00018304DB1102D41D1002349E06A1CA35C5A
:10410000615DA15463550235B542F7D3254DB4F92D
:104110000010284602F0F4FE2080B4F9021005F1E8
:10412000200002F0EDFE6080B4F9041005F14000BB
:1041300002F0E6FEA080B4F9061005F1600002F07E
:10414000DFFEE080B4F9081005F1800002F0D8FE2F
:104150002081B4F90A1005F1A00002F0D1FE6081BF
:10416000B4F90C1005F1C00002F0CAFEA081B4F948
:104170000E1005F1E00002F0C3FEE0815FB1012006
:10418000BDE8F0815A1CA15CE05CA054E15402330C
:10419000B342F7D3F2E70820F2E700BF0004024081
:1041A000681E0020401A00200000024000B585B0C3
:1041B0000023009301930293039303F1804303F5DB
:1041C000013302229A619A614FF400319961996139
:1041D00099619A619A61052003F054F81023044A0A
:1041E00069460448FEF768FD05B05DF804FB00BFB2
:1041F000501B0020681E002008B51E481E4B03609F
:104200004FF080634360402383600023C3604FF41A
:104210008062026143618361C3614FF400320262D4
:104220004362FCF77BFBF0B9144A124B93649A6328
:104230001348144B03604FF0C06343600023836056
:10424000C3604FF48062026143618361C3614FF4D4
:10425000403202624362FCF761FB38B9074A084BFF
:10426000D3649A6308BD03F08BF9DDE703F088F9A6
:10427000F4E700BFD03A022040640240681E0020EC
:10428000303B0220106402402DE9F04F8FB00390C4
:10429000030116330093934A9D18934C94F8103100
:1042A00094F8111101EB032109B2ADF8241094F830
:1042B000123194F813B10BEB032B0FFA8BFBADF813
:1042C00026B094F8143194F815A10AEB032A0FFADA
:1042D0008AFAADF828A094F8163194F8179109EBF2
:1042E00003290FFA89F9ADF82A9094F8183194F857
:1042F000198108EB03280FFA88F8ADF82C8094F8A0
:104300001A3194F81B7107EB03273FB2ADF82E70FA
:1043100094F81C3194F81D6106EB032636B2ADF813
:10432000306094F81E2194F81F3103EB02231BB276
:104330000193ADF83230204602F0E2FD0290ADF874
:104340001000594604F1200002F0DAFD8346ADF872
:104350001200514604F1400002F0D2FD8246ADF851
:104360001400494604F1600002F0CAFD8146ADF830
:104370001600414604F1800002F0C2FD8046ADF80F
:104380001800394604F1A00002F0BAFD0746ADF866
:104390001A00314604F1C00002F0B2FD0646ADF845
:1043A0001C00019904F1E00002F0AAFDADF81E0026
:1043B0004E4B1B68B3F91810029C621802F50042BC
:1043C000B2F5803F04D289B211FA84F2ADF8102020
:1043D000B3F91A100BEB010202F50042B2F5803F6F
:1043E00004D289B211FA8BFBADF812B0B3F91C10EC
:1043F0000AEB010202F50042B2F5803F04D289B215
:1044000011FA8AFAADF814A0B3F91E1009EB0102F3
:1044100002F50042B2F5803F04D289B211FA89F95F
:10442000ADF81690B3F9201008EB010202F5004236
:10443000B2F5803F04D289B211FA88F8ADF818803D
:10444000B3F922107A1802F50042B2F5803F04D287
:1044500089B211FA87F7ADF81A70B3F924107218FF
:1044600002F50042B2F5803F04D289B211FA86F615
:10447000ADF81C60B3F92620831803F50043B3F5AB
:10448000803F04D292B212FA80F0ADF81E00BDF95E
:104490001030144A00995352BDF912306B80BDF9A7
:1044A0001430AB80BDF91630EB80BDF918302B818C
:1044B000BDF91A306B81BDF91C30AB81BDF91E30DE
:1044C000EB810B4C10222946208800F059FD094B46
:1044D00018802080039B122B00D928820FB0BDE8E2
:1044E000F08F00BF001C0020401A0020B41F0020E5
:1044F000901D0020921D002010B444680A885000CE
:10450000C0EBD400B1F9023000FB03F3002B1FDB3A
:10451000DB12C2EB141202FB02F2002A1BDB1213A5
:10452000B1F9040000FB02F2002A17DB03EBA2330F
:104530004B6203EB830313F1800013D400120D4A86
:10454000934211DB0C4A934210DA5DF8044B70473A
:1045500003F2FF73DCE702F6FF72E0E702F57F5239
:104560003F32E3E7FF30E9E70448EEE742F2341078
:10457000EBE700BF815EF0FF8034210060F0FFFFB9
:104580002DE9F0410C464D6AEB17B5F5FA3543F1CC
:10459000FF3305FB03F2A5FB05E606EB4206B1F986
:1045A00010204FEAE27C0EFB0CFC02FB06CCAEFBBB
:1045B00002729444B1F90E104FEAE17801FB03F264
:1045C00005FB0822A1FB05184244520442EAD132FD
:1045D0004904C9194CEB020CB4F90C200CEBC20CC9
:1045E000B4F90A70FA170EFB02F207FB0622AEFBC3
:1045F00007E73A441646002AC0F2C4804FEA1E2E4E
:104600004EEA066EB4F90820D71702FB03F305FB48
:104610000733A2FB055213441B0343EA15532A0335
:104620001EEB020243EB262303F50043E688A2FBC0
:10463000062506FB03531D46002BC0F2A8806A1016
:10464000EB1753EA650500F0BF800668C6F58016D3
:104650007508F607761A65EB0C0516EB060C45EBAC
:1046600005011CEB060C45EB0101880140EA9C604A
:104670004FEA8C171CEB070C41EB0001890041EA63
:104680009C714FEA8C0C1CEB060C45EB0101890078
:1046900041EA9C714FEA8C00801945EB0101FBF760
:1046A0001FFE0346B4F916504FEAE57C2E4602463B
:1046B0000F4600296FDB520B42EAC7427F1307FB0C
:1046C00005F502FB0C55A6FB026C654402FB05F5E3
:1046D00006FB0755A2FB062635442F46002D60DB5E
:1046E000520E7E1642EAC712B4F914504FEAE57C26
:1046F00005FB01F70CFB0070A5FB03573844074688
:10470000002854DBE80C40EA47309B1846EB0102D6
:104710001B1842EBE7421046002A4DDB1B0A43EA16
:104720000063B4F91210CA17120142EA11720901AA
:104730005B1842EB2022D10FC91842F10002490850
:1047400041EAC27152104B1842EB02005B1842EB77
:104750000000440144EAD3645D015B1940EB0400AE
:104760005B1842EB00021146002A29DBDB0943EA11
:1047700041631846174A934229D9174A934224D9CC
:10478000154822E01EF1FF0E42F1000636E7013A1D
:1047900043F1010553E741F6FF77C21941F10007E4
:1047A00089E76FF07E46921945F1000798E70B4FB5
:1047B000ED1940F10007A5E7FF3342F10000ADE736
:1047C0007F3342F10001D1E70548BDE8F08104489C
:1047D000FBE700BFBFC62D00C0D8A700FFFF070042
:1047E000C0C62D004B6AA3F5963C8068B1F91E3017
:1047F0001B05B1F92020C3EB80330CFB123313F5FA
:10480000804340D4DA1391F922300CFB03F3002BE0
:104810003DDB98120B7F0CFB03F3002B3ADBDB1222
:1048200003F5004300FB03F3002B36DB9B1203F57B
:104830000013B1F91A0000FB03F313F500532FD452
:104840009B1302FB03F31A46002B2DDBD21302FB52
:1048500002F2002A2CDBD211097E01FB02F2002AAF
:1048600028DBA3EB221323EAE373B3F1C85FA8BFED
:104870004FF0C8531A46002B1EDB13131846B3F52E
:10488000C83F1CD8704703F5FF437F33BAE703F2F4
:10489000FF33BEE703F2FF73C1E703F2FF33C5E75F
:1048A00003F57F533F33CBE703F5FF427F32CDE77C
:1048B0007F32D0E70F32D4E703F6FF72DDE74FF423
:1048C000C830DFE74278037843EA02230B80C278DE
:1048D000837843EA02234B804279037943EA022337
:1048E0008B80C279837943EA0223CB80427A037AB0
:1048F00043EA02230B81C27A837A43EA02234B8183
:10490000427B037B43EA02238B81C27B837B43EAA6
:104910000223CB81427C037C43EA02230B82C27CCC
:10492000837C43EA02234B82427D037D43EA0223D8
:104930008B82C27D837D43EA0223CB82437E0B764A
:1049400070474278037843EA02234B8383780B77DE
:1049500090F903309BB21B011BB2027902F00F02E7
:104960001343CB8390F905309BB21B011BB2027934
:1049700043EA12130B8490F9063081F82230704715
:1049800090F800C043781B01827843EA0C3343EA75
:1049900012130B6090F803C003791B01427943EABC
:1049A0000C3343EA12134B608279C37943EA022342
:1049B0008B607047F8B50D4614461E4600275760B9
:1049C0001760976019462846FFF796FD60603146EC
:1049D0002846FFF7D5FD206031462846FFF702FF45
:1049E000A0603846F8BD000010B584B00C46002128
:1049F00002918DF80C1060F07F008DF808004FF4E4
:104A00007A73009393B2224602A90348FDF7A0FCF3
:104A1000607804B010BD00BF181F002000B583B03F
:104A2000002300938DF8043002E0642002F02AFC99
:104A300002226946D020FFF7D7FF6028F5D103B0E6
:104A40005DF804FB00B583B0002300938DF80430BB
:104A500002226946D020FFF7C7FF03B05DF804FBD0
:104A600010B586B00C460021029103910491CDF857
:104A7000131060F07F008DF808004FF47A730093F4
:104A800093B2224602A90348FDF762FC607806B0A3
:104A900010BD00BF181F002030B58BB00D4600249C
:104AA0000294039404940594069407940894ADF832
:104AB00024408DF808004FF47A73009393B20A46AD
:104AC00002A90348FDF744FC68780BB030BD00BF75
:104AD000181F002000B589B00023009301930293B2
:104AE0000393049305930693ADF81C301E481F4AA8
:104AF000026043608360C3604FF48062026143617F
:104B00008361C36103624362FBF766FF28BB184AF7
:104B1000154BD3649A631748174B03600023436017
:104B200040228260C3604FF480620261436183610E
:104B3000C36103624362FBF74FFF88B90C480D4B1A
:104B400083649863F7238DF8003009230B4A694684
:104B5000FDF764FF09B05DF804FB02F011FDD6E734
:104B600002F00EFDEAE700BF103A0220406002406A
:104B7000181F0020B039022088600240641B00200A
:104B800010B584B0002402948DF80C4000F07F0032
:104B90008DF808000B788DF809304FF47A73009384
:104BA00093B20A4602A90348FDF7D2FB204604B09F
:104BB00010BD00BF181F0020D0ED017AF8EEE77A93
:104BC0009FED227A67EE877A214BC3ED047A90ED50
:104BD000027AB8EE477ADFED1F6A27EE267A83ED78
:104BE000057AD0ED006AF8EE666A9FED1B6A66EE04
:104BF000866AC3ED036A9FED196A66EE866AFCEE6B
:104C0000E66A16EE903A164AC2ED036A1B020133B9
:104C1000D360DFED146A27EE267ABCEEC77A17EE72
:104C2000103A82ED027A1B02023393609FED0E7AF6
:104C300077EE877A67EEA67AFCEEE77A17EE903A7F
:104C4000C2ED017A1B020333536070470AD7233C3D
:104C5000641B00200000803A17B7D13800401C4682
:104C6000203D02200050C3470000204270B596B09E
:104C7000002414948DF85440109411941294CDF89B
:104C80004B40089409940A940B940C940D940E9440
:104C9000ADF83C400094019402940394049405946C
:104CA0000694ADF81C401B2208A98820FFF7D8FE07
:104CB000EC46DDF82100DDF82510DDF82920DDF8CF
:104CC0002D30ACE80F00DDF83100DDF83510ACE830
:104CD0000300BDF83930ACF80030264D05F1300640
:104CE00031466846FFF7EEFD082208A9E120FFF7EC
:104CF000B7FEDDF821000090BDF825209DF8273093
:104D0000ADF804208DF8063031466846FFF719FEED
:104D100001238DF85030022214A9F220FFF730FF52
:104D20008DF85040022214A9F520FFF729FF252312
:104D30008DF85030022214A9F420FFF721FF0A2039
:104D4000FBF7ECFC092210A9F720FFF7A5FE05F1FF
:104D5000580421460DF14100FFF712FE6435334639
:104D60002A4621460720FFF725FE2846FFF724FFA5
:104D700016B070BD641B002010B582B000240094F2
:104D80008DF80440B6238DF8003002226946E020F9
:104D9000FFF7F6FE0520FBF7C1FCFFF73FFEFFF72C
:104DA00065FF204602B010BD08B50023174A1380E6
:104DB000174A1380174B1A68174B1A60174B1B784A
:104DC000012B0BD0022B1BD0032B0BD1144B5A6899
:104DD000114B5A60114B00221A7003E0104BDA6835
:104DE0000D4B5A6008220C49002000F079F9084B5D
:104DF0001880064B1880094A13780133137008BDD8
:104E0000074B9A68044B5A60ECE700BF901D0020E6
:104E1000921D0020B01F0020001C00200800002070
:104E2000203D022000B585B000230093019302933A
:104E3000CDF80B3025238DF8003002226946F4208E
:104E4000FFF79EFE05B05DF804FB000010B51446A8
:104E5000002A55D1002903DB864694460B460CE018
:104E600086462D230EF8013B49424FF0010CF5E731
:104E7000244AA2FB0323DB080134002BF8D11CB128
:104E800022460CEB020412E00122FAE71E4B83FBE0
:104E9000013CCB17C3EBAC039C4603EB8303A1EBB4
:104EA0004303DBB2013A30330EF802306146002A88
:104EB000ECDC204410BD144A82FB01E2C917C1EBAF
:104EC000A2010CF1FF3CBCF1000FF2DD0E4A82FBA7
:104ED000012ECA17C2EBAE0202EB8202A1EB420224
:104EE000D2B20CF1FF3E303200F80E20002BE2D19E
:104EF0000029E0D1A445DED0202200F80E20DAE718
:104F00009446E0E7CDCCCCCC6766666610B5964695
:104F1000BAB104460860012A15D0012000E001342E
:104F200022787AB19A42FAD122464FF0000C02F868
:104F300001CB00F1010C41F82020E64505DD60467B
:104F4000EDE7104610BD1046FCE76046FAE70000AA
:104F50000023934211D210B411F801CB8CEA102C2B
:104F6000064C34F81CC08CEA002080B201339BB29E
:104F70009342F1D35DF8044B70477047108B0008E3
:104F80000A7882EA1022554B33F8122082EA002078
:104F90001FFA80FCC0F307204A78504033F81020F5
:104FA00082EA0C2290B2C2F3072291F802C082EA90
:104FB0000C0233F8122082EA002290B2C2F30722D8
:104FC00091F803C082EA0C0233F8122082EA002230
:104FD00090B2C2F3072291F804C082EA0C0233F8BF
:104FE000122082EA002290B2C2F3072291F805C093
:104FF00082EA0C0233F8122082EA002290B2C2F355
:10500000072291F806C082EA0C0233F8122082EAE5
:10501000002290B2C2F3072291F807C082EA0C0284
:1050200033F8122082EA002290B2C2F3072291F8EC
:1050300008C082EA0C0233F8122082EA002290B201
:10504000C2F3072291F809C082EA0C0233F8122059
:1050500082EA002290B2C2F3072291F80AC082EAE3
:105060000C0233F8122082EA002290B2C2F3072227
:1050700091F80BC082EA0C0233F8122082EA002277
:1050800090B2C2F3072291F80CC082EA0C0233F806
:10509000122082EA002290B2C2F3072291F80DC0DA
:1050A00082EA0C0233F8122082EA002290B2C2F3A4
:1050B000072291F80EC082EA0C0233F8122082EA2D
:1050C00000221FFA82FCC2F30722C97B4A4033F850
:1050D000120080EA0C2080B2704700BF108B0008DD
:1050E0000A7882EA1022294B33F8122082EA002043
:1050F0001FFA80FCC0F307204A78504033F8102094
:1051000082EA0C2290B2C2F3072291F802C082EA2E
:105110000C0233F8122082EA002290B2C2F3072276
:1051200091F803C082EA0C0233F8122082EA0022CE
:1051300090B2C2F3072291F804C082EA0C0233F85D
:10514000122082EA002290B2C2F3072291F805C031
:1051500082EA0C0233F8122082EA002290B2C2F3F3
:10516000072291F806C082EA0C0233F8122082EA84
:1051700000221FFA82FCC2F30722C9794A4033F8A1
:10518000120080EA0C2080B2704700BF108B00082C
:105190000A7882EA10224A4B33F8122082EA002071
:1051A0001FFA80FCC0F307204A78504033F81020E3
:1051B00082EA0C2290B2C2F3072291F802C082EA7E
:1051C0000C0233F8122082EA002290B2C2F30722C6
:1051D00091F803C082EA0C0233F8122082EA00221E
:1051E00090B2C2F3072291F804C082EA0C0233F8AD
:1051F000122082EA002290B2C2F3072291F805C081
:1052000082EA0C0233F8122082EA002290B2C2F342
:10521000072291F806C082EA0C0233F8122082EAD3
:10522000002290B2C2F3072291F807C082EA0C0272
:1052300033F8122082EA002290B2C2F3072291F8DA
:1052400008C082EA0C0233F8122082EA002290B2EF
:10525000C2F3072291F809C082EA0C0233F8122047
:1052600082EA002290B2C2F3072291F80AC082EAD1
:105270000C0233F8122082EA002290B2C2F3072215
:1052800091F80BC082EA0C0233F8122082EA002265
:1052900090B2C2F3072291F80CC082EA0C0233F8F4
:1052A000122082EA00221FFA82FCC2F30722497B05
:1052B0004A4033F8120080EA0C2080B2704700BFE9
:1052C000108B000870B50546C06910B1012385F840
:1052D0005C3095F85C30012B11D06B6D8BBB0024DA
:1052E000A86804EB440300EBC3004669002E50D0CD
:1052F000A96AFAF78DFF00286ED00134F0E710227A
:10530000002102F0EBFFB5F860309842E5D0AC6DBB
:105310005B2304F8013BA96A204603F04DF82046C0
:10532000FAF780FF26182C23235400231A46032162
:10533000701CFFF78BFD5D2300F8013BAB6DC21ABB
:1053400040E010220021286A02F0C8FF0446B5F8A8
:105350005420296D0020FFF7FBFD8442BFD0AC6DC7
:105360005B2304F8013BA96A204603F025F8204698
:10537000FAF758FF26182C23235400231A46042139
:10538000701CFFF763FD5D2300F8013BAB6DC21A93
:1053900018E0AC6D5B2304F8013BA96A204603F0DA
:1053A0000BF82046FAF73EFF26182C23235400233F
:1053B0001A460521701CFFF749FD5D2300F8013BEB
:1053C000AB6DC21A2C686B68A96D0220A047084B10
:1053D0001B78012B08D070BD05F12800B0470246AC
:1053E000044B00211960EDE7642001F0F3F8F2E7C7
:1053F000B81F0020883E02202DE9F04180460E466D
:1054000017461D46642002F0AFFD044664220021C9
:1054100002F08EFFC4F8088027606560304602F015
:10542000A3FD05462061304602F09EFDA065A56201
:105430002046BDE8F0812DE9F04104460E461746AE
:1054400000250EE022696369591C6161715DD154C8
:105450006369226D2169521A9B1A626D93421DD2B3
:105460000135BD4280F0D380207B0728EAD0711936
:10547000735D3E2B18D82C2BC0F0B4802C3B122B24
:1054800000F2B080DFE803F033AEAEAEAEAEAEAE4B
:10549000AEAEAEAEAEAE5C7222AE89002046FFF775
:1054A00011FF00232373DBE77C2B40F09B80002857
:1054B000D6D00623237322696369591C61610021D8
:1054C000D154236962691344E361C9E7012323735B
:1054D0000023E364E36284F85C306361A361E36109
:1054E0002362636223656365A4F86030B8E700282F
:1054F000B6D022696369581C60610020D054237BB8
:10550000022B06D9062BABD12369626913442362AF
:10551000A6E75BB2002BA3D0022323732269E36CBE
:10552000581CE064606902440A3304EB83035A6048
:105530000122B4F86000FFF70BFDA4F860008FE7CC
:1055400000288DD00423237322696369581C60618D
:105550000020D054236962691344A3610122B4F886
:105560006000FFF7F5FCA4F8600079E700283FF43D
:1055700077AF0523237322696369581C606100209B
:10558000D05423696269134463620122B4F8600055
:10559000FFF7DEFCA4F8600062E700283FF460AF8C
:1055A000636A8BB10723237322696369591C6161A4
:1055B0000021D15423696269134423651022606A73
:1055C00002F08CFE60654BE722696369591C6161DA
:1055D0004FF0000802F803802046FFF773FE84F8BE
:1055E0000C803DE700283FF43BAF22696369581CFB
:1055F00060610878D054237B062B3FF431AF012241
:10560000B4F86000FFF7A4FCA4F8600028E7BDE848
:10561000F0810378CAB2934204D00130002BF8D154
:1056200000207047704738B50546046B5B2304F8CB
:10563000013B0168204602F0BFFE2046FAF7F2FD6A
:1056400023182C222254302159709A704D22DA707E
:105650003D221A71981D5D225A712B6BC01A38BDFC
:1056600038B50546046B5B2304F8013B016820460E
:1056700002F0A2FE2046FAF7D5FD231801335D2281
:105680002254286B181A38BD38B50546046B414BB7
:1056900000221A70404B5B6913F4005F5CD03E4BF4
:1056A0004FF000529A614FF44870FBF737F83A4BCD
:1056B0005B6913F4005F54D0374B4FF000529A618E
:1056C0004FF44870FBF72AF8334B5B6913F4005F23
:1056D0004CD0314B4FF000529A614FF44870FBF7B9
:1056E0001DF82D4B5B6913F4005F44D02A4B4FF03B
:1056F00000529A614FF44870FBF710F8264B5B6933
:1057000013F4005F3CD0244B4FF000529A614FF4E9
:105710004870FBF703F8204B5B6913F4005F34D04B
:105720001D4B4FF000529A614FF44870FAF7F6FFA4
:10573000184B01221A705B2304F8013B29682046AC
:1057400002F03AFE2046FAF76DFD231801335D2280
:105750002254286B181A38BD0F4B4FF400529A612F
:10576000A1E70D4B4FF400529A61A9E70A4B4FF4A1
:1057700000529A61B1E7084B4FF400529A61B9E7C1
:10578000054B4FF400529A61C1E7034B4FF40052AE
:105790009A61C9E7903E02200008024038B50546EC
:1057A000046B5B2304F8013B0168204602F004FE11
:1057B0002046FAF737FD231801335D222254286B67
:1057C000181A38BD38B50546046B5B2304F8013B55
:1057D0000168204602F0F0FD2046FAF723FD231869
:1057E0002C22225430225A70D81C5D229A70034B0E
:1057F00001221A702B6BC01A38BD00BFB81F0020E1
:1058000038B50546046B5B2304F8013B016820466C
:1058100002F0D2FD2046FAF705FD231801335D2280
:105820002254034A01211170286B181A38BD00BF99
:10583000A93E0220F8B50546046B436A33B34668B7
:105840003046FAF7EFFC012801D002271FE0377835
:10585000303FFFB2032F44D817F0010F0CD0264B76
:105860004FF480729A6117F002070AD0224B4FF46E
:1058700080529A6100270AE01F4B4FF080729A61B4
:10588000F1E71D4B4FF080529A6100E000271A4A61
:105890005369C3F30023526912F4805F23D00222BC
:1058A00043EA0206154B00221A605B2304F8013B11
:1058B0002968204602F080FD2046FAF7B3FC044434
:1058C0009FB933463A460E49204602F011FD204664
:1058D000FAF7A8FC231801335D222254286B181A0A
:1058E000F8BD0227D3E70022DAE73A460549204609
:1058F00002F0FEFCEBE700BF00000240883E022001
:10590000709400087894000870B505460026114B85
:105910001E60046B5B2304F8013B0168204602F023
:105920004BFD2046FAF77EFC04440B4B1B696FEAE3
:10593000931303F0030332460849204602F0D8FCD3
:105940002046FAF76FFC231801335D222254286B9E
:10595000181A70BD883E02200004024070940008AE
:1059600038B50546046B5B2304F8013B016820460B
:1059700002F022FD2046FAF755FC0444084B1B7840
:1059800000220849204602F0B3FC2046FAF74AFC00
:10599000231801335D222254286B181A38BD00BF2A
:1059A000960000207094000838B50546046B5B2310
:1059B00004F8013B0168204602F0FEFC2046FAF79D
:1059C00031FC04440C4B1B78012B0FD00B4B0C4AC1
:1059D0000C49204602F08CFC2046FAF723FC2318E1
:1059E00001335D222254286B181A38BD044A064937
:1059F000204602F07DFCEFE79400002080000020AC
:105A00007C940008889400088494000838B5054602
:105A10000B4A00210B4802F08BFC2C6B5B2304F833
:105A2000013B2968204602F0C7FC2046FAF7FAFB42
:105A3000231801335D222254286B181A38BD00BF89
:105A400080190200E41F0020F8B50646046B5B23B2
:105A500004F8013B0168204602F0AEFC2046FAF74C
:105A6000E1FB04EB000C2C27275430238CF8013089
:105A70000CF103048CF80270304B1A889B78ACF858
:105A800003208CF805302E4D0FCDCCF80300CCF858
:105A90000710CCF80B20CCF80F302046FAF7C2FBE9
:105AA00023185D1C2754274A11889278A3F8011007
:105AB000DA702846FAF7B6FB00231A46194628443E
:105AC000FFF7C4F92E2300F8013B00231A460121F9
:105AD000FFF7BCF9044604F8017B1B4B1A889B783E
:105AE000A0F80120A3702046FAF79CFB04EB000C01
:105AF0000CF1010722252554144B07CBCCF80100EB
:105B0000CCF80510CCF809203846FAF78BFB3A1888
:105B1000541C20233B540E4B03CBC2F80100C2F8A7
:105B200005101B7853722046FAF77CFB2318255486
:105B3000981C5D225A70336BC01AF8BD909400080F
:105B400094940008A4940008A8940008AC94000859
:105B5000B894000870B50446056B5B2305F8013B5B
:105B60000168284602F028FC2846FAF75BFB2E184D
:105B700001365D232B54216B721A4FF47A7392B263
:105B80000248FDF77EFD206B301A70BDE81D002035
:105B900070B50546046BFEF755FF06465B2304F817
:105BA000013B2968204602F007FC2046FAF73AFB41
:105BB00004443346B6F1600218BF0122064920466C
:105BC00002F096FB2046FAF72DFB231801335D22E5
:105BD0002254286B181A70BDC494000870B505468D
:105BE000046B01F04BF906465B2304F8013B29687E
:105BF000204602F0E1FB2046FAF714FB044433464A
:105C0000B6F1420218BF01220649204602F070FB9D
:105C10002046FAF707FB231801335D222254286B34
:105C2000181A70BDC49400082DE9F04F8BB00546DA
:105C3000046BFEF713FA5B2304F8013B2968204646
:105C400002F0BAFB2046FAF7EDFA044425490E7833
:105C50004A788F78CB780879069091F805C0CDF80E
:105C60001CC091F806C0CDF820C091F807C0CDF84F
:105C700024C091F80880487A91F80A9091F80BC0F6
:105C800091F80CA091F80DE091F80EB0C97B01EBF2
:105C90000B2105910EEB0A2104910CEB09210391D4
:105CA00000EB082002900998089900EB012101916E
:105CB0000799069801EB0021009103EB072302EB03
:105CC00006220949204602F013FB2046FAF7AAFAF9
:105CD000231801335D222254286B181A0BB0BDE83B
:105CE000F08F00BF501B0020D09400082DE9F04F2A
:105CF0008BB00546046BFEF7B1F95B2304F8013B5A
:105D00002968204602F058FB2046FAF78BFA044433
:105D100025490E784A788F78CB780879069091F8E3
:105D200005C0CDF81CC091F806C0CDF820C091F890
:105D300007C0CDF824C091F80880487A91F80A90FD
:105D400091F80BC091F80CA091F80DE091F80EB00D
:105D5000C97B01EB0B2105910EEB0A2104910CEBA1
:105D60000921039100EB082002900998089900EBA3
:105D7000012101910799069801EB0021009103EBA5
:105D8000072302EB06220949204602F0B1FA204619
:105D9000FAF748FA231801335D222254286B181AA7
:105DA0000BB0BDE8F08F00BF501B0020FC94000832
:105DB00030B5E5B00546046B4FF4C872114968462A
:105DC00002F002FB104B00225A604FF4AC7269469D
:105DD0000E48FCF7B9FD0E4B4FF480429A615B23ED
:105DE00004F8013B2968204602F0E6FA2046FAF75B
:105DF00019FA231801335D222254286B181A65B052
:105E000030BD00BF108D0008C01F0020C01E002044
:105E1000000802402DE9F04192B00446056B436A48
:105E2000BBBB4FF0FF3600275B2305F8013B216821
:105E3000284602F0C1FA2846FAF7F4F905EB000CFF
:105E40002C232B5400231A4639460CF10100FEF78F
:105E5000FDFFB7B92C2300F8013B002EC0F2A4804F
:105E600000231A463146FEF7F1FF3D2300F8013BBF
:105E70005B4B19680C3600231A4631F91610FEF7F1
:105E8000E5FF5D2300F8013B236BC01A12B0BDE8AB
:105E9000F08146683D213046FFF7BBFB002841D02A
:105EA0003D230A2269463046FFF730F8022803D026
:105EB0004FF0FF360227B7E70A220021009802F0D0
:105EC0000DFA0646072801D90227ADE7DFF8108151
:105ED000D8F8003000279F62DF621F635F630A22E9
:105EE0003946019802F0FAF9D8F8003006F11402A8
:105EF00023F812000A223946019802F0EFF9D8F887
:105F0000003006F10C0223F812000A2239460198EB
:105F100002F0E4F9D8F8003006F19C0203EB4203EA
:105F2000988033E02F230A2269463046FEF7EEFFC1
:105F3000082835D1002625E012AB03EB86080A229B
:105F4000002158F8480C02F0C9F9254F3B6806F1CA
:105F5000140223F812000A22002158F8480C02F01B
:105F6000BDF93B6806F10C0223F812000A22002159
:105F7000019802F0B3F93B6806F19C0203EB42037F
:105F800098800136072ED7DD4FF0FF36144B1A6884
:105F900092F8383043F0010382F83830002743E7A5
:105FA0004FF0FF3602273FE70D4B196800231A46D2
:105FB000B1F91810FEF74AFF01250DE02F2300F874
:105FC000013B074B196805F10C0600231A4631F90D
:105FD0001610FEF73BFF0135072DEFDD51E700BF3F
:105FE000B41F00202DE9F8430546066B436A022BD7
:105FF00026D143494068FAF70BF928B14FF0FF3733
:10600000B9464FF0020820E00A220021A86802F0F9
:1060100065F90746072853D83A4B1C683A4B03EBFF
:10602000C003D3F89021D3F8943103EBC2035B0192
:1060300038331C4404344FF001094FF0000804E0E9
:106040004FF0FF37B9464FF002085B2306F8013BDB
:106050002968304602F0B0F93046FAF7E3F806EB6B
:10606000000C2C23335400231A4641460CF1010046
:10607000FEF7ECFE0346B8F1000F39D106462C229C
:1060800006F8012BB9F1010F1FD03046FAF7CAF814
:1060900006EB000C4FF02C0806F8008000231A468F
:1060A00039460CF10100FEF7D1FE00F8018B002308
:1060B0001A4634F9021BFEF7C9FE0346012615E015
:1060C0004FF001094FF00208BFE70D4A1068C3F80E
:1060D0000100DAE718462F2300F8013B00231A4697
:1060E00034F9021BFEF7B2FE034601360F2EF1DD36
:1060F00018465D2300F8013B2B6BC01ABDE8F883FE
:1061000058950008B41F0020108D00082DE9F043B9
:1061100085B00546D0F83090446A002C7BDD466897
:1061200082493046FAF774F840B181493046FAF7AF
:106130006FF8002856D00026334601E0012633468A
:106140009C4252DC4FF0FF38012E58D0002E66D012
:1061500000275B2309F8013B2968484602F02CF927
:106160004846FAF75FF809EB000C2C2309F80030D9
:1061700000231A4639460CF10100FEF767FE04467B
:1061800047BB012E5BD0022E63D0022E00F093801D
:10619000B8F1000F67DB20462C2300F8013B0023F9
:1061A0001A464146FEF752FE3D2300F8013B614B83
:1061B00003EBC803D3F89021D3F8941101EBC2018B
:1061C00004AB03EB410100231A4631F9101CFEF722
:1061D0003DFE04465D2304F8013B286B201A05B000
:1061E000BDE8F08302260123AAE705EB8303586884
:1061F00001F0B5FE80460728A6D90227A9E74E4B35
:10620000186810236A4600210068FDF74DFF082832
:1062100011D100279DE74FF0FF38002696E7464B47
:10622000186810236A4619460068FDF73DFF0828E4
:1062300003D137468DE737468BE7012789E73F4B88
:10624000186820601B7923712046F9F7EBFF04449E
:106250009BE73B4B186820609B88A3802046F9F79A
:10626000E1FF044491E720462C2300F8013B002382
:106270001A46BDF90010FEF7E9FD0446012617E0B5
:1062800020462F2300F8013B2A4B03EBC603D3F82B
:106290009021D3F8941101EBC20104AB03EB41014F
:1062A00000231A4631F9101CFEF7D0FD04460136D2
:1062B000072EE5DD8EE7B8F1000F17DB20462C2313
:1062C00000F8013B00231A464146FEF7BFFD3D237F
:1062D00000F8013B184B1C6808F1040100231A4622
:1062E00034F81110FEF7B2FD044673E720462C2364
:1062F00000F8013B104B196800231A460989FEF784
:10630000A5FD04460126072E3FF764AF20462F2344
:1063100000F8013B084B1968341D00231A4631F878
:106320001410FEF793FD04460136ECE75C95000877
:1063300060950008108D0008B41F002068950008C3
:10634000709500082DE9F04F85B00546046B00F00C
:1063500027FD5B2304F8013B2968204602F02CF856
:106360002046F9F75FFF044419490E784A788F7880
:10637000CB7891F80480487991F8069091F807C09D
:1063800091F808A091F809E091F80AB0C97A01EBF8
:106390000B2103910EEB0A2102910CEB09210191D3
:1063A00000EB0820009003EB072302EB06220949CB
:1063B000204601F09DFF2046F9F734FF23180133F2
:1063C0005D222254286B181A05B0BDE8F08F00BF7B
:1063D000EC1B00207895000870B582B00546046B70
:1063E0000F4A936800930F4B1B78D27B0E492046CF
:1063F00001F07EFF2046F9F715FF014626182046DA
:10640000FDF7E5FA02460949304601F071FF2046E2
:10641000F9F708FF0444286B201A02B070BD00BFD2
:10642000C01F0020BF1F0020C4950008D49500089D
:1064300070B505461F4B4FF080429A6100241E4BF9
:106440001C701E4B1C601E4B1C701E4B1C701E4B88
:106450001C701E4B03221A701D4B1C701D4B1C70B0
:1064600001261D4B1E701D4B1C701D4B1C701D4BBF
:106470001C701D4B1C601D4B32221A6001F082F80B
:106480001B4A21461B4801F053FF1B4B1E702C6B0F
:106490005B2304F8013B2968204601F08DFF20466C
:1064A000F9F7C0FE231833445D222254286B181AD2
:1064B00070BD00BF00080240B91F0020B01F0020BF
:1064C000BF1F0020601B0020BE1F0020BA1F00203D
:1064D000A83E0220BD1F002008000020BC1F002095
:1064E000BB1F0020611B0020A03E0220A43E022012
:1064F00080190200E41F00209C3E022070B5064671
:1065000001F040F8214A0021214801F011FF012348
:10651000204A1370204A1370204A1370204A1370C7
:106520000024204A1470204A1470204A1470204A13
:106530001470204A1370204A1470204A1470204AA4
:106540001460204A322111601F4A1370356B5B239F
:1065500005F8013B3168284601F02EFF2846F9F77F
:1065600061FE0544194B1C6001F0F6FB0246184918
:10657000284601F0BDFE2846F9F754FE2B180133DA
:106580005D222A54306B181A70BD00BF80190200BA
:10659000E41F0020BF1F0020BA1F0020601B002046
:1065A000BD1F0020BC1F00209C3E0220A83E0220F0
:1065B000BE1F002008000020BB1F0020611B002020
:1065C000A03E0220A43E0220B91F0020B01F0020E0
:1065D000DC95000808B5FAF7A1F8024B024ADA6028
:1065E00008BD00BF00ED00E00400FA0510B5044648
:1065F000002238E0510104EB421348F2F0206052CF
:1066000048F2010159804AF6740199804AF26661A4
:10661000D9804CF6F95119814CF6CD4159814FF290
:106620007E3199814FF23331D98140F6824119820E
:1066300040F6CD41598243F20721998243F233312A
:10664000D98245F28C71198345F69A11598347F620
:106650001051998347F6FF71D98302F1800300211D
:1066600024F813100132072AC4DD4FF48872214642
:106670000020FEF76DFCA4F8100110BD2DE9F043D9
:106680009BB00446066B476A002F00F09380D0F859
:10669000049089494846F9F7BBFD804668B1022F4E
:1066A00040F3CA8085494846F9F7B2FD074628B34A
:1066B0004FF0FF39C846022780E0814B18683C3014
:1066C000FFF794FF4FF0FF397D4B1F684FF488723E
:1066D00007F13C010020FEF73BFCA7F84C01B8F1A4
:1066E000010F5BD0764B1A6852F83C0B4FF4807365
:1066F0004FF40051FDF712FC00275FE00A22002151
:10670000A06801F0EBFD8146072803D94FF001088E
:10671000022753E02022002112A801F009FE2F23B6
:1067200012226946E068FEF7F1FB8046102800F36C
:10673000888012AD0BE01AAB03EB87030A2200211D
:1067400053F8680C01F0CAFD25F8020B01374745E4
:10675000F1DB5B4B1B685B4A02EBC902D2F890117C
:10676000D2F8942102EBC1025201383203EB020C41
:1067700012AF0FCFCCF80400CCF80810CCF80C20E6
:10678000CCF810300FCFCCF81400CCF81810CCF89F
:106790001C20CCF820304FF0010895E7484B1A68D0
:1067A00052F83C0B4FF480734FF40051FDF7B6FBE9
:1067B000002703E04FF0FF39C84602275B2306F8A5
:1067C000013B2168304601F0F7FD3046F9F72AFD1C
:1067D00006EB000C2C23335400231A4639460CF1E7
:1067E0000100FEF733FB0346002F5BD106462C2247
:1067F00006F8012BB8F1000F28D0B8F1010F2FD007
:106800003046F9F70FFD06EB000C2C273754002318
:106810001A4649460CF10100FEF718FB00F8017B0F
:10682000B8F1010F20D000231A4635F9021BFEF7FC
:106830000DFB0346012633E04FF0FF39C84602271F
:10684000BCE712AD4FF001080227B7E71A4A03CAA6
:10685000C3F8010071603046F9F7E4FC331821E019
:10686000164B18683060CBE7154B1D68154B03EBD2
:10687000C903D3F89021D3F8943103EBC2035B0131
:1068800038331D440435CEE718462F2300F8013B6A
:1068900000231A4635F9021BFEF7D8FA03460136E3
:1068A0000F2EF1DD18465D2300F8013B236BC01A63
:1068B0001BB0BDE8F08300BFE495000858950008C0
:1068C000B41F0020108D000830B5CDB0044600255F
:1068D00001954FF49472294602A801F029FD29463A
:1068E00001AB33E0480104EB4112205E1880B2F99D
:1068F00002005880B2F904009880B2F90600D880EE
:10690000B2F908001881B2F90A005881B2F90C00F6
:106910009881B2F90E00D881B2F910001882B2F94C
:1069200012005882B2F914009882B2F91600D88287
:10693000B2F918001883B2F91A005883B2F91C0092
:106940009883B2F91E20DA83203301310729C9DD8B
:10695000B4F800211A80B4F802215A80B4F8042156
:106960009A80B4F80621DA80B4F808211A81B4F8C4
:106970000A215A81B4F80C219A81B4F80E21DA81E7
:10698000B4F810211A82002401250CE0A00180B285
:10699000402201AB03EB8411FCF7FEFEC5B20820D8
:1069A000F9F7BCFE0134042CF0D915B901204DB023
:1069B00030BD0020FBE70000F8B50546046B4FF43E
:1069C000897001F0D1FA00283AD006461D4B1968AB
:1069D0004FF489723C3101F0F7FC4FF48872314674
:1069E0000020FEF7B5FAA6F810013046FFF76CFF5D
:1069F000C8B901275B2304F8013B2968204601F050
:106A0000DBFC2046F9F70EFC26182C232354002328
:106A10001A463946701CFEF719FA5D2300F8013B4F
:106A20002B6BC01AF8BD074B18684FF489723146BA
:106A30003C3001F0C9FC304601F09EFA0027D9E74E
:106A40000127D7E7B41F002030B587B005460C46B4
:106A5000CBB28DF804300D4A1370012201A94FF416
:106A60003070FCF799FE0820F9F758FE22462946B7
:106A70004FF42070FCF790FEC4B20820F9F74EFEE8
:106A800014B9012007B030BD0020FBE795000020BD
:106A9000F0B587B00546046B00230193029303937E
:106AA00004930593436AE3B902265B2304F8013B90
:106AB0002968204601F080FC2046F9F7B3FB044426
:106AC0006B6832461549204601F012FC2046F9F762
:106AD000A9FB231801335D222254286B181A07B032
:106AE000F0BD46683046F9F79DFBC7B23A463146DD
:106AF00001A801F069FC394601A8FFF7A5FF084885
:106B00000026066046608660C66006613A4669688F
:106B100001F05AFC034B1E70C7E700BFEC9500085C
:106B2000800000209400002010B586B0012814BF1A
:106B3000002001208DF80400084B1870012201A9E3
:106B40004FF44070FCF728FEC4B20820F9F7E6FDC8
:106B500014B9012006B010BD0020FBE7960000200C
:106B600070B50546046B436A93B146683046F9F741
:106B700059FB012829D130783038C0B2012801D919
:106B8000022606E0FFF7D0FF0026144B1E6000E04F
:106B900002265B2304F8013B2968204601F00CFC27
:106BA0002046F9F73FFB04446B6A83B932460C492F
:106BB000204601F09DFB2046F9F734FB23180133F2
:106BC0005D222254286B181A70BD0226E1E76B681B
:106BD00032460449204601F08BFBECE7883E022058
:106BE00078940008EC95000800B587B00023019365
:106BF00002930393049305931E481F4A0260436067
:106C00008360C3604FF48062026143618361C3614A
:106C100003624362F9F7E0FE28BB184A154BD364C0
:106C20009A631748174B0360002343604022826039
:106C3000C3604FF48062026143618361C361036298
:106C40004362F9F7C9FE88B90C480D4B8364986319
:106C50009D238DF804300F230B4A01A9FBF78AFF0F
:106C600007B05DF804FB00F08BFCD6E700F088FC71
:106C7000EAE700BF103A022040600240181F0020DF
:106C8000B039022088600240D81B002030B585B0A2
:106C9000002402948DF80C408DF808000B788DF8D4
:106CA0000930094D4FF00043AB614FF47A73009304
:106CB00093B20A4602A90548FBF76EFC4FF4004365
:106CC000AB61204605B030BD00000240181F002017
:106CD00030B583B0002500958DF804501F238DF842
:106CE0000030022269464E20FFF7D0FF46238DF880
:106CF0000030022269465020FFF7C8FF06238DF8B6
:106D00000030022269464F20FFF7C0FF02248DF8B1
:106D10000040224669465220FFF7B8FF10238DF845
:106D20000030224669461420FFF7B0FF8DF800506E
:106D3000224669466320FFF7A9FF8DF800502246DE
:106D400069466420FFF7A2FF08238DF80030224631
:106D500069466820FFF79AFF03B030BD30B587B0B1
:106D60000024029403940494CDF813408DF8080095
:106D7000094D4FF00043AB614FF47A73009393B227
:106D80000A4602A90548FBF707FC4FF40043AB6134
:106D9000204607B030BD00BF00000240181F002091
:106DA00000B585B00023009301930293CDF80B301A
:106DB0000D2269469F20FFF7D1FF054BDDF801004A
:106DC000DDF80510DDF8092007C305B05DF804FB08
:106DD000EC1B002030B585B00C46002102918DF8E7
:106DE0000C108DF80800094D4FF00043AB614FF4D3
:106DF0007A73009393B2224602A90548FBF7CCFBB5
:106E00004FF40043AB61607805B030BD0000024034
:106E1000181F002010B582B0002400948DF80440A3
:106E200002226946F520FFF7D5FF422807D00A2C39
:106E300007D80134E4B2642000F024FAF0E700201F
:106E400000E0012002B010BD10B582B00024009413
:106E50008DF8044001238DF800300222694611208C
:106E6000FFF714FF0520F9F759FCFFF7D3FFFFF7F1
:106E70002FFFFFF795FF204602B010BD00B583B08D
:106E8000002300938DF8043002226946F520FFF7B5
:106E9000A1FF03B05DF804FB10B5184C6278A3782D
:106EA00003EB02232386E278237903EB0223638634
:106EB0006279A37903EB0223A386E279237A03EBB9
:106EC0000223E386627AA37A03EB02232387E27A22
:106ED000237B03EB02236387627BA37B03EB022309
:106EE000A3870E2204F13001B4F8B801FEF750F97F
:106EF000A4F8BA01A4F8B80110BD00BFD81B002047
:106F00000023072B0BDC30F923208A4207DC01D059
:106F10000133F6E700EB8300B0F90200704703B3DA
:106F2000082B21D000B530F923E05A1E30F922C0D9
:106F3000AEEB0C0CA1EB0E0100EB8303B3F90230B6
:106F400000EB8200B0F90200181A4FEA6C0200FB55
:106F5000012292FBFCF292B212FA83F000B25DF8C9
:106F600004FBB0F902007047B0F91E007047000042
:106F70002DE9F04F8BB000240594069407940894F3
:106F8000099401945C4B1A6B42F004021A631A6B69
:106F900002F004020192019A02941A6B42F08002FC
:106FA0001A631A6B02F080020292029A03941A6B1F
:106FB00042F001021A631A6B02F001020392039A73
:106FC00004941A6B42F002021A631B6B03F0020373
:106FD0000493049B0125069507950327089748F21B
:106FE00001030593454E05A93046F9F777FF444B59
:106FF0000693079508974FF40049CDF81490DFF8F1
:10700000048105A94046F9F769FF22462146282058
:10701000F9F7AAFB2820F9F7DFFBC6F81890B5614D
:107020000695079408974FF0020BCDF814B009F1BC
:10703000804909F5C23905A94846F9F74FFF4FF4D1
:10704000003AC9F818A04FF00063B36106950794A1
:1070500008974FF40063059305A93046F9F73EFF02
:107060000695079408971023059305A93046F9F76C
:1070700035FF069407940897C023059305A9484651
:10708000F9F72CFF4FF48073B3614FF48053B36171
:107090000695079408974FF48853059305A9304641
:1070A000F9F71CFF069507940897CDF814B005A9C9
:1070B0003046F9F713FFC6F818A00695079408970D
:1070C0004FF40053059305A94046F9F707FF4FF029
:1070D0000053C8F818300695079408974FF480437A
:1070E000059305A94046F9F7F9FE4FF08043C8F82B
:1070F00018300BB0BDE8F08F0038024000000240AD
:10710000000021100008024010B582B00024009455
:10711000164B1A6B42F400121A631A6B02F4001237
:107120000092009A01941A6B42F480021A631B6B5E
:1071300003F480030193019B224621460F20F9F7B7
:1071400013FB0F20F9F748FB224621463820F9F7B8
:107150000BFB3820F9F740FB224621460D20F9F7BA
:1071600003FB0D20F9F738FB02B010BD00380240D8
:1071700008B50948094B0360094B4360002383604D
:10718000C3604FF48042026143618361C361036263
:10719000FAF7CAF908BD00BF941D0020005800404E
:1071A000801A060008B50948094B43654FF4E133DE
:1071B00083650023C365036643660C228266C3664B
:1071C00003675430FCF72EFA08BD00BF941D002061
:1071D0000044004030B587B0002402940394049426
:1071E000059400940194174D174BC5F89430012372
:1071F000C5F89830C5F89C404CF25033C5F8A03023
:10720000C5F8A440C5F8AC4094352846FCF710F802
:107210004FF48053029302A92846FCF730F80094FB
:10722000019469462846FCF797F8224621461E201D
:10723000F9F79AFA1E20F9F7CFFA2846FBF7C0FEB5
:1072400007B030BD941D002000080040022801D086
:107250000020704708B503488260FCF77AFB0020E5
:1072600008BD00BF58050020022801D0002070474B
:1072700008B503488260FCF78BFB002008BD00BF07
:1072800098000020002300E001338342FCD37047C4
:107290000023074AC2F81C32064A1360064A1360EC
:1072A000064A01211170064A1360064A13607047AE
:1072B000941D0020803E0220843E0220903E022049
:1072C0008C3E0220883E022000B595B0002100913E
:1072D0001F4B1A6C42F080521A641B6C03F08053EF
:1072E0000093009B01911B4B1A6842F440421A60C4
:1072F0001B6803F440430193019B012302934FF465
:10730000A0230393022308934FF4800209920422DE
:107310000A92C8220B920C9307220D920E9302A898
:10732000FAF748FD00B1FEE70F230F9302231093F5
:10733000002311934FF480521292139303210FA84C
:10734000FAF762FC00B1FEE715B05DF804FB00BF80
:10735000003802400070004008B51348134BC0F8D5
:10736000D4304FF48273C0F8D8300023C0F8DC303A
:10737000C0F8E0300222C0F8E4200122C0F8E82082
:107380004FF40072C0F8EC201822C0F8F020C0F8CA
:10739000F430C0F8F830C0F8FC300A23C0F80031EF
:1073A000D430FAF795FF08BD941D0020003001404D
:1073B00008B51048104BC0F82C310023C0F830310C
:1073C000C0F83431C0F83831C0F83C31C0F8403131
:1073D000C0F84431C0F84831C0F84C31C0F85031E1
:1073E000C0F85431C0F8583100F59670FAF770FFC4
:1073F00008BD00BF941D00200038004008B51448A7
:10740000144BC0F884314FF48273C0F888310023E4
:10741000C0F88C31C0F890310222C0F894210122CA
:10742000C0F898214FF40072C0F89C211022C0F8D7
:10743000A021C0F8A431C0F8A831C0F8AC310A23AB
:10744000C0F8B03100F5C270FAF742FF08BD00BFC6
:10745000941D0020003C004008B50D480D4BC0F8BD
:10746000DC314FF4E133C0F8E0310023C0F8E431FF
:10747000C0F8E831C0F8EC310C22C0F8F021C0F8B7
:10748000F431C0F8F83100F5EE70FCF7CBF808BD28
:10749000941D00200010014030B585B04FF4A87055
:1074A00000F062FD2F4BC3F820024FF4A8720021B8
:1074B00000F03EFFF9F706F9FFF706FF00F062F86B
:1074C0002948FCF73FFAFFF7E3FEFFF751FDFFF70E
:1074D0001BFEFFF76DFFFFF7BFFFFFF749FEFFF74A
:1074E0003BFFFFF78BFFFFF75DFEFCF77BFAFCF736
:1074F00079FDFFF7A9FCFCF78BF9FFF76BFEFDF7B1
:107500003BFC00F0B9FC0023184A80211848FDF725
:1075100073FF05460023174A80211748FDF76CFFCB
:10752000044607E06846FCF7D3FC70B1134B1B78A8
:10753000012B10D002A8FCF7A9FC0028F2D10122EF
:1075400002A92846FDF777FFECE7012269462046AD
:10755000FDF771FFEAE7094B02221A7000F0C6FC42
:10756000E8E700BF941D0020580500204D72000878
:107570008091000869720008E08E0008A83E022091
:1075800070470000084B03F124021A625A619A61A5
:1075900000221A605A609A601A735A739A73DA73E7
:1075A0001A745A749A747047C01F00200C4B5A68A2
:1075B0009AB198690B4B984203D3094B03F124000D
:1075C0009861074B9869D86108449861013A5A60FC
:1075D0009A6801329A60012070470020704700BF0E
:1075E000C01F00206439022008B54FF4AC710C486C
:1075F000FFF7DCFF38B90B4B4FF080429A610A4B22
:1076000000221A7408BD4FF4AC72074BD9690748C1
:10761000FBF79AF9034B4FF480429A61F2E700BFFF
:10762000903B022000080240C01F0020C01E002026
:1076300038B50C462B4B5B68B3F5C87F02D3294B9A
:107640000122DA73274BDB7B012B49D0254B9B7C36
:1076500023BB244B1A6A244B9A4208D3214B03F1D3
:1076600024021A6203F5BE725A6101229A741D4DFA
:1076700022460146286A00F0A7FE2B6A23442B62AB
:107680006B68B3F5C87F01D201336B60154B1A6884
:1076900001321A601B7CE3B1012038BD114B1A6A1C
:1076A000114B9A4207D30F4B03F124021A6203F5E0
:1076B000BE725A61DBE70B4A5369136203F5AC7380
:1076C0005361094A9342D2D3064B03F124025A6113
:1076D000CDE70124034B1C74FFF786FF2046DCE74F
:1076E0000020DAE7C01F00206439022082B00021A8
:1076F00000910B4B5A6C42F480425A645A6C02F46B
:1077000080420092009A01911A6C42F080521A64F1
:107710001B6C03F080530193019B02B0704700BFC4
:10772000003802402DE9F04389B00023039304930D
:1077300005930693079302681E4B9A4202D009B044
:10774000BDE8F083002501951B4C236B43F0020339
:107750002363236B03F002030193019B4FF48063C7
:1077600003934FF01209CDF810904FF00108CDF8B7
:1077700014800327069704230793104E03A930466D
:10778000F9F7ACFB08230393CDF81090CDF81480E3
:1077900006970923079303A93046F9F79FFB029543
:1077A000236C43F480032364236C03F4800302936B
:1077B000029BC4E700580040003802400004024029
:1077C0002DE9F0418CB004460023079308930993F8
:1077D0000A930B930368854A934209D0844A9342E3
:1077E00061D0844A934200F09E800CB0BDE8F081E5
:1077F00000250195804B5A6C42F480525A645A6CB1
:1078000002F480520192019A02951A6B42F0010231
:107810001A631B6B03F001030293029BE02307939F
:107820000223089303230A9305230B9307A97348A4
:10783000F9F754FB7248734B03604FF08063436069
:1078400040238360C5604FF48063036145618561B7
:10785000C5614FF4003303624562F9F7BDF8E0B942
:10786000674BA3649C636848684B03604FF0C06338
:10787000436000238360C3604FF480620261436110
:107880008361C3614FF4403202624362F9F7A4F8A6
:1078900030B95D4BE3649C63A7E7FFF771FEDFE758
:1078A000FFF76EFEF5E700250395534B1A6C42F483
:1078B00080421A641A6C02F480420392039A04957F
:1078C0001A6B42F002021A631B6B03F0020304936B
:1078D000049B4FF462430793022308930123099307
:1078E00003230A9305230B9307A94948F9F7F6FAEE
:1078F0004848494B0360456040238360C5604FF4AE
:107900008063036145618561C5614FF44033036263
:107910004562F9F761F818B93E4BA3649C6364E7CC
:10792000FFF72EFEF8E700250595334B1A6C42F45D
:1079300000421A641A6C02F400420592059A0695F8
:107940001A6B42F002021A631B6B03F002030693E8
:10795000069B4FF4805307934FF00208CDF8208028
:1079600003270A9707230B93294E07A93046F9F7F7
:10797000B5FA30230793CDF8208009950A9706239E
:107980000B9307A93046F9F7A9FA2448244B036062
:1079900045608560C5604FF4806303614561856122
:1079A000C56105624562F9F717F8C8B91B4BE36476
:1079B0009C631C481C4B0360002343604022826090
:1079C000C3604FF48062026143618361C3610362FB
:1079D0004362F9F701F830B9124BA3649C6304E7E2
:1079E000FFF7CEFDE2E7FFF7CBFDF5E70030014002
:1079F00000380040003C00400038024000000240D7
:107A0000D03A022040640240303B02201064024021
:107A100000040240703A022070600240103A0220D6
:107A200040600240B03902208860024000B585B055
:107A30000368B3F1804F08D0224A93421AD0224AF9
:107A400093422BD005B05DF804FB0021019103F5B2
:107A50000E331A6C42F001021A641B6C03F001032E
:107A60000193019B0A461C20F8F77EFE1C20F8F7C4
:107A7000B3FEE7E700220292144B196C41F00201B9
:107A800019641B6C03F002030293029B01211D2069
:107A9000F8F76AFE1D20F8F79FFED3E70022039255
:107AA0000A4B196C41F0040119641B6C03F00403C8
:107AB0000393039B01211E20F8F756FE1E20F8F7C2
:107AC0008BFEBFE700040040000800400038024081
:107AD00070B58AB004460023059306930793089374
:107AE00009930368354A934204D0354A934232D011
:107AF0000AB070BD00250195324B5A6C42F010025D
:107B00005A645A6C02F010020192019A02951A6BA3
:107B100042F001021A631B6B03F001030293029B04
:107B20004FF4C063059302230693032308930723AE
:107B3000099305A92448F9F7D1F92A4629462520B1
:107B4000F8F712FE2520F8F747FE2268D36843F0C5
:107B50002003D360CCE7002503951A4B1A6C42F43E
:107B600000321A641A6C02F400320392039A0495EC
:107B70001A6B42F001021A631B6B03F001030493BA
:107B8000049B0C23059302230693012607960323E7
:107B900008930723099305A90B48F9F79FF92A468B
:107BA00031462620F8F7E0FD2620F8F715FE22687A
:107BB000D36843F02003D3609AE700BF0010014070
:107BC00000440040003802400000024082B0002320
:107BD0000193064B1A6C42F400621A641B6C03F4A6
:107BE00000630193019B02B0704700BF0038024060
:107BF0007047FEE7FEE7FEE7FEE770477047704715
:107C000008B5F8F779FD08BD08B5484A136801338F
:107C10001360516801315160454A12781AB14349E5
:107C20008A6801328A60252B17D8414B1B785BB1DB
:107C30003E4B9A684EF65F239A4205D93D4B1B781E
:107C400013B93C4B01221A70384B1B7C012B3AD0E4
:107C5000394B1B78012B64D1FEE7344B00221A60AC
:107C600000F038F9354B1B781BB9304B0022DA6035
:107C7000DBE7334B1B78012B0CD0324B1B68324AAD
:107C8000126893420FD0294A0021D16091602E4A98
:107C90001360CAE70023294A1370294A1370234A44
:107CA000D3609360C1E7214AD3680133D36040F2C7
:107CB00054629342B9D91F4B1B78002BB5D11D4B91
:107CC00001221A70B1E7194B5B68262B03D91F4AB2
:107CD0001278022A0ED0C82BBAD91D4B5B6913F457
:107CE000005F19D01A4B4FF000529A610F4B0022DF
:107CF0005A60ADE7164B5B6913F4005F07D0144B75
:107D00004FF000529A61094B00225A60A0E7104BD5
:107D10004FF400529A61F6E70D4B4FF400529A610E
:107D2000E4E70C48FBF762F908BD00BF803E022083
:107D300096000020A83E0220A93E0220B91F002084
:107D40009C3E0220A03E0220A43E0220BA1F00203A
:107D500000080240281E0020014B1868704700BF31
:107D6000B01F002008B5FBF779FEFBF7A7FF08BDA1
:107D700008B5FBF703FFFBF7CDFF08BD08B50248C8
:107D8000F8F766FF08BD00BF303B022008B5024887
:107D9000F8F7F0FF08BD00BF103A022008B502480E
:107DA000F8F7AEFE08BD00BF703A022010B5164BC2
:107DB0001B78012B10D0154B1B780F2B15D0144BB3
:107DC0001B78012B1DD0114A1378013313704FF427
:107DD0000040F9F74FF910BD0B4B02221A700B4B04
:107DE00000221A70FDF71EF8E5E7074B1B78022BFF
:107DF000E5D10024064B1C70FCF76CFE034B1C7095
:107E0000DDE7FEF7F1FEDEE7BD1F0020BC1F00200E
:107E1000BE1F002008B54FF48070F9F72BF908BD9C
:107E200008B503460B4A126842B10A4A1068034477
:107E30006A46934206D8074A136008BD054A0649B8
:107E40001160F2E700F08CFA0C2303604FF0FF3072
:107E5000F3E700BF943E022008400220054BD3F810
:107E6000882042F47002C3F888204FF000629A60C4
:107E7000704700BF00ED00E008B510480023037014
:107E80000F4A13700F4A13600F4A13600F4A1360B2
:107E900043608360037343730D4A02614FF4C07201
:107EA0004261502282617F22C26103621030FBF77F
:107EB00058FC00B908BDFFF763FBFBE79C3E0220BE
:107EC000B91F0020803E02208C3E0220883E022006
:107ED000002C004008B50448FBF758FC00B908BD69
:107EE000FFF74EFBFBE700BFAC3E022010B5064C8F
:107EF0000223A3610A20F8F711FC4FF40033A361B9
:107F00006420FEF767FB10BD00000240DFF834D0AC
:107F1000002103E00C4B5B58435004310B480C4BE1
:107F200042189A42F6D30B4A02E0002342F8043B7F
:107F3000094B9A42F9D3FFF791FF00F017FAFFF7C8
:107F4000ABFA7047000004203897000800000020BA
:107F5000600000206000002008400220FEE70A22A6
:107F6000002100F03FB90000024B0146186800F004
:107F70002BB800BF5C000020024B0146186800F0DF
:107F800031BA00BF5C00002070B50E4E0C4631685F
:107F9000054611B900F0D4F930602146284600F0BA
:107FA000CFF9431C0AD0C41C24F00304A04207D01C
:107FB000211A284600F0C4F9013001D14FF0FF34F6
:107FC000204670BDC43E02202DE9F843CD1C25F0AB
:107FD000030508350C2D38BF0C25002D074601DBA5
:107FE000A94205D90C233B6000263046BDE8F88342
:107FF000DFF8D08000F068F8D8F800301C465CBB91
:1080000029463846FFF7C0FF431C044655D1D8F82F
:1080100000402646002E45D1002C48D0236831462A
:10802000384604EB030900F08BF981453FD1216804
:108030006D1A29463846FFF7A7FF013037D023686D
:108040002B442360D8F80030002B38D05A68A24265
:108050002BD100225A600FE02268521B1FD40B2A3A
:1080600017D96119A342256018BF5960636808BF1A
:10807000C8F8001062514B60384604F10B0600F05E
:1080800029F826F00706231DF21AAED09B1BA35039
:10809000ABE7A3426268DDD1C8F80020ECE72346D5
:1080A0006468ACE734467668B4E71346CCE70C2343
:1080B0003B60384600F00EF897E72560DCE75B6030
:1080C000FFDE00BFC03E0220014800F073B900BFD0
:1080D00004400220014800F06EB900BF04400220B5
:1080E000012B2DE9F04701D0242B06D900F038F9F7
:1080F000162303600020BDE8F087DFF8E4C00D46DA
:108100002E4615F8014B1CF8047017F00807F7D13C
:108110002D2C32D12C780127B51C002B5BD0102BD5
:1081200009D1302C07D12C7804F0DF04582C4DD124
:108130006C781023023507F1004808F1FF384FF042
:10814000000EB8FBF3F9764603FB198AA4F1300C54
:10815000BCF1090F16D86446A34224DDBEF1FF3FEF
:1081600008D0B1451CD301D1A24519DB06FB03465B
:108170004FF0010E15F8014BE8E72B2C04BF2C78CB
:10818000B51CCAE7A4F1410CBCF1190F01D8373C6A
:10819000E2E7A4F1610CBCF1190F04D8573CDBE70E
:1081A0004FF0FF3EE6E7BEF1FF3F05D1222303601B
:1081B000464642B930469EE707B17642002AF9D0DA
:1081C000BEF1000F00D0691E1160F3E73024002BD0
:1081D000B1D10823AFE7302CA5D00A23ABE700BF0D
:1081E000F495000813460A46014602480068FFF766
:1081F00077BF00BF5C0000202DE9F043364F864674
:108200000D46284615F8014B3E5D16F00806F8D1DC
:108210002D2C30D12C780126851C002B57D0102B0B
:1082200009D1302C07D1287800F0DF00582849D137
:108230006C78102302354FF0FF380027B8FBF3F8B5
:1082400003FB08F96FEA09093846A4F1300CBCF1C8
:10825000090F15D86446A34223DDB7F1FF3F07D0CD
:1082600080451BD301D1A14518DB00FB034001274A
:1082700015F8014BE9E72B2C04BF2C78851CCCE7C3
:10828000A4F1410CBCF1190F01D8373CE3E7A4F18C
:10829000610CBCF1190F04D8573CDCE74FF0FF37F5
:1082A000E6E77B1C06D12223CEF80030384632B9EF
:1082B000BDE8F08306B14042002AF9D007B1691E3B
:1082C0001160F5E73024002BB5D10823B3E7302C3B
:1082D000A9D00A23AFE700BFF495000813460A4669
:1082E000014602480068FFF787BF00BF5C0000201E
:1082F0000EB400B59CB01DAB029006906FF000412B
:10830000094807910491094953F8042B0591006825
:10831000019302A900F00CF9029B00221A701CB014
:108320005DF804EB03B070475C0000200802FFFF1B
:1083300002440346934200D1704703F8011BF9E75A
:1083400038B5064D0023044608462B60FFF768FD4C
:10835000431C02D12B6803B1236038BD00400220CA
:10836000014B1868704700BF5C00002070B50D4DD0
:108370000D4C641BA4100026A64209D10B4D0C4CD9
:1083800000F0B6FB641BA4100026A64205D170BD08
:1083900055F8043B98470136EEE755F8043B9847FB
:1083A0000136F2E730970008309700083097000850
:1083B0003497000870477047034611F8012B03F803
:1083C000012B002AF9D170470A44914200F1FF3392
:1083D00000D1704710B511F8014B03F8014F9142DD
:1083E000F9D110BD37B5002944D051F8043C0190B3
:1083F000002BA1F10404B8BFE418FFF765FE1E4A84
:108400000198136833B96360146003B0BDE830406D
:10841000FFF760BEA34208D9256861198B4201BFEE
:1084200019685B6849192160EDE71A465B680BB172
:10843000A342FAD911685518A5420BD124682144EA
:108440005418A3421160E0D11C685B6853600C446F
:108450001460DAE702D90C230360D6E725686119B6
:108460008B4204BF19685B68636004BF49192160CF
:108470005460CAE703B030BDC03E02202DE9F0478A
:108480008E681F46BE420B6882460C4690462CD82A
:108490008A8912F4906F26D06569096905EB450554
:1084A000A3EB010905EBD5757B1C4B446D109D4278
:1084B00038BF1D46530527D52946FFF785FD0646DB
:1084C00060B321694A46FFF77FFFA38923F49063D5
:1084D00043F08003A381266165614E44A5EB090545
:1084E0002660A5603E46BE4200D93E462068324620
:1084F000414600F0ABFAA3689B1BA360236833449A
:1085000023600020BDE8F0872A4600F0B9FA06464D
:108510000028E0D121695046FFF764FF0C23CAF818
:108520000030A38943F04003A3814FF0FF30E9E717
:108530002DE9F04F98468B891B069DB007460D46E6
:1085400014460ED50B6963B94021FFF73DFD286045
:10855000286120B90C233B604FF0FF30D0E040236E
:108560006B610023099320238DF82930CDF80C800E
:108570003023DFF8A4818DF82A304FF0010923461B
:108580009A4613F8012B0AB1252AF9D1BAEB040B4C
:108590000BD05B46224629463846FFF76FFF013075
:1085A00000F0A980099A5A4409929AF80030002BE9
:1085B00000F0A18000234FF0FF32CDE905230AF13E
:1085C000010A049307938DF853301A9354460522F9
:1085D00014F8011B5048F7F733FE049AD8B9D006B7
:1085E00044BF20238DF85330110744BF2B238DF84F
:1085F00053309AF800302A2B15D0079A54460020A1
:108600004FF00A0C214611F8013B303B092B4DD9A4
:10861000B0B1079214E0A0EB080309FA03F3134387
:108620000493A246D2E7039B191D1B680391002BFC
:10863000BBBF5B4242F0020207930793B8BF0492AC
:1086400023782E2B0CD163782A2B34D1039B1A1D4F
:108650001B680392002BB8BF4FF0FF330234059321
:10866000DFF8C4A0217803225046F7F7E9FD38B1BE
:10867000049BA0EB0A004022824013430134049380
:1086800014F8011B25488DF828100622F7F7D8FDAD
:10869000002838D0224B1BBB039B073323F0070372
:1086A00008330393099B3344099368E70CFB0232B8
:1086B0000C460120A6E700230134059319464FF02C
:1086C0000A0C204610F8012B303A092A03D9002B56
:1086D000C6D00591C4E70CFB012104460123F0E755
:1086E00003AB00932A460F4B04A93846AFF3008032
:1086F000421C0646D6D1AB895B063FF52DAF0998E3
:108700001DB0BDE8F08F03AB00932A46054B04A9CA
:10871000384600F079F8EBE7F4960008FE9600087A
:10872000000000007D840008FA9600082DE9F0475B
:10873000164699468A680B69DDF820809342B8BFD7
:108740001346336091F8432007460C460AB10133C3
:1087500033602368990642BF33680233336025686B
:1087600015F0060506D104F1190AE36832689B1A70
:10877000AB4226DC94F84320131E226818BF012365
:1087800092062BD404F1430249463846C0470130D3
:108790001ED02368226903F00603042B02BFE5689C
:1087A0003368ED1AA3680CBF25EAE57500259342EE
:1087B000C4BF9B1AED1800261A34B5421AD1002006
:1087C00008E00123524649463846C047013003D1EC
:1087D0004FF0FF30BDE8F0870135C6E7E1185A1CBD
:1087E000302081F84300224494F8451082F8431069
:1087F0000233C7E70123224649463846C0470130C5
:10880000E6D00136D9E700002DE9FF470F7E0C9D29
:10881000782F914680460C469A4601F1430207D8CC
:10882000622F0AD8002F00F0D480582F00F0C080AB
:1088300004F1420584F842703AE0A7F16303152B76
:10884000F6D801A151F823F0A1880008B5880008E6
:108850003188000831880008318800083188000814
:10886000B588000831880008318800083188000880
:1088700031880008B9890008E18800087389000878
:108880003188000831880008DB8900083188000839
:10889000E188000831880008318800087B890008D9
:1088A0002B681A1D1B682A6004F1420584F84230C7
:1088B00001239FE020682B68070603F1040129606B
:1088C00001D51E6803E04606FBD5B3F90060002E13
:1088D00003DA2D23764284F843305A480A2312E003
:1088E0002B682068191D2960050601D51E6802E065
:1088F0004106FBD51E8853486F2F0CBF08230A235F
:10890000002184F843106568A560002DA2BF21688E
:1089100021F0040121600EB9002D4BD01546B6FBA5
:10892000F3F103FB1167C75D05F8017D3746BB42D4
:108930000E46F4D9082B0BD12368DE0708D523692E
:1089400061689942DEBF302305F8013C05F1FF352F
:10895000521B2261CDF800A04B4603AA2146404697
:10896000FFF7E4FE01304AD14FF0FF3004B0BDE81C
:10897000F087236843F0200323603348782784F886
:108980004570236829681F0651F8046B02D45F06FE
:1089900048BFB6B2DF0748BF43F02003296048BF95
:1089A00023601EB9236823F0200323601023A7E768
:1089B0002448E4E71546BDE72B6826686169181D61
:1089C000286035061B6801D5196002E07006FBD5EA
:1089D0001980002323611546BCE72B681A1D2A6005
:1089E0001D68626800212846F7F72AFC08B1401B81
:1089F000606063682361002384F84330AAE7236939
:108A00002A4649464046D0470130ADD023689B07EF
:108A100013D4E068039B9842B8BF1846A6E7012329
:108A2000324649464046D04701309DD00135E36883
:108A300003995B1AAB42F2DCEBE7002504F119065F
:108A4000F5E700BF0597000816970008884210B5A3
:108A500001EB020402D98442234607D8431EA142F7
:108A600008D011F8012B03F8012FF8E70244014662
:108A70008A4200D110BD13F8014D02F8014DF7E70D
:108A80002DE9F041804614460E4621B9BDE8F0417B
:108A90001146FFF799BA2AB9FFF7A4FC25462846E4
:108AA000BDE8F08100F01BF88442074602D8B4EB21
:108AB000500F12D821464046FFF786FA0546002897
:108AC000EDD0BC422246314628BF3A46FFF77CFC37
:108AD00031464046FFF786FCE1E73546DFE751F8CF
:108AE000043C181F002BBCBF0B58C0187047000077
:108AF000F8B500BFF8BC08BC9E467047F8B500BF8B
:088B0000F8BC08BC9E4670475A
:108B08000006101600061016000005800F800A00E7
:108B18001B801E0014001180338036003C00398011
:108B280028002D8027802200638066006C00698001
:108B380078007D8077807200500055805F805A00F1
:108B48004B804E0044004180C380C600CC00C980E1
:108B5800D800DD80D780D200F000F580FF80FA00D1
:108B6800EB80EE00E400E180A000A580AF80AA00C1
:108B7800BB80BE00B400B180938096009C009980B1
:108B880088008D8087808200838186018C0189819D
:108B980098019D8197819201B001B581BF81BA0189
:108BA800AB81AE01A401A181E001E581EF81EA0179
:108BB800FB81FE01F401F181D381D601DC01D98169
:108BC800C801CD81C781C201400145814F814A0159
:108BD8005B815E0154015181738176017C01798149
:108BE80068016D8167816201238126012C01298139
:108BF80038013D8137813201100115811F811A0129
:108C08000B810E0104010181038306030C03098310
:108C180018031D8317831203300335833F833A03F8
:108C28002B832E0324032183600365836F836A03E8
:108C38007B837E0374037183538356035C035983D8
:108C480048034D8347834203C003C583CF83CA03C8
:108C5800DB83DE03D403D183F383F603FC03F983B8
:108C6800E803ED83E783E203A383A603AC03A983A8
:108C7800B803BD83B783B203900395839F839A0398
:108C88008B838E0384038183800285828F828A028C
:108C98009B829E0294029182B382B602BC02B98280
:108CA800A802AD82A782A202E382E602EC02E98270
:108CB800F802FD82F782F202D002D582DF82DA0260
:108CC800CB82CE02C402C182438246024C02498250
:108CD80058025D8257825202700275827F827A0240
:108CE8006B826E0264026182200225822F822A0230
:108CF8003B823E0234023182138216021C02198220
:108D080008020D82078202020A010203040506070F
:108D18000809000102030405060708090001020307
:108D280004050607080900010203040506070809E7
:108D380000010203040506070809000102030405EF
:108D480006070809000102030405060708090001CF
:108D580002030405060708090001020304050607C3
:108D68000809000102030405060708090B010203AC
:108D78000405060708090001020304050607080997
:108D8800000102030405060708090001020304059F
:108D9800060708090001020304050607080900017F
:108DA8000203040506070809000102030405060773
:108DB8000809000102030405060708090001020367
:108DC8000405060708090001020304050607080947
:108DD8000C01020304050607080900010203040543
:108DE800060708090001020304050607080900012F
:108DF8000203040506070809000102030405060723
:108E08000809000102030405060708090001020316
:108E180004050607080900010203040506070809F6
:108E280000010203040506070809000102030405FE
:108E3800060708090D0102030405060708090001D1
:108E480002030405060708090001020304050607D2
:108E580008090001020304050607080900010203C6
:108E680004050607080900010203040506070809A6
:108E780000010203040506070809000102030405AE
:108E8800060708090001020304050607080900018E
:108E9800020304050607080900000000000000009E
:108EA80000000000010000000000000002000000B7
:108EB80000000000030000000000000004000000A3
:108EC800000000000500000000000000060000008F
:108ED8000000000007000000534653000000000097
:108EE8000000000000000000FFFFFFFFFD64000815
:108EF8005346500000000000000000000000000081
:108F0800FFFFFFFF316400085347530000000000D3
:108F18000000000000000000FFFFFFFFD963000809
:108F28005346470000000000000000000000000059
:108F3800FFFFFFFF0D5A00085347410000000000E3
:108F48000000000000000000FFFFFFFFED5C0008CC
:108F58005347470000000000000000000000000028
:108F6800FFFFFFFF45630008474554564552000080
:108F78000000000000000000FFFFFFFFA9590008E3
:108F88005345544857564552000000000000000061
:108F9800FFFFFFFF916A0008474554414443000022
:108FA8000000000000000000FFFFFFFF0D61000847
:108FB80053455443414C00000000000000000000ED
:108FC800FFFFFFFF7D66000847455443414C000002
:108FD8000000000000000000FFFFFFFFE55F000841
:108FE8005341564543414C0000000000000000007A
:108FF800FFFFFFFFB96900085A45524F41444A0034
:109008000000000000000000FFFFFFFF155E0008E1
:109018005457470000000000000000000000000056
:10902800FFFFFFFF01580008524553455400000058
:109038000000000000000000FFFFFFFFC557000808
:109048005455415254000000000000000000000088
:10905800FFFFFFFF9D5700085453504900000000D0
:109068000000000000000000FFFFFFFFB15D0008E6
:1090780054414443000000000000000000000000CC
:10908800FFFFFFFF295C000854414343454C0000A3
:109098000000000000000000FFFFFFFFDD5B00088C
:1090A8005454454D5000000000000000000000002E
:1090B800FFFFFFFF915B0008544C4544000000008F
:1090C8000000000000000000FFFFFFFF89560008B5
:1090D80054445541525400000000000000000000B4
:1090E800FFFFFFFF555B00085445500000000000DB
:1090F8000000000000000000FFFFFFFF61560008AD
:10910800474554554152544D4F4E00000000000051
:10911800FFFFFFFF61590008534554554152544D14
:109128004F4E000000000000FFFFFFFF616B0008CA
:1091380044494E000000000000000000000000004C
:10914800FFFFFFFF09590008444F55540000000075
:109158000000000000000000FFFFFFFF3558000876
:1091680000000000000000000000000000000000F7
:1091780000000000000000005346530000000000FB
:109188000000000000000000FFFFFFFFFD64000872
:1091980053465000000000000000000000000000DE
:1091A800FFFFFFFF31640008534753000000000031
:1091B8000000000000000000FFFFFFFFD963000867
:1091C80053464700000000000000000000000000B7
:1091D800FFFFFFFF0D5A0008534741000000000041
:1091E8000000000000000000FFFFFFFFED5C00082A
:1091F8005347470000000000000000000000000086
:10920800FFFFFFFF456300084745545645520000DD
:109218000000000000000000FFFFFFFFA959000840
:10922800474554414443000000000000000000008E
:10923800FFFFFFFF0D61000853455443414C0000F8
:109248000000000000000000FFFFFFFF7D6600082F
:1092580047455443414C0000000000000000000056
:10926800FFFFFFFFE55F00085341564543414C00AF
:109278000000000000000000FFFFFFFFB9690008C0
:109288005A45524F41444A000000000000000000C7
:10929800FFFFFFFF155E000854574700000000005D
:1092A8000000000000000000FFFFFFFF0158000859
:1092B8005245534554000000000000000000000023
:1092C800FFFFFFFFC55700085455415254000000E6
:1092D8000000000000000000FFFFFFFF9D5700088E
:1092E8005453504900000000000000000000000036
:1092F800FFFFFFFFB15D0008544144430000000038
:109308000000000000000000FFFFFFFF295C0008CC
:1093180054414343454C0000000000000000000099
:10932800FFFFFFFFDD5B00085454454D500000006F
:109338000000000000000000FFFFFFFF915B000835
:10934800544C4544000000000000000000000000EC
:10935800FFFFFFFF8956000854445541525400004E
:109368000000000000000000FFFFFFFF555B000841
:1093780054455000000000000000000000000000FC
:10938800FFFFFFFF615600084F494E4600000000EE
:109398000000000000000000FFFFFFFF2756000844
:1093A80041494E4600000000000000000000000097
:1093B800FFFFFFFF495A0008534554485756455286
:1093C8000000000000000000FFFFFFFF916A000896
:1093D800474554554152544D4F4E0000000000007F
:1093E800FFFFFFFF61590008534554554152544D42
:1093F8004F4E000000000000FFFFFFFF616B0008F8
:1094080044494E0000000000000000000000000079
:10941800FFFFFFFF09590008444F555400000000A2
:109428000000000000000000FFFFFFFF35580008A3
:109438000000000000000000000000000000000024
:109448000000000000000000000000000000000014
:1094580001020304060708090000000001020304D2
:10946800302E302E300000002C25642C256400009E
:109478002C256400312E302E310000002C2573007D
:109488002C25732C257300006D3D0000494F54486E
:1094980055425F444155474854455200763D0000C7
:1094A800633D00004465632031322032303233009E
:1094B80031303A35323A3531000000002C25642C21
:1094C80025303278000000002C253034782C2530E7
:1094D80034782C253034782C253034782C253034C9
:1094E800782C253034782C253034782C2530347875
:1094F800000000002C206164633020253034782C73
:10950800206164633120253034782C206164633213
:1095180020253034782C206164633320253034785A
:109528002C206164633420253034782C20616463F6
:109538003520253034782C2061646336202530347A
:10954800782C2061646337202530347800000000CF
:109558004144430043414C005A45524F000000002B
:109568002C43414C000000002C5A45524F0000008B
:109578002C20616363656C5820253034782C206179
:109588006363656C5920253034782C2061636365EA
:109598006C5A20253034782C206779726F58202532
:1095A8003034782C206779726F5920253034782C24
:1095B800206779726F5A2025303478005B534753FF
:1095C8002C25642C25642C25640000007C25303271
:1095D800585D00002C2530386400000044454641A1
:1095E800554C54002C25642C257300002020202085
:1095F800202020202028282828282020202020203B
:10960800202020202020202020202020881010101A
:109618001010101010101010101010100404040472
:1096280004040404040410101010101010414141E7
:109638004141410101010101010101010101010152
:1096480001010101010101101010101010424242E5
:109658004242420202020202020202020202020222
:109668000202020202020210101010200000000084
:1096780000000000000000000000000000000000E2
:1096880000000000000000000000000000000000D2
:1096980000000000000000000000000000000000C2
:1096A80000000000000000000000000000000000B2
:1096B80000000000000000000000000000000000A2
:1096C8000000000000000000000000000000000092
:1096D8000000000000000000000000000000000082
:1096E800000000000000000000000000232D302BC7
:1096F8002000686C4C00656667454647003031328B
:1097080033343536373839414243444546003031E1
:109718003233343536373839616263646566000040
:08972800886CFF7F01000000C6
:04973000F501000837
:04973400D101000857
:109738000100000010000000010000000024F400F7
:1097480000000000C83E0220303F0220983F02205F
:109758000000000000000000000000000000000001
:1097680000000000000000000000000000000000F1
:1097780000000000000000000000000000000000E1
:1097880000000000000000000000000010000020A1
:0400000508007F0D63
:00000001FF
